;FLAVOR:Marlin
;TIME:1505
;Filament used: 2.91324m
;Layer height: 0.3
;MINX:0
;MINY:0
;MINZ:0.15
;MAXX:83.988
;MAXY:122.8
;MAXZ:16.56
;TARGET_MACHINE.NAME:Printrbot Simple
;Generated with Cura_SteamEngine 5.12.0
M140 S60
M105
M190 S60


M106
M109 S245.0
G21;
G90;
M82;
G28
G90
G1 Z3 F195;

G1 Z5.0

G28 X0 Y0 ;move X/Y to min endstops
G29
M109 S245.0
G92 E0.0 ; reset extruder distance position
G1 Z0.4 F200.0

G91          ;relative positioning
G1 Y-160 X30 F500 ;move Z up a bit and retract filament even more
G90
G1 X-20.0 E20 F220.0 ; intro line
G92 E0.0 ; reset extruder distance position
M82 ;absolute extrusion mode
G92 E0
M106
M109 S245.0
G21;
G90;
M82;
G28
G90
G1 Z3 F195;

G1 Z5.0

G28 X0 Y0 ;move X/Y to min endstops
G29
M109 S245.0
G92 E0.0 ; reset extruder distance position
G1 Z0.8 F200.0
G1 Y-2.0 F500.0 ; go outside print area
G1 X-20.0 E20 F200.0 ; intro line
G92 E0.0 ; reset extruder distance position
G92 E0
G1 F2400 E-6.5
;LAYER_COUNT:52
;LAYER:0
M107
G1 F1200 Z0.75
G0 F5100 X58.577 Y30.23
;TYPE:SKIRT
G1 F1200 Z0.15
G1 F2400 E0.21619
G1 F3000 X59.445 Y28.961 E0.27947
G1 X60.584 Y28.078 E0.33879
G1 X61.876 Y27.427 E0.39834
G1 X63.315 Y27.2 E0.4583
G1 X70.187 Y27.2 E0.74115
G1 X70.916 Y27.282 E0.77134
G1 X71.471 Y27.2 E0.79443
G1 X78.777 Y27.2 E1.09514
G1 X80.083 Y27.501 E1.15031
G1 X80.957 Y27.867 E1.18931
G1 X82.226 Y28.735 E1.25259
G1 X83.109 Y29.874 E1.3119
G1 X83.76 Y31.166 E1.37145
G1 X83.987 Y32.605 E1.43141
G1 X83.988 Y117.518 E4.92638
G1 X83.683 Y118.971 E4.98749
G1 X83.139 Y120.054 E5.03737
G1 X82.678 Y120.731 E5.07109
G1 X81.721 Y121.668 E5.12621
G1 X80.404 Y122.427 E5.18878
G1 X78.743 Y122.8 E5.25884
G1 X71.403 Y122.8 E5.56095
G1 X70.931 Y122.725 E5.58063
G1 X70.381 Y122.8 E5.60347
G1 X63.083 Y122.8 E5.90385
G1 X61.826 Y122.49 E5.95714
G1 X60.939 Y122.133 E5.9965
G1 X59.661 Y121.258 E6.06025
G1 X58.791 Y120.133 E6.11878
G1 X58.137 Y118.832 E6.17871
G1 X57.91 Y117.395 E6.23859
G1 X57.91 Y32.41 E9.73653
G1 X58.211 Y31.104 E9.79169
G1 X58.577 Y30.23 E9.83069
G0 F5100 X59.106 Y30.519
G1 F3000 X59.887 Y29.378 E9.8876
G1 X60.906 Y28.588 E9.94067
G1 X62.062 Y28.005 E9.99396
G1 X63.364 Y27.8 E10.04821
G1 X70.187 Y27.8 E10.32904
G1 X70.927 Y27.888 E10.35971
G1 X71.471 Y27.8 E10.38239
G1 X78.707 Y27.8 E10.68022
G1 X79.902 Y28.075 E10.7307
G1 X80.668 Y28.396 E10.76488
G1 X81.809 Y29.177 E10.82179
G1 X82.599 Y30.196 E10.87486
G1 X83.182 Y31.352 E10.92815
G1 X83.387 Y32.654 E10.9824
G1 X83.388 Y117.457 E14.47284
G1 X83.112 Y118.772 E14.52814
G1 X82.643 Y119.716 E14.57153
G1 X82.216 Y120.343 E14.60275
G1 X81.355 Y121.186 E14.65235
G1 X80.182 Y121.862 E14.70807
G1 X78.678 Y122.2 E14.77152
G1 X71.453 Y122.2 E15.0689
G1 X70.934 Y122.118 E15.09052
G1 X70.381 Y122.2 E15.11353
G1 X63.158 Y122.2 E15.41083
G1 X61.97 Y121.907 E15.46119
G1 X61.224 Y121.601 E15.49438
G1 X60.079 Y120.817 E15.5515
G1 X59.301 Y119.811 E15.60384
G1 X58.715 Y118.646 E15.65751
G1 X58.51 Y117.346 E15.71168
G1 X58.51 Y32.48 E19.20472
G1 X58.785 Y31.285 E19.25519
G1 X59.106 Y30.519 E19.28937
G0 F5100 X59.636 Y30.806
G1 F3000 X60.33 Y29.793 E19.33991
G1 X61.225 Y29.1 E19.3865
G1 X62.248 Y28.584 E19.43366
G1 X63.414 Y28.4 E19.48225
G1 X70.187 Y28.4 E19.76102
G1 X70.938 Y28.494 E19.79217
G1 X71.518 Y28.4 E19.81636
G1 X78.637 Y28.4 E20.10937
G1 X79.718 Y28.649 E20.15503
G1 X80.381 Y28.926 E20.1846
G1 X81.394 Y29.62 E20.23515
G1 X82.087 Y30.515 E20.28174
G1 X82.603 Y31.538 E20.32889
G1 X82.787 Y32.704 E20.37748
G1 X82.788 Y117.396 E23.86335
G1 X82.541 Y118.572 E23.91281
G1 X82.147 Y119.378 E23.94974
G1 X81.754 Y119.955 E23.97847
G1 X80.989 Y120.704 E24.02254
G1 X79.959 Y121.298 E24.07148
G1 X78.614 Y121.6 E24.12822
G1 X71.503 Y121.6 E24.4209
G1 X70.935 Y121.51 E24.44457
G1 X70.381 Y121.6 E24.46767
G1 X63.233 Y121.6 E24.76188
G1 X62.114 Y121.324 E24.80932
G1 X61.512 Y121.071 E24.83619
G1 X60.497 Y120.376 E24.88683
G1 X59.811 Y119.489 E24.93298
G1 X59.294 Y118.461 E24.98034
G1 X59.11 Y117.296 E25.02889
G1 X59.11 Y32.55 E28.51698
G1 X59.359 Y31.469 E28.56264
G1 X59.636 Y30.806 E28.59222
G0 F5100 X60.167 Y31.093
G1 F3000 X60.773 Y30.208 E28.63636
G1 X61.544 Y29.611 E28.6765
G1 X62.434 Y29.162 E28.71753
G1 X63.463 Y29 E28.7604
G1 X70.187 Y29 E29.03716
G1 X70.945 Y29.1 E29.06863
G1 X71.565 Y29 E29.09448
G1 X78.567 Y29 E29.38267
G1 X79.534 Y29.223 E29.42352
G1 X80.094 Y29.457 E29.4485
G1 X80.979 Y30.063 E29.49265
G1 X81.576 Y30.834 E29.53278
G1 X82.025 Y31.724 E29.57381
G1 X82.187 Y32.753 E29.61669
G1 X82.188 Y117.335 E33.09803
G1 X81.97 Y118.374 E33.14173
G1 X81.608 Y119.114 E33.17564
G1 X81.294 Y119.565 E33.19825
G1 X80.623 Y120.222 E33.23691
G1 X79.736 Y120.734 E33.27906
G1 X78.55 Y121 E33.32909
G1 X71.503 Y121 E33.61914
G1 X70.939 Y120.902 E33.6427
G1 X70.334 Y121 E33.66793
G1 X63.308 Y121 E33.95711
G1 X62.258 Y120.741 E34.00163
G1 X61.8 Y120.541 E34.0222
G1 X60.915 Y119.935 E34.06634
G1 X60.321 Y119.167 E34.10631
G1 X59.872 Y118.275 E34.14741
G1 X59.71 Y117.247 E34.19024
G1 X59.71 Y32.62 E37.67344
G1 X59.933 Y31.653 E37.71429
G1 X60.167 Y31.093 E37.73927
G0 F5100 X60.662 Y31.432
G1 F3000 X61.215 Y30.625 E37.77953
G1 X61.865 Y30.121 E37.81339
G1 X62.62 Y29.741 E37.84818
G1 X63.513 Y29.6 E37.88539
G1 X70.187 Y29.6 E38.16008
G1 X70.951 Y29.707 E38.19184
G1 X71.611 Y29.6 E38.21936
G1 X78.497 Y29.6 E38.50278
G1 X79.399 Y29.808 E38.54088
G1 X79.755 Y29.952 E38.55669
G1 X80.562 Y30.505 E38.59695
G1 X81.066 Y31.155 E38.63081
G1 X81.446 Y31.91 E38.6656
G1 X81.587 Y32.803 E38.70281
G1 X81.588 Y117.274 E42.17958
G1 X81.399 Y118.176 E42.21752
G1 X81.069 Y118.85 E42.2484
G1 X80.874 Y119.136 E42.26265
G1 X80.257 Y119.74 E42.29819
G1 X79.513 Y120.169 E42.33354
G1 X78.485 Y120.4 E42.37691
G1 X71.554 Y120.4 E42.66218
G1 X70.943 Y120.294 E42.68771
G1 X70.287 Y120.4 E42.71506
G1 X63.379 Y120.4 E42.99939
G1 X62.483 Y120.185 E43.03731
G1 X62.139 Y120.046 E43.05258
G1 X61.333 Y119.494 E43.09279
G1 X60.831 Y118.845 E43.12656
G1 X60.451 Y118.09 E43.16135
G1 X60.31 Y117.197 E43.19856
G1 X60.31 Y32.69 E46.67682
G1 X60.518 Y31.788 E46.71492
G1 X60.662 Y31.432 E46.73073
G0 F5100 X61.193 Y31.719
G1 F3000 X61.103 Y31.923 E46.7399
G1 X60.91 Y32.76 E46.77526
G1 X60.91 Y117.148 E50.24862
G1 X61.029 Y117.904 E50.28012
G1 X61.341 Y118.523 E50.30865
G1 X61.751 Y119.053 E50.33623
G1 X62.424 Y119.514 E50.36981
G1 X62.623 Y119.602 E50.37876
G1 X63.448 Y119.8 E50.41368
G1 X70.237 Y119.8 E50.69311
G1 X70.815 Y119.709 E50.7172
G1 X70.949 Y119.671 E50.72293
G1 X71.095 Y119.714 E50.72919
G1 X71.607 Y119.8 E50.75056
G1 X78.421 Y119.8 E51.03102
G1 X79.29 Y119.605 E51.06768
G1 X79.894 Y119.257 E51.09637
G1 X80.411 Y118.75 E51.12618
G1 X80.53 Y118.586 E51.13452
G1 X80.828 Y117.978 E51.16239
G1 X80.988 Y117.213 E51.19455
G1 X80.987 Y32.852 E54.6668
G1 X80.868 Y32.096 E54.6983
G1 X80.556 Y31.477 E54.72683
G1 X80.145 Y30.947 E54.75444
G1 X79.468 Y30.483 E54.78822
G1 X79.264 Y30.393 E54.7974
G1 X78.427 Y30.2 E54.83275
G1 X71.661 Y30.2 E55.11124
G1 X71.083 Y30.291 E55.13532
G1 X70.947 Y30.329 E55.14113
G1 X70.793 Y30.285 E55.14772
G1 X70.187 Y30.2 E55.17291
G1 X63.562 Y30.2 E55.44559
G1 X62.806 Y30.319 E55.47709
G1 X62.187 Y30.631 E55.50562
G1 X61.657 Y31.042 E55.53323
G1 X61.193 Y31.719 E55.56701
G0 F5100 X61.688 Y32.058
G1 F3000 X62.099 Y31.458 E55.59694
G1 X62.457 Y31.167 E55.61593
G1 X62.992 Y30.897 E55.6406
G1 X63.61 Y30.8 E55.66635
G1 X70.187 Y30.8 E55.93705
G1 X70.703 Y30.878 E55.95853
G1 X70.948 Y30.969 E55.96929
G1 X71.176 Y30.884 E55.9793
G1 X71.71 Y30.8 E56.00155
G1 X78.357 Y30.8 E56.27514
G1 X79.129 Y30.978 E56.30775
G1 X79.729 Y31.389 E56.33768
G1 X80.02 Y31.747 E56.35667
G1 X80.29 Y32.282 E56.38134
G1 X80.387 Y32.9 E56.40708
G1 X80.388 Y117.152 E59.87485
G1 X80.257 Y117.78 E59.90125
G1 X79.991 Y118.322 E59.9261
G1 X79.531 Y118.773 E59.95262
G1 X79.074 Y119.039 E59.97438
G1 X78.357 Y119.2 E60.00463
G1 X71.658 Y119.2 E60.28036
G1 X71.194 Y119.122 E60.29972
G1 X70.95 Y119.032 E60.31043
G1 X70.722 Y119.116 E60.32043
G1 X70.188 Y119.2 E60.34268
G1 X63.517 Y119.2 E60.61725
G1 X62.763 Y119.019 E60.64917
G1 X62.168 Y118.611 E60.67886
G1 X61.877 Y118.253 E60.69785
G1 X61.607 Y117.718 E60.72252
G1 X61.51 Y117.1 E60.74826
G1 X61.51 Y32.83 E64.21677
G1 X61.688 Y32.058 E64.24938
G0 F5100 X62.248 Y32.302
G1 F3000 X62.497 Y31.907 E64.26859
G1 X62.727 Y31.703 E64.28125
G1 X63.179 Y31.475 E64.30209
G1 X63.61 Y31.4 E64.32009
G1 X70.187 Y31.4 E64.5908
G1 X70.603 Y31.47 E64.60816
G1 X70.949 Y31.631 E64.62387
G1 X71.279 Y31.475 E64.63889
G1 X71.71 Y31.4 E64.6569
G1 X78.287 Y31.4 E64.9276
G1 X78.885 Y31.538 E64.95286
G1 X79.28 Y31.787 E64.97208
G1 X79.484 Y32.017 E64.98474
G1 X79.712 Y32.469 E65.00557
G1 X79.787 Y32.9 E65.02358
G1 X79.788 Y117.1 E68.4892
G1 X79.718 Y117.516 E68.50656
G1 X79.498 Y117.965 E68.52714
G1 X79.111 Y118.344 E68.54944
G1 X78.869 Y118.47 E68.56067
G1 X78.288 Y118.6 E68.58517
G1 X71.71 Y118.6 E68.85592
G1 X71.294 Y118.53 E68.87328
G1 X70.949 Y118.369 E68.88895
G1 X70.619 Y118.525 E68.90398
G1 X70.188 Y118.6 E68.92198
G1 X63.586 Y118.6 E69.19372
G1 X63.012 Y118.462 E69.21802
G1 X62.617 Y118.213 E69.23724
G1 X62.413 Y117.983 E69.24989
G1 X62.185 Y117.531 E69.27073
G1 X62.11 Y117.1 E69.28873
G1 X62.11 Y32.9 E72.75436
G1 X62.248 Y32.302 E72.77962
G0 F5100 X63.349 Y32.751
G1 F3000 X63.31 Y32.9 E72.78596
G1 X63.31 Y117.1 E76.25158
G1 X63.352 Y117.253 E76.25811
G1 X63.461 Y117.361 E76.26442
G1 X63.61 Y117.4 E76.27076
G1 X70.188 Y117.4 E76.54151
G1 X70.341 Y117.358 E76.54804
G1 X70.449 Y117.248 E76.55439
G1 X70.488 Y117.1 E76.56069
G1 X70.487 Y32.9 E80.02631
G1 X70.445 Y32.747 E80.03284
G1 X70.336 Y32.639 E80.03915
G1 X70.187 Y32.6 E80.04549
G1 X63.61 Y32.6 E80.3162
G1 X63.457 Y32.642 E80.32273
G1 X63.349 Y32.751 E80.32905
G1 F2400 E73.82905
G1 F1200 Z0.75
G0 F5100 X71.41 Y32.9
G1 F1200 Z0.15
G1 F2400 E80.54524
G1 F3000 X71.449 Y32.751 E80.55158
G1 X71.557 Y32.642 E80.55789
G1 X71.71 Y32.6 E80.56442
G1 X78.287 Y32.6 E80.83513
G1 X78.436 Y32.639 E80.84147
G1 X78.545 Y32.747 E80.84778
G1 X78.587 Y32.9 E80.85431
G1 X78.588 Y117.1 E84.31994
G1 X78.549 Y117.248 E84.32623
G1 X78.441 Y117.358 E84.33258
G1 X78.288 Y117.4 E84.33911
G1 X71.71 Y117.4 E84.60986
G1 X71.561 Y117.361 E84.6162
G1 X71.452 Y117.253 E84.62251
G1 X71.41 Y117.1 E84.62904
G1 X71.41 Y32.9 E88.09467
G0 F5100 X70.949 Y32.46
G1 F3000 X71.131 Y32.22 E88.10706
G1 X71.398 Y32.063 E88.11981
G1 X71.71 Y32 E88.13291
G1 X78.287 Y32 E88.40362
G1 X78.588 Y32.059 E88.41624
G1 X78.858 Y32.213 E88.42904
G1 X78.967 Y32.321 E88.43535
G1 X79.124 Y32.588 E88.4481
G1 X79.187 Y32.9 E88.4612
G1 X79.188 Y117.1 E91.92682
G1 X79.129 Y117.401 E91.93945
G1 X78.977 Y117.668 E91.95209
G1 X78.72 Y117.889 E91.96605
G1 X78.288 Y118 E91.9844
G1 X71.71 Y118 E92.25515
G1 X71.409 Y117.941 E92.26778
G1 X71.139 Y117.787 E92.28057
G1 X70.949 Y117.541 E92.29336
G1 X70.769 Y117.778 E92.30561
G1 X70.5 Y117.937 E92.31847
G1 X70.188 Y118 E92.33157
G1 X63.586 Y118 E92.60331
G1 X63.309 Y117.941 E92.61497
G1 X63.039 Y117.787 E92.62776
G1 X62.93 Y117.679 E92.63407
G1 X62.773 Y117.412 E92.64682
G1 X62.71 Y117.1 E92.65992
G1 X62.71 Y32.9 E96.12555
G1 X62.769 Y32.599 E96.13817
G1 X62.923 Y32.329 E96.15097
G1 X63.031 Y32.22 E96.15728
G1 X63.298 Y32.063 E96.17003
G1 X63.61 Y32 E96.18313
G1 X70.187 Y32 E96.45384
G1 X70.488 Y32.059 E96.46646
G1 X70.758 Y32.213 E96.47925
G1 X70.949 Y32.46 E96.49211
G1 F2400 E89.99211
G1 F1200 Z0.75
;MESH:guia de montagem rolamento Y.stl(1)
G0 F5100 X69.288 Y116.2
;TYPE:WALL-INNER
G1 F1200 Z0.15
G1 F2400 E96.7083
G1 F1200 X69.284 Y33.8 E99.76068
G1 X64.508 Y33.8 E99.9376
G1 X64.508 Y116.2 E102.98998
G1 X68.682 Y116.2 E103.1446
G0 F1080 X69.288 Y116.2
G0 F5100 X69.788 Y116.7
;TYPE:WALL-OUTER
G1 F1200 X69.784 Y33.3 E106.06239
G1 X64.008 Y33.3 E106.26447
G1 X64.008 Y116.7 E109.18226
G1 X69.146 Y116.7 E109.36201
G0 F1080 X69.788 Y116.7
G0 F5100 X69.788 Y116.6
G1 F2400 E102.86201
G1 F1200 Z0.75
G0 F5100 X65.018 Y115.69
;TYPE:SKIN
G1 F1200 Z0.15
G1 F2400 E109.57821
G1 F1200 X66.476 Y115.69 E109.63222
G1 X65.018 Y114.232 E109.7086
G1 X65.018 Y113.384 E109.74001
G1 X67.324 Y115.69 E109.86081
G1 X68.173 Y115.69 E109.89226
G1 X65.018 Y112.535 E110.05755
G1 X65.018 Y111.687 E110.08896
G1 X68.778 Y115.447 E110.28594
G1 X68.778 Y114.599 E110.31735
G1 X65.018 Y110.838 E110.51435
G1 X65.018 Y109.99 E110.54576
G1 X68.778 Y113.75 E110.74274
G1 X68.778 Y112.902 E110.77415
G1 X65.018 Y109.141 E110.97116
G1 X65.018 Y108.293 E111.00257
G1 X68.778 Y112.053 E111.19955
G1 X68.778 Y111.205 E111.23096
G1 X65.018 Y107.444 E111.42796
G1 X65.018 Y106.596 E111.45937
G1 X68.778 Y110.356 E111.65635
G1 X68.778 Y109.508 E111.68776
G1 X65.018 Y105.747 E111.88477
G1 X65.018 Y104.899 E111.91618
G1 X68.778 Y108.659 E112.11316
G1 X68.778 Y107.81 E112.14461
G1 X65.018 Y104.05 E112.34158
G1 X65.018 Y103.202 E112.373
G1 X68.778 Y106.962 E112.56997
G1 X68.778 Y106.113 E112.60142
G1 X65.018 Y102.353 E112.7984
G1 X65.018 Y101.504 E112.82985
G1 X68.778 Y105.265 E113.02685
G1 X68.778 Y104.416 E113.0583
G1 X65.018 Y100.656 E113.25528
G1 X65.018 Y99.807 E113.28673
G1 X68.778 Y103.568 E113.48373
G1 X68.778 Y102.719 E113.51518
G1 X65.018 Y98.959 E113.71216
G1 X65.018 Y98.11 E113.74361
G1 X68.777 Y101.87 E113.94056
G1 X68.777 Y101.022 E113.97197
G1 X65.018 Y97.262 E114.16892
G1 X65.018 Y96.413 E114.20037
G1 X68.777 Y100.173 E114.39732
G1 X68.777 Y99.324 E114.42877
G1 X65.018 Y95.565 E114.62569
G1 X65.018 Y94.716 E114.65714
G1 X68.777 Y98.476 E114.85409
G1 X68.777 Y97.627 E114.88554
G1 X65.018 Y93.868 E115.08247
G1 X65.018 Y93.019 E115.11392
G1 X68.777 Y96.779 E115.31087
G1 X68.777 Y95.93 E115.34232
G1 X65.018 Y92.171 E115.53924
G1 X65.018 Y91.322 E115.57069
G1 X68.777 Y95.082 E115.76764
G1 X68.777 Y94.233 E115.79909
G1 X65.018 Y90.474 E115.99602
G1 X65.018 Y89.625 E116.02747
G1 X68.777 Y93.385 E116.22442
G1 X68.777 Y92.536 E116.25587
G1 X65.018 Y88.777 E116.45279
G1 X65.018 Y87.928 E116.48424
G1 X68.777 Y91.688 E116.68119
G1 X68.777 Y90.839 E116.71264
G1 X65.018 Y87.079 E116.90959
G1 X65.018 Y86.231 E116.94101
G1 X68.777 Y89.991 E117.13796
G1 X68.777 Y89.142 E117.16941
G1 X65.018 Y85.382 E117.36636
G1 X65.018 Y84.534 E117.39777
G1 X68.777 Y88.293 E117.59469
G1 X68.777 Y87.444 E117.62614
G1 X65.018 Y83.685 E117.82307
G1 X65.018 Y82.837 E117.85448
G1 X68.777 Y86.596 E118.0514
G1 X68.777 Y85.747 E118.08285
G1 X65.018 Y81.988 E118.27978
G1 X65.018 Y81.14 E118.31119
G1 X68.777 Y84.899 E118.50812
G1 X68.777 Y84.05 E118.53957
G1 X65.018 Y80.291 E118.73649
G1 X65.018 Y79.443 E118.7679
G1 X68.777 Y83.202 E118.96483
G1 X68.777 Y82.353 E118.99628
G1 X65.018 Y78.594 E119.1932
G1 X65.018 Y77.746 E119.22461
G1 X68.777 Y81.505 E119.42154
G1 X68.777 Y80.656 E119.45299
G1 X65.018 Y76.897 E119.64991
G1 X65.018 Y76.049 E119.68132
G1 X68.777 Y79.808 E119.87825
G1 X68.777 Y78.959 E119.9097
G1 X65.018 Y75.2 E120.10662
G1 X65.018 Y74.352 E120.13804
G1 X68.777 Y78.111 E120.33496
G1 X68.777 Y77.262 E120.36641
G1 X65.018 Y73.503 E120.56333
G1 X65.018 Y72.655 E120.59475
G1 X68.777 Y76.413 E120.79165
G1 X68.777 Y75.565 E120.82306
G1 X65.018 Y71.806 E121.01998
G1 X65.018 Y70.957 E121.05143
G1 X68.776 Y74.716 E121.24833
G1 X68.776 Y73.867 E121.27978
G1 X65.018 Y70.109 E121.47665
G1 X65.018 Y69.26 E121.5081
G1 X68.776 Y73.019 E121.705
G1 X68.776 Y72.17 E121.73645
G1 X65.018 Y68.412 E121.93332
G1 X65.018 Y67.563 E121.96477
G1 X68.776 Y71.322 E122.16167
G1 X68.776 Y70.473 E122.19312
G1 X65.018 Y66.715 E122.38999
G1 X65.018 Y65.866 E122.42144
G1 X68.776 Y69.625 E122.61834
G1 X68.776 Y68.776 E122.64979
G1 X65.018 Y65.018 E122.84666
G1 X65.018 Y64.169 E122.87811
G1 X68.776 Y67.928 E123.07501
G1 X68.776 Y67.079 E123.10646
G1 X65.018 Y63.321 E123.30333
G1 X65.018 Y62.472 E123.33478
G1 X68.776 Y66.23 E123.53165
G1 X68.776 Y65.382 E123.56306
G1 X65.018 Y61.624 E123.75994
G1 X65.018 Y60.775 E123.79139
G1 X68.776 Y64.533 E123.98826
G1 X68.776 Y63.685 E124.01967
G1 X65.018 Y59.927 E124.21654
G1 X65.018 Y59.078 E124.24799
G1 X68.776 Y62.836 E124.44486
G1 X68.776 Y61.988 E124.47628
G1 X65.018 Y58.23 E124.67315
G1 X65.018 Y57.381 E124.7046
G1 X68.775 Y61.139 E124.90144
G1 X68.775 Y60.29 E124.93289
G1 X65.018 Y56.532 E125.12974
G1 X65.018 Y55.684 E125.16115
G1 X68.775 Y59.442 E125.358
G1 X68.775 Y58.593 E125.38945
G1 X65.018 Y54.835 E125.58629
G1 X65.018 Y53.987 E125.61771
G1 X68.775 Y57.744 E125.81453
G1 X68.775 Y56.896 E125.84594
G1 X65.018 Y53.138 E126.04278
G1 X65.018 Y52.29 E126.0742
G1 X68.775 Y56.047 E126.27102
G1 X68.775 Y55.199 E126.30243
G1 X65.018 Y51.441 E126.49928
G1 X65.018 Y50.593 E126.53069
G1 X68.775 Y54.35 E126.72751
G1 X68.775 Y53.502 E126.75892
G1 X65.018 Y49.744 E126.95577
G1 X65.018 Y48.896 E126.98718
G1 X68.775 Y52.653 E127.184
G1 X68.775 Y51.805 E127.21541
G1 X65.018 Y48.047 E127.41226
G1 X65.018 Y47.199 E127.44367
G1 X68.775 Y50.956 E127.64049
G1 X68.775 Y50.108 E127.6719
G1 X65.018 Y46.35 E127.86875
G1 X65.018 Y45.502 E127.90016
G1 X68.775 Y49.259 E128.09698
G1 X68.775 Y48.411 E128.12839
G1 X65.018 Y44.653 E128.32524
G1 X65.018 Y43.805 E128.35665
G1 X68.775 Y47.561 E128.55344
G1 X68.775 Y46.713 E128.58486
G1 X65.018 Y42.956 E128.78168
G1 X65.018 Y42.108 E128.81309
G1 X68.775 Y45.864 E129.00988
G1 X68.775 Y45.016 E129.0413
G1 X65.018 Y41.259 E129.23812
G1 X65.018 Y40.41 E129.26957
G1 X68.775 Y44.167 E129.46638
G1 X68.775 Y43.319 E129.4978
G1 X65.018 Y39.562 E129.69462
G1 X65.018 Y38.713 E129.72607
G1 X68.775 Y42.47 E129.92289
G1 X68.775 Y41.622 E129.9543
G1 X65.018 Y37.865 E130.15112
G1 X65.018 Y37.016 E130.18257
G1 X68.775 Y40.773 E130.37939
G1 X68.775 Y39.925 E130.4108
G1 X65.018 Y36.168 E130.60762
G1 X65.018 Y35.319 E130.63907
G1 X68.775 Y39.076 E130.83589
G1 X68.775 Y38.228 E130.8673
G1 X65.018 Y34.471 E131.06412
G1 X65.018 Y34.31 E131.07009
G1 X65.706 Y34.31 E131.09557
G1 X68.775 Y37.379 E131.25635
G1 X68.775 Y36.531 E131.28776
G1 X66.554 Y34.31 E131.40411
G1 X67.403 Y34.31 E131.43556
G1 X68.775 Y35.682 E131.50744
G1 X68.775 Y34.833 E131.53889
G1 X68.251 Y34.31 E131.56631
G1 X68.774 Y34.31 E131.58569
G1 F2400 E125.08569
G1 F1200 Z0.75
G0 F5100 X65.018 Y115.081
G1 F1200 Z0.15
G1 F2400 E131.80188
G1 F1200 X65.627 Y115.69 E131.83378
G1 F2400 E125.33378
G1 F1200 Z0.75
;MESH:guia de montagem rolamento Y.stl
G0 F5100 X77.388 Y116.2
;TYPE:WALL-INNER
G1 F1200 Z0.15
G1 F2400 E132.04997
G1 F1200 X77.384 Y33.8 E135.10236
G1 X72.608 Y33.8 E135.27928
G1 X72.608 Y116.2 E138.33166
G1 X76.782 Y116.2 E138.48628
G0 F1080 X77.388 Y116.2
G0 F5100 X77.888 Y116.7
;TYPE:WALL-OUTER
G1 F1200 X77.884 Y33.3 E141.40407
G1 X72.108 Y33.3 E141.60614
G1 X72.108 Y116.7 E144.52394
G1 X77.246 Y116.7 E144.70369
G0 F1080 X77.888 Y116.7
G0 F5100 X77.888 Y116.6
G1 F2400 E138.20369
G1 F1200 Z0.75
G0 F5100 X73.263 Y115.69
;TYPE:SKIN
G1 F1200 Z0.15
G1 F2400 E144.91988
G1 F1200 X73.118 Y115.544 E144.9275
G1 X73.118 Y114.696 E144.95892
G1 X74.112 Y115.69 E145.01099
G1 X74.96 Y115.69 E145.0424
G1 X73.118 Y113.847 E145.13893
G1 X73.118 Y112.998 E145.17038
G1 X75.809 Y115.69 E145.31138
G1 X76.657 Y115.69 E145.34279
G1 X73.118 Y112.15 E145.52822
G1 X73.118 Y111.301 E145.55967
G1 X76.878 Y115.062 E145.75667
G1 X76.878 Y114.213 E145.78812
G1 X73.118 Y110.453 E145.98509
G1 X73.118 Y109.604 E146.01654
G1 X76.878 Y113.365 E146.21355
G1 X76.878 Y112.516 E146.245
G1 X73.118 Y108.756 E146.44197
G1 X73.118 Y107.907 E146.47342
G1 X76.878 Y111.668 E146.67043
G1 X76.878 Y110.819 E146.70188
G1 X73.118 Y107.059 E146.89885
G1 X73.118 Y106.21 E146.9303
G1 X76.878 Y109.971 E147.12731
G1 X76.878 Y109.122 E147.15876
G1 X73.118 Y105.362 E147.35573
G1 X73.118 Y104.513 E147.38718
G1 X76.878 Y108.274 E147.58418
G1 X76.878 Y107.425 E147.61563
G1 X73.118 Y103.665 E147.81261
G1 X73.118 Y102.816 E147.84406
G1 X76.878 Y106.577 E148.04106
G1 X76.878 Y105.728 E148.07251
G1 X73.118 Y101.968 E148.26949
G1 X73.118 Y101.119 E148.30094
G1 X76.878 Y104.879 E148.49792
G1 X76.878 Y104.031 E148.52933
G1 X73.118 Y100.271 E148.72631
G1 X73.118 Y99.422 E148.75776
G1 X76.878 Y103.182 E148.95473
G1 X76.878 Y102.334 E148.98615
G1 X73.118 Y98.574 E149.18312
G1 X73.118 Y97.725 E149.21457
G1 X76.877 Y101.485 E149.41152
G1 X76.877 Y100.636 E149.44297
G1 X73.118 Y96.876 E149.63992
G1 X73.118 Y96.028 E149.67134
G1 X76.877 Y99.788 E149.86829
G1 X76.877 Y98.939 E149.89974
G1 X73.118 Y95.179 E150.09669
G1 X73.118 Y94.331 E150.1281
G1 X76.877 Y98.091 E150.32505
G1 X76.877 Y97.242 E150.3565
G1 X73.118 Y93.482 E150.55345
G1 X73.118 Y92.634 E150.58486
G1 X76.877 Y96.394 E150.78181
G1 X76.877 Y95.545 E150.81326
G1 X73.118 Y91.785 E151.01021
G1 X73.118 Y90.937 E151.04163
G1 X76.877 Y94.696 E151.23855
G1 X76.877 Y93.848 E151.26996
G1 X73.118 Y90.088 E151.46691
G1 X73.118 Y89.24 E151.49833
G1 X76.877 Y92.999 E151.69525
G1 X76.877 Y92.151 E151.72666
G1 X73.118 Y88.391 E151.92361
G1 X73.118 Y87.543 E151.95503
G1 X76.877 Y91.302 E152.15195
G1 X76.877 Y90.454 E152.18336
G1 X73.118 Y86.694 E152.38031
G1 X73.118 Y85.846 E152.41173
G1 X76.877 Y89.605 E152.60865
G1 X76.877 Y88.757 E152.64006
G1 X73.118 Y84.997 E152.83701
G1 X73.118 Y84.149 E152.86843
G1 X76.877 Y87.908 E153.06535
G1 X76.877 Y87.059 E153.0968
G1 X73.118 Y83.3 E153.29373
G1 X73.118 Y82.451 E153.32518
G1 X76.877 Y86.21 E153.5221
G1 X76.877 Y85.362 E153.55351
G1 X73.118 Y81.603 E153.75044
G1 X73.118 Y80.754 E153.78189
G1 X76.877 Y84.513 E153.97881
G1 X76.877 Y83.665 E154.01022
G1 X73.118 Y79.906 E154.20715
G1 X73.118 Y79.057 E154.2386
G1 X76.877 Y82.816 E154.43552
G1 X76.877 Y81.968 E154.46694
G1 X73.118 Y78.209 E154.66386
G1 X73.118 Y77.36 E154.69531
G1 X76.877 Y81.119 E154.89223
G1 X76.877 Y80.271 E154.92365
G1 X73.118 Y76.512 E155.12057
G1 X73.118 Y75.663 E155.15202
G1 X76.877 Y79.422 E155.34894
G1 X76.877 Y78.574 E155.38036
G1 X73.118 Y74.815 E155.57728
G1 X73.118 Y73.966 E155.60873
G1 X76.877 Y77.725 E155.80566
G1 X76.877 Y76.877 E155.83707
G1 X73.118 Y73.118 E156.03399
G1 X73.118 Y72.269 E156.06544
G1 X76.877 Y76.028 E156.26237
G1 X76.877 Y75.18 E156.29378
G1 X73.118 Y71.421 E156.4907
G1 X73.118 Y70.572 E156.52215
G1 X76.876 Y74.33 E156.71903
G1 X76.876 Y73.482 E156.75044
G1 X73.118 Y69.724 E156.94731
G1 X73.118 Y68.875 E156.97876
G1 X76.876 Y72.633 E157.17563
G1 X76.876 Y71.785 E157.20704
G1 X73.118 Y68.027 E157.40392
G1 X73.118 Y67.178 E157.43537
G1 X76.876 Y70.936 E157.63224
G1 X76.876 Y70.088 E157.66365
G1 X73.118 Y66.329 E157.86055
G1 X73.118 Y65.481 E157.89196
G1 X76.876 Y69.239 E158.08883
G1 X76.876 Y68.391 E158.12025
G1 X73.118 Y64.632 E158.31714
G1 X73.118 Y63.784 E158.34856
G1 X76.876 Y67.542 E158.54543
G1 X76.876 Y66.694 E158.57684
G1 X73.118 Y62.935 E158.77374
G1 X73.118 Y62.087 E158.80515
G1 X76.876 Y65.845 E159.00202
G1 X76.876 Y64.997 E159.03344
G1 X73.118 Y61.238 E159.23034
G1 X73.118 Y60.39 E159.26175
G1 X76.876 Y64.148 E159.45862
G1 X76.876 Y63.299 E159.49007
G1 X73.118 Y59.541 E159.68694
G1 X73.118 Y58.693 E159.71835
G1 X76.876 Y62.451 E159.91523
G1 X76.876 Y61.602 E159.94668
G1 X73.118 Y57.844 E160.14355
G1 X73.118 Y56.996 E160.17496
G1 X76.875 Y60.753 E160.37178
G1 X76.875 Y59.905 E160.40319
G1 X73.118 Y56.147 E160.60004
G1 X73.118 Y55.299 E160.63145
G1 X76.875 Y59.056 E160.82827
G1 X76.875 Y58.208 E160.85968
G1 X73.118 Y54.45 E161.05653
G1 X73.118 Y53.602 E161.08794
G1 X76.875 Y57.359 E161.28476
G1 X76.875 Y56.511 E161.31617
G1 X73.118 Y52.753 E161.51302
G1 X73.118 Y51.904 E161.54447
G1 X76.875 Y55.662 E161.74132
G1 X76.875 Y54.814 E161.77273
G1 X73.118 Y51.056 E161.96957
G1 X73.118 Y50.207 E162.00102
G1 X76.875 Y53.965 E162.19787
G1 X76.875 Y53.116 E162.22932
G1 X73.118 Y49.359 E162.42614
G1 X73.118 Y48.51 E162.45759
G1 X76.875 Y52.268 E162.65443
G1 X76.875 Y51.419 E162.68588
G1 X73.118 Y47.662 E162.8827
G1 X73.118 Y46.813 E162.91415
G1 X76.875 Y50.571 E163.111
G1 X76.875 Y49.722 E163.14245
G1 X73.118 Y45.965 E163.33927
G1 X73.118 Y45.116 E163.37072
G1 X76.875 Y48.874 E163.56756
G1 X76.875 Y48.025 E163.59901
G1 X73.118 Y44.268 E163.79583
G1 X73.118 Y43.419 E163.82728
G1 X76.875 Y47.176 E164.0241
G1 X76.875 Y46.328 E164.05552
G1 X73.118 Y42.571 E164.25234
G1 X73.118 Y41.722 E164.28379
G1 X76.875 Y45.479 E164.4806
G1 X76.875 Y44.63 E164.51205
G1 X73.118 Y40.874 E164.70885
G1 X73.118 Y40.025 E164.7403
G1 X76.875 Y43.782 E164.93712
G1 X76.875 Y42.933 E164.96857
G1 X73.118 Y39.177 E165.16536
G1 X73.118 Y38.328 E165.19681
G1 X76.875 Y42.085 E165.39363
G1 X76.875 Y41.236 E165.42508
G1 X73.118 Y37.479 E165.6219
G1 X73.118 Y36.631 E165.65331
G1 X76.875 Y40.388 E165.85013
G1 X76.875 Y39.539 E165.88158
G1 X73.118 Y35.782 E166.0784
G1 X73.118 Y34.934 E166.10981
G1 X76.875 Y38.691 E166.30663
G1 X76.875 Y37.842 E166.33808
G1 X73.343 Y34.31 E166.52312
G1 X74.191 Y34.31 E166.55453
G1 X76.875 Y36.994 E166.69514
G1 X76.875 Y36.145 E166.72659
G1 X75.04 Y34.31 E166.82272
G1 X75.888 Y34.31 E166.85413
G1 X76.875 Y35.297 E166.90584
G1 X76.875 Y34.448 E166.93729
G1 X76.737 Y34.31 E166.94451
G1 X76.874 Y34.31 E166.94959
M104 S245
G1 F2400 E160.44959
G1 F1200 Z0.75
;MESH:NONMESH
G0 F5100 X68.688 Y115.6
;TIME_ELAPSED:152.637304
;LAYER:1
M106 S28.3
;MESH:guia de montagem rolamento Y.stl(1)
G0 F8400 Z1.06
;TYPE:WALL-INNER
G1 F1200 Z0.46
G1 F2400 E167.16578
G1 F2340 X68.684 Y34.4 E172.81704
G1 X65.108 Y34.4 E173.06592
G1 X65.108 Y115.6 E178.71718
G1 X68.365 Y115.6 E178.94386
G0 F2106 X68.688 Y115.6
G0 F8400 X69.288 Y116.2
G1 F2340 X69.284 Y33.8 E184.67864
G1 X64.508 Y33.8 E185.01104
G1 X64.508 Y116.2 E190.74581
G1 X68.965 Y116.2 E191.05601
G0 F2106 X69.288 Y116.2
G0 F8400 X69.788 Y116.7
;TYPE:WALL-OUTER
G1 F1650 X69.784 Y33.3 E196.53792
G1 X64.008 Y33.3 E196.91758
G1 X64.008 Y116.7 E202.39949
G1 X69.446 Y116.7 E202.75693
G0 F1485 X69.788 Y116.7
G0 F8400 X69.788 Y116.6
G1 F2400 E196.25693
G1 F1200 Z1.06
G0 F8400 X68.477 Y114.805
;TYPE:SKIN
G1 F1200 Z0.46
G1 F2400 E202.97312
G1 F1770 X67.892 Y115.39 E203.0307
G0 F8400 X67.044 Y115.39
G1 F1770 X68.477 Y113.957 E203.17174
G0 F8400 X68.477 Y113.108
G1 F1770 X66.195 Y115.39 E203.39635
G0 F8400 X65.347 Y115.39
G1 F1770 X68.477 Y112.26 E203.70442
G0 F8400 X68.477 Y111.411
G1 F1770 X65.318 Y114.57 E204.01534
G0 F8400 X65.318 Y113.721
G1 F1770 X68.477 Y110.563 E204.32621
G0 F8400 X68.477 Y109.714
G1 F1770 X65.318 Y112.873 E204.63714
G0 F8400 X65.318 Y112.024
G1 F1770 X68.477 Y108.865 E204.94806
G0 F8400 X68.477 Y108.017
G1 F1770 X65.318 Y111.176 E205.25899
G0 F8400 X65.318 Y110.327
G1 F1770 X68.477 Y107.168 E205.56991
G0 F8400 X68.477 Y106.32
G1 F1770 X65.318 Y109.479 E205.88083
G0 F8400 X65.318 Y108.63
G1 F1770 X68.477 Y105.471 E206.19176
G0 F8400 X68.477 Y104.623
G1 F1770 X65.318 Y107.781 E206.50263
G0 F8400 X65.318 Y106.933
G1 F1770 X68.477 Y103.774 E206.81356
G0 F8400 X68.477 Y102.926
G1 F1770 X65.318 Y106.084 E207.12443
G0 F8400 X65.318 Y105.236
G1 F1770 X68.477 Y102.077 E207.43535
G0 F8400 X68.476 Y101.229
G1 F1770 X65.318 Y104.387 E207.74618
G0 F8400 X65.318 Y103.539
G1 F1770 X68.476 Y100.381 E208.05701
G0 F8400 X68.476 Y99.532
G1 F1770 X65.318 Y102.69 E208.36783
G0 F8400 X65.318 Y101.842
G1 F1770 X68.476 Y98.684 E208.67866
G0 F8400 X68.476 Y97.835
G1 F1770 X65.318 Y100.993 E208.98948
G0 F8400 X65.318 Y100.145
G1 F1770 X68.476 Y96.987 E209.30031
G0 F8400 X68.476 Y96.138
G1 F1770 X65.318 Y99.296 E209.61113
G0 F8400 X65.318 Y98.448
G1 F1770 X68.476 Y95.29 E209.92196
G0 F8400 X68.476 Y94.441
G1 F1770 X65.318 Y97.599 E210.23278
G0 F8400 X65.318 Y96.751
G1 F1770 X68.476 Y93.593 E210.54361
G0 F8400 X68.476 Y92.744
G1 F1770 X65.318 Y95.902 E210.85443
G0 F8400 X65.318 Y95.054
G1 F1770 X68.476 Y91.896 E211.16526
G0 F8400 X68.476 Y91.047
G1 F1770 X65.318 Y94.205 E211.47609
G0 F8400 X65.318 Y93.356
G1 F1770 X68.476 Y90.199 E211.78686
G0 F8400 X68.476 Y89.35
G1 F1770 X65.318 Y92.508 E212.09769
G0 F8400 X65.318 Y91.659
G1 F1770 X68.476 Y88.501 E212.40851
G0 F8400 X68.476 Y87.654
G1 F1770 X65.318 Y90.811 E212.71929
G0 F8400 X65.318 Y89.962
G1 F1770 X68.476 Y86.805 E213.03007
G0 F8400 X68.476 Y85.957
G1 F1770 X65.318 Y89.114 E213.34084
G0 F8400 X65.318 Y88.265
G1 F1770 X68.476 Y85.108 E213.65162
G0 F8400 X68.476 Y84.26
G1 F1770 X65.318 Y87.417 E213.96239
G0 F8400 X65.318 Y86.568
G1 F1770 X68.476 Y83.411 E214.27317
G0 F8400 X68.476 Y82.562
G1 F1770 X65.318 Y85.72 E214.584
G0 F8400 X65.318 Y84.871
G1 F1770 X68.476 Y81.714 E214.89477
G0 F8400 X68.476 Y80.865
G1 F1770 X65.318 Y84.023 E215.2056
G0 F8400 X65.318 Y83.174
G1 F1770 X68.476 Y80.017 E215.51637
G0 F8400 X68.476 Y79.168
G1 F1770 X65.318 Y82.326 E215.8272
G0 F8400 X65.318 Y81.477
G1 F1770 X68.476 Y78.32 E216.13798
G0 F8400 X68.476 Y77.471
G1 F1770 X65.318 Y80.629 E216.4488
G0 F8400 X65.318 Y79.78
G1 F1770 X68.476 Y76.623 E216.75958
G0 F8400 X68.476 Y75.774
G1 F1770 X65.318 Y78.932 E217.0704
G0 F8400 X65.318 Y78.083
G1 F1770 X68.475 Y74.926 E217.38113
G0 F8400 X68.475 Y74.078
G1 F1770 X65.318 Y77.234 E217.69181
G0 F8400 X65.318 Y76.386
G1 F1770 X68.475 Y73.229 E218.00253
G0 F8400 X68.475 Y72.381
G1 F1770 X65.318 Y75.537 E218.31321
G0 F8400 X65.318 Y74.689
G1 F1770 X68.475 Y71.532 E218.62394
G0 F8400 X68.475 Y70.684
G1 F1770 X65.318 Y73.84 E218.93462
G0 F8400 X65.318 Y72.992
G1 F1770 X68.475 Y69.835 E219.24534
G0 F8400 X68.475 Y68.987
G1 F1770 X65.318 Y72.143 E219.55602
G0 F8400 X65.318 Y71.295
G1 F1770 X68.475 Y68.138 E219.86675
G0 F8400 X68.475 Y67.29
G1 F1770 X65.318 Y70.446 E220.17743
G0 F8400 X65.318 Y69.598
G1 F1770 X68.475 Y66.441 E220.48815
G0 F8400 X68.475 Y65.593
G1 F1770 X65.318 Y68.749 E220.79883
G0 F8400 X65.318 Y67.901
G1 F1770 X68.475 Y64.744 E221.10956
G0 F8400 X68.475 Y63.896
G1 F1770 X65.318 Y67.052 E221.42024
G0 F8400 X65.318 Y66.204
G1 F1770 X68.475 Y63.047 E221.73096
G0 F8400 X68.475 Y62.199
G1 F1770 X65.318 Y65.355 E222.04164
G0 F8400 X65.318 Y64.507
G1 F1770 X68.474 Y61.351 E222.35227
G0 F8400 X68.474 Y60.502
G1 F1770 X65.318 Y63.658 E222.6629
G0 F8400 X65.318 Y62.809
G1 F1770 X68.474 Y59.654 E222.97348
G0 F8400 X68.474 Y58.805
G1 F1770 X65.318 Y61.961 E223.28411
G0 F8400 X65.318 Y61.112
G1 F1770 X68.474 Y57.957 E223.59469
G0 F8400 X68.474 Y57.108
G1 F1770 X65.318 Y60.264 E223.90531
G0 F8400 X65.318 Y59.415
G1 F1770 X68.474 Y56.26 E224.21589
G0 F8400 X68.474 Y55.411
G1 F1770 X65.318 Y58.567 E224.52652
G0 F8400 X65.318 Y57.718
G1 F1770 X68.474 Y54.562 E224.83715
G0 F8400 X68.474 Y53.714
G1 F1770 X65.318 Y56.87 E225.14778
G0 F8400 X65.318 Y56.021
G1 F1770 X68.474 Y52.865 E225.45841
G0 F8400 X68.474 Y52.017
G1 F1770 X65.318 Y55.173 E225.76904
G0 F8400 X65.318 Y54.324
G1 F1770 X68.474 Y51.168 E226.07967
G0 F8400 X68.474 Y50.32
G1 F1770 X65.318 Y53.476 E226.39029
G0 F8400 X65.318 Y52.627
G1 F1770 X68.474 Y49.471 E226.70092
G0 F8400 X68.474 Y48.623
G1 F1770 X65.318 Y51.779 E227.01155
G0 F8400 X65.318 Y50.93
G1 F1770 X68.473 Y47.775 E227.32208
G0 F8400 X68.473 Y46.926
G1 F1770 X65.318 Y50.082 E227.63266
G0 F8400 X65.318 Y49.233
G1 F1770 X68.473 Y46.078 E227.94319
G0 F8400 X68.473 Y45.229
G1 F1770 X65.318 Y48.384 E228.25372
G0 F8400 X65.318 Y47.536
G1 F1770 X68.473 Y44.381 E228.56425
G0 F8400 X68.473 Y43.532
G1 F1770 X65.318 Y46.687 E228.87478
G0 F8400 X65.318 Y45.839
G1 F1770 X68.473 Y42.684 E229.18531
G0 F8400 X68.473 Y41.835
G1 F1770 X65.318 Y44.99 E229.49584
G0 F8400 X65.318 Y44.142
G1 F1770 X68.473 Y40.987 E229.80637
G0 F8400 X68.473 Y40.138
G1 F1770 X65.318 Y43.293 E230.1169
G0 F8400 X65.318 Y42.445
G1 F1770 X68.473 Y39.29 E230.42743
G0 F8400 X68.473 Y38.441
G1 F1770 X65.318 Y41.596 E230.73796
G0 F8400 X65.318 Y40.748
G1 F1770 X68.473 Y37.593 E231.04849
G0 F8400 X68.473 Y36.744
G1 F1770 X65.318 Y39.899 E231.35902
G0 F8400 X65.318 Y39.051
G1 F1770 X68.473 Y35.896 E231.66955
G0 F8400 X68.473 Y35.047
G1 F1770 X65.318 Y38.202 E231.98008
G0 F8400 X65.318 Y37.354
G1 F1770 X68.062 Y34.61 E232.25016
G0 F8400 X67.213 Y34.61
G1 F1770 X65.318 Y36.505 E232.43668
G0 F8400 X65.318 Y35.657
G1 F1770 X66.365 Y34.61 E232.53973
G0 F8400 X65.516 Y34.61
G1 F1770 X65.318 Y34.808 E232.55922
G1 F2400 E226.05922
G1 F1200 Z1.06
;MESH:guia de montagem rolamento Y.stl
G0 F8400 X76.788 Y115.6
;TYPE:WALL-INNER
G1 F1200 Z0.46
G1 F2400 E232.77541
G1 F2340 X76.784 Y34.4 E238.42667
G1 X73.208 Y34.4 E238.67555
G1 X73.208 Y115.6 E244.32681
G1 X76.465 Y115.6 E244.55349
G0 F2106 X76.788 Y115.6
G0 F8400 X77.388 Y116.2
G1 F2340 X77.384 Y33.8 E250.28827
G1 X72.608 Y33.8 E250.62066
G1 X72.608 Y116.2 E256.35544
G1 X77.065 Y116.2 E256.66563
G0 F2106 X77.388 Y116.2
G0 F8400 X77.888 Y116.7
;TYPE:WALL-OUTER
G1 F1650 X77.884 Y33.3 E262.14754
G1 X72.108 Y33.3 E262.5272
G1 X72.108 Y116.7 E268.00911
G1 X77.546 Y116.7 E268.36655
G0 F1485 X77.888 Y116.7
G0 F8400 X77.888 Y116.6
G1 F2400 E261.86655
G1 F1200 Z1.06
G0 F8400 X76.578 Y115.19
;TYPE:SKIN
G1 F1200 Z0.46
G1 F2400 E268.58274
G1 F1770 X76.377 Y115.39 E268.60248
G0 F8400 X75.529 Y115.39
G1 F1770 X76.578 Y114.341 E268.70573
G0 F8400 X76.578 Y113.493
G1 F1770 X74.68 Y115.39 E268.89249
G0 F8400 X73.832 Y115.39
G1 F1770 X76.578 Y112.644 E269.16276
G0 F8400 X76.578 Y111.796
G1 F1770 X73.417 Y114.956 E269.47383
G0 F8400 X73.417 Y114.107
G1 F1770 X76.578 Y110.947 E269.78491
G0 F8400 X76.578 Y110.099
G1 F1770 X73.417 Y113.259 E270.09598
G0 F8400 X73.417 Y112.41
G1 F1770 X76.578 Y109.25 E270.40705
G0 F8400 X76.578 Y108.402
G1 F1770 X73.417 Y111.562 E270.71812
G0 F8400 X73.417 Y110.713
G1 F1770 X76.578 Y107.553 E271.02919
G0 F8400 X76.578 Y106.705
G1 F1770 X73.417 Y109.865 E271.34026
G0 F8400 X73.417 Y109.016
G1 F1770 X76.578 Y105.856 E271.65133
G0 F8400 X76.578 Y105.007
G1 F1770 X73.417 Y108.168 E271.96246
G0 F8400 X73.417 Y107.319
G1 F1770 X76.578 Y104.159 E272.27353
G0 F8400 X76.578 Y103.31
G1 F1770 X73.417 Y106.47 E272.5846
G0 F8400 X73.417 Y105.622
G1 F1770 X76.578 Y102.462 E272.89567
G0 F8400 X76.577 Y101.614
G1 F1770 X73.417 Y104.773 E273.20664
G0 F8400 X73.417 Y103.925
G1 F1770 X76.577 Y100.766 E273.51762
G0 F8400 X76.577 Y99.917
G1 F1770 X73.417 Y103.076 E273.82859
G0 F8400 X73.417 Y102.228
G1 F1770 X76.577 Y99.068 E274.13961
G0 F8400 X76.577 Y98.22
G1 F1770 X73.417 Y101.379 E274.45058
G0 F8400 X73.417 Y100.531
G1 F1770 X76.577 Y97.371 E274.76161
G0 F8400 X76.577 Y96.523
G1 F1770 X73.417 Y99.682 E275.07258
G0 F8400 X73.417 Y98.834
G1 F1770 X76.577 Y95.674 E275.3836
G0 F8400 X76.577 Y94.826
G1 F1770 X73.417 Y97.985 E275.69458
G0 F8400 X73.417 Y97.137
G1 F1770 X76.577 Y93.977 E276.0056
G0 F8400 X76.577 Y93.129
G1 F1770 X73.417 Y96.288 E276.31657
G0 F8400 X73.417 Y95.44
G1 F1770 X76.577 Y92.28 E276.62759
G0 F8400 X76.577 Y91.432
G1 F1770 X73.417 Y94.591 E276.93857
G0 F8400 X73.417 Y93.743
G1 F1770 X76.577 Y90.583 E277.24959
G0 F8400 X76.577 Y89.735
G1 F1770 X73.417 Y92.894 E277.56056
G0 F8400 X73.417 Y92.046
G1 F1770 X76.577 Y88.886 E277.87158
G0 F8400 X76.576 Y88.038
G1 F1770 X73.417 Y91.197 E278.18251
G0 F8400 X73.417 Y90.348
G1 F1770 X76.576 Y87.19 E278.49338
G0 F8400 X76.576 Y86.341
G1 F1770 X73.417 Y89.5 E278.80431
G0 F8400 X73.417 Y88.651
G1 F1770 X76.576 Y85.493 E279.11518
G0 F8400 X76.576 Y84.644
G1 F1770 X73.417 Y87.803 E279.42611
G0 F8400 X73.417 Y86.954
G1 F1770 X76.576 Y83.796 E279.73698
G0 F8400 X76.576 Y82.947
G1 F1770 X73.417 Y86.106 E280.0479
G0 F8400 X73.417 Y85.257
G1 F1770 X76.576 Y82.099 E280.35878
G0 F8400 X76.576 Y81.25
G1 F1770 X73.417 Y84.409 E280.6697
G0 F8400 X73.417 Y83.56
G1 F1770 X76.576 Y80.402 E280.98058
G0 F8400 X76.576 Y79.553
G1 F1770 X73.417 Y82.712 E281.2915
G0 F8400 X73.417 Y81.863
G1 F1770 X76.576 Y78.705 E281.60238
G0 F8400 X76.576 Y77.856
G1 F1770 X73.417 Y81.015 E281.9133
G0 F8400 X73.417 Y80.166
G1 F1770 X76.576 Y77.007 E282.22422
G0 F8400 X76.576 Y76.159
G1 F1770 X73.417 Y79.318 E282.53515
G0 F8400 X73.417 Y78.469
G1 F1770 X76.576 Y75.31 E282.84607
G0 F8400 X76.575 Y74.463
G1 F1770 X73.417 Y77.621 E283.1569
G0 F8400 X73.417 Y76.772
G1 F1770 X76.575 Y73.614 E283.46772
G0 F8400 X76.575 Y72.766
G1 F1770 X73.417 Y75.923 E283.7785
G0 F8400 X73.417 Y75.075
G1 F1770 X76.575 Y71.917 E284.08932
G0 F8400 X76.575 Y71.068
G1 F1770 X73.417 Y74.226 E284.40015
G0 F8400 X73.417 Y73.378
G1 F1770 X76.575 Y70.22 E284.71097
G0 F8400 X76.575 Y69.371
G1 F1770 X73.417 Y72.529 E285.0218
G0 F8400 X73.417 Y71.681
G1 F1770 X76.575 Y68.523 E285.33263
G0 F8400 X76.575 Y67.674
G1 F1770 X73.417 Y70.832 E285.64345
G0 F8400 X73.417 Y69.984
G1 F1770 X76.575 Y66.826 E285.95428
G0 F8400 X76.575 Y65.977
G1 F1770 X73.417 Y69.135 E286.2651
G0 F8400 X73.417 Y68.287
G1 F1770 X76.575 Y65.129 E286.57593
G0 F8400 X76.575 Y64.28
G1 F1770 X73.417 Y67.438 E286.88675
G0 F8400 X73.417 Y66.59
G1 F1770 X76.575 Y63.432 E287.19758
G0 F8400 X76.575 Y62.583
G1 F1770 X73.417 Y65.741 E287.5084
G0 F8400 X73.417 Y64.893
G1 F1770 X76.575 Y61.735 E287.81923
G0 F8400 X76.575 Y60.887
G1 F1770 X73.417 Y64.044 E288.13001
G0 F8400 X73.417 Y63.196
G1 F1770 X76.575 Y60.038 E288.44083
G0 F8400 X76.575 Y59.19
G1 F1770 X73.417 Y62.347 E288.75161
G0 F8400 X73.417 Y61.498
G1 F1770 X76.575 Y58.341 E289.06238
G0 F8400 X76.575 Y57.493
G1 F1770 X73.417 Y60.65 E289.37316
G0 F8400 X73.417 Y59.801
G1 F1770 X76.575 Y56.644 E289.68394
G0 F8400 X76.575 Y55.796
G1 F1770 X73.417 Y58.953 E289.99471
G0 F8400 X73.417 Y58.104
G1 F1770 X76.575 Y54.947 E290.30549
G0 F8400 X76.575 Y54.099
G1 F1770 X73.417 Y57.256 E290.61627
G0 F8400 X73.417 Y56.407
G1 F1770 X76.575 Y53.25 E290.92704
G0 F8400 X76.575 Y52.402
G1 F1770 X73.417 Y55.559 E291.23782
G0 F8400 X73.417 Y54.71
G1 F1770 X76.575 Y51.553 E291.54859
G0 F8400 X76.575 Y50.705
G1 F1770 X73.417 Y53.862 E291.85937
G0 F8400 X73.417 Y53.013
G1 F1770 X76.575 Y49.856 E292.17015
G0 F8400 X76.575 Y49.007
G1 F1770 X73.417 Y52.165 E292.48097
G0 F8400 X73.417 Y51.316
G1 F1770 X76.575 Y48.159 E292.79175
G0 F8400 X76.574 Y47.311
G1 F1770 X73.417 Y50.468 E293.10248
G0 F8400 X73.417 Y49.619
G1 F1770 X76.574 Y46.463 E293.41315
G0 F8400 X76.574 Y45.614
G1 F1770 X73.417 Y48.771 E293.72388
G0 F8400 X73.417 Y47.922
G1 F1770 X76.574 Y44.766 E294.03456
G0 F8400 X76.574 Y43.917
G1 F1770 X73.417 Y47.074 E294.34528
G0 F8400 X73.417 Y46.225
G1 F1770 X76.574 Y43.068 E294.65601
G0 F8400 X76.574 Y42.22
G1 F1770 X73.417 Y45.376 E294.96669
G0 F8400 X73.417 Y44.528
G1 F1770 X76.574 Y41.371 E295.27742
G0 F8400 X76.574 Y40.523
G1 F1770 X73.417 Y43.679 E295.58809
G0 F8400 X73.417 Y42.831
G1 F1770 X76.574 Y39.674 E295.89882
G0 F8400 X76.574 Y38.826
G1 F1770 X73.417 Y41.982 E296.2095
G0 F8400 X73.417 Y41.134
G1 F1770 X76.574 Y37.977 E296.52023
G0 F8400 X76.574 Y37.129
G1 F1770 X73.417 Y40.285 E296.8309
G0 F8400 X73.417 Y39.437
G1 F1770 X76.574 Y36.28 E297.14163
G0 F8400 X76.574 Y35.432
G1 F1770 X73.417 Y38.588 E297.45231
G0 F8400 X73.417 Y37.74
G1 F1770 X76.547 Y34.61 E297.76038
G0 F8400 X75.699 Y34.61
G1 F1770 X73.417 Y36.891 E297.98494
G0 F8400 X73.417 Y36.043
G1 F1770 X74.85 Y34.61 E298.12598
G0 F8400 X74.002 Y34.61
G1 F1770 X73.417 Y35.194 E298.18351
G1 F2400 E291.68351
G1 F1200 Z1.06
;MESH:NONMESH
G0 F8400 X69.288 Y116.2
;TIME_ELAPSED:221.479936
;LAYER:2
M106 S56.7
;MESH:guia de montagem rolamento Y.stl(1)
G0 F11700 Z1.37
;TYPE:WALL-INNER
G1 F1200 Z0.77
G1 F2400 E298.3997
G1 F3480 X69.284 Y33.8 E304.13448
G1 X64.508 Y33.8 E304.46687
G1 X64.508 Y116.2 E310.20165
G1 X68.965 Y116.2 E310.51184
G0 F3132 X69.288 Y116.2
G0 F11700 X69.788 Y116.7
;TYPE:WALL-OUTER
G1 F2100 X69.784 Y33.3 E315.99375
G1 X64.008 Y33.3 E316.37341
G1 X64.008 Y116.7 E321.85532
G1 X69.446 Y116.7 E322.21276
G0 F1890 X69.788 Y116.7
G0 F11700 X69.788 Y116.6
G1 F2400 E315.71276
G1 F1200 Z1.37
G0 F11700 X64.718 Y115.63
;TYPE:SKIN
G1 F1200 Z0.77
G1 F2400 E322.42896
G1 F2340 X65.079 Y115.99 E322.46444
G0 F11700 X65.927 Y115.99
G1 F2340 X64.718 Y114.781 E322.58343
G0 F11700 X64.718 Y113.933
G1 F2340 X66.776 Y115.99 E322.78594
G0 F11700 X67.624 Y115.99
G1 F2340 X64.718 Y113.084 E323.07196
G0 F11700 X64.718 Y112.236
G1 F2340 X68.473 Y115.99 E323.4415
G0 F11700 X69.078 Y115.747
G1 F2340 X64.718 Y111.387 E323.87063
G0 F11700 X64.718 Y110.538
G1 F2340 X69.078 Y114.898 E324.29976
G0 F11700 X69.078 Y114.05
G1 F2340 X64.718 Y109.69 E324.7289
G0 F11700 X64.718 Y108.841
G1 F2340 X69.078 Y113.201 E325.15803
G0 F11700 X69.078 Y112.353
G1 F2340 X64.718 Y107.993 E325.58716
G0 F11700 X64.718 Y107.144
G1 F2340 X69.078 Y111.504 E326.01629
G0 F11700 X69.078 Y110.656
G1 F2340 X64.718 Y106.296 E326.44542
G0 F11700 X64.718 Y105.447
G1 F2340 X69.078 Y109.807 E326.87456
G0 F11700 X69.078 Y108.959
G1 F2340 X64.718 Y104.599 E327.30369
G0 F11700 X64.718 Y103.75
G1 F2340 X69.078 Y108.11 E327.73282
G0 F11700 X69.078 Y107.262
G1 F2340 X64.718 Y102.902 E328.16195
G0 F11700 X64.718 Y102.053
G1 F2340 X69.078 Y106.413 E328.59109
G0 F11700 X69.078 Y105.565
G1 F2340 X64.718 Y101.205 E329.02022
G0 F11700 X64.718 Y100.356
G1 F2340 X69.078 Y104.716 E329.44935
G0 F11700 X69.078 Y103.868
G1 F2340 X64.718 Y99.508 E329.87848
G0 F11700 X64.718 Y98.659
G1 F2340 X69.078 Y103.019 E330.30761
G0 F11700 X69.077 Y102.17
G1 F2340 X64.718 Y97.811 E330.73665
G0 F11700 X64.718 Y96.962
G1 F2340 X69.077 Y101.321 E331.16568
G0 F11700 X69.077 Y100.473
G1 F2340 X64.718 Y96.113 E331.59476
G0 F11700 X64.718 Y95.265
G1 F2340 X69.077 Y99.624 E332.0238
G0 F11700 X69.077 Y98.776
G1 F2340 X64.718 Y94.416 E332.45288
G0 F11700 X64.718 Y93.568
G1 F2340 X69.077 Y97.927 E332.88191
G0 F11700 X69.077 Y97.079
G1 F2340 X64.718 Y92.719 E333.311
G0 F11700 X64.718 Y91.871
G1 F2340 X69.077 Y96.23 E333.74003
G0 F11700 X69.077 Y95.382
G1 F2340 X64.718 Y91.022 E334.16911
G0 F11700 X64.718 Y90.174
G1 F2340 X69.077 Y94.533 E334.59815
G0 F11700 X69.077 Y93.685
G1 F2340 X64.718 Y89.325 E335.02723
G0 F11700 X64.718 Y88.477
G1 F2340 X69.077 Y92.836 E335.45626
G0 F11700 X69.077 Y91.988
G1 F2340 X64.718 Y87.628 E335.88535
G0 F11700 X64.718 Y86.78
G1 F2340 X69.077 Y91.139 E336.31438
G0 F11700 X69.077 Y90.29
G1 F2340 X64.718 Y85.931 E336.74341
G0 F11700 X64.718 Y85.083
G1 F2340 X69.077 Y89.442 E337.17245
G0 F11700 X69.077 Y88.593
G1 F2340 X64.718 Y84.234 E337.60148
G0 F11700 X64.718 Y83.386
G1 F2340 X69.077 Y87.744 E338.03046
G0 F11700 X69.077 Y86.896
G1 F2340 X64.718 Y82.537 E338.4595
G0 F11700 X64.718 Y81.689
G1 F2340 X69.077 Y86.047 E338.88848
G0 F11700 X69.077 Y85.199
G1 F2340 X64.718 Y80.84 E339.31752
G0 F11700 X64.718 Y79.991
G1 F2340 X69.077 Y84.35 E339.74655
G0 F11700 X69.077 Y83.502
G1 F2340 X64.718 Y79.143 E340.17558
G0 F11700 X64.718 Y78.294
G1 F2340 X69.077 Y82.653 E340.60462
G0 F11700 X69.077 Y81.804
G1 F2340 X64.718 Y77.446 E341.0336
G0 F11700 X64.718 Y76.597
G1 F2340 X69.077 Y80.956 E341.46264
G0 F11700 X69.077 Y80.107
G1 F2340 X64.718 Y75.749 E341.89162
G0 F11700 X64.718 Y74.9
G1 F2340 X69.077 Y79.259 E342.32065
G0 F11700 X69.077 Y78.41
G1 F2340 X64.718 Y74.052 E342.74964
G0 F11700 X64.718 Y73.203
G1 F2340 X69.077 Y77.562 E343.17867
G0 F11700 X69.077 Y76.713
G1 F2340 X64.718 Y72.355 E343.60766
G0 F11700 X64.718 Y71.506
G1 F2340 X69.077 Y75.865 E344.03669
G0 F11700 X69.077 Y75.016
G1 F2340 X64.718 Y70.658 E344.46567
G0 F11700 X64.718 Y69.809
G1 F2340 X69.076 Y74.167 E344.89461
G0 F11700 X69.076 Y73.318
G1 F2340 X64.718 Y68.961 E345.3235
G0 F11700 X64.718 Y68.112
G1 F2340 X69.076 Y72.47 E345.75243
G0 F11700 X69.076 Y71.621
G1 F2340 X64.718 Y67.264 E346.18132
G0 F11700 X64.718 Y66.415
G1 F2340 X69.076 Y70.773 E346.61025
G0 F11700 X69.076 Y69.924
G1 F2340 X64.718 Y65.566 E347.03919
G0 F11700 X64.718 Y64.718
G1 F2340 X69.076 Y69.076 E347.46812
G0 F11700 X69.076 Y68.227
G1 F2340 X64.718 Y63.869 E347.89706
G0 F11700 X64.718 Y63.021
G1 F2340 X69.076 Y67.379 E348.32599
G0 F11700 X69.076 Y66.53
G1 F2340 X64.718 Y62.172 E348.75493
G0 F11700 X64.718 Y61.324
G1 F2340 X69.076 Y65.682 E349.18386
G0 F11700 X69.076 Y64.833
G1 F2340 X64.718 Y60.475 E349.6128
G0 F11700 X64.718 Y59.627
G1 F2340 X69.076 Y63.985 E350.04173
G0 F11700 X69.076 Y63.136
G1 F2340 X64.718 Y58.778 E350.47067
G0 F11700 X64.718 Y57.93
G1 F2340 X69.076 Y62.288 E350.8996
G0 F11700 X69.076 Y61.439
G1 F2340 X64.718 Y57.081 E351.32854
G0 F11700 X64.718 Y56.233
G1 F2340 X69.075 Y60.59 E351.75738
G0 F11700 X69.075 Y59.741
G1 F2340 X64.718 Y55.384 E352.18621
G0 F11700 X64.718 Y54.536
G1 F2340 X69.075 Y58.893 E352.61505
G0 F11700 X69.075 Y58.044
G1 F2340 X64.718 Y53.687 E353.04389
G0 F11700 X64.718 Y52.839
G1 F2340 X69.075 Y57.196 E353.47272
G0 F11700 X69.075 Y56.347
G1 F2340 X64.718 Y51.99 E353.90156
G0 F11700 X64.718 Y51.141
G1 F2340 X69.075 Y55.499 E354.33045
G0 F11700 X69.075 Y54.65
G1 F2340 X64.718 Y50.293 E354.75928
G0 F11700 X64.718 Y49.444
G1 F2340 X69.075 Y53.802 E355.18817
G0 F11700 X69.075 Y52.953
G1 F2340 X64.718 Y48.596 E355.61701
G0 F11700 X64.718 Y47.747
G1 F2340 X69.075 Y52.105 E356.04589
G0 F11700 X69.075 Y51.256
G1 F2340 X64.718 Y46.899 E356.47473
G0 F11700 X64.718 Y46.05
G1 F2340 X69.075 Y50.408 E356.90361
G0 F11700 X69.075 Y49.559
G1 F2340 X64.718 Y45.202 E357.33245
G0 F11700 X64.718 Y44.353
G1 F2340 X69.075 Y48.71 E357.76129
G0 F11700 X69.075 Y47.862
G1 F2340 X64.718 Y43.505 E358.19012
G0 F11700 X64.718 Y42.656
G1 F2340 X69.074 Y47.013 E358.61891
G0 F11700 X69.074 Y46.164
G1 F2340 X64.718 Y41.808 E359.04765
G0 F11700 X64.718 Y40.959
G1 F2340 X69.074 Y45.316 E359.47644
G0 F11700 X69.074 Y44.467
G1 F2340 X64.718 Y40.111 E359.90518
G0 F11700 X64.718 Y39.262
G1 F2340 X69.074 Y43.619 E360.33396
G0 F11700 X69.074 Y42.77
G1 F2340 X64.718 Y38.414 E360.7627
G0 F11700 X64.718 Y37.565
G1 F2340 X69.074 Y41.922 E361.19149
G0 F11700 X69.074 Y41.073
G1 F2340 X64.718 Y36.717 E361.62023
G0 F11700 X64.718 Y35.868
G1 F2340 X69.074 Y40.224 E362.04897
G0 F11700 X69.074 Y39.376
G1 F2340 X64.718 Y35.019 E362.47775
G0 F11700 X64.718 Y34.171
G1 F2340 X69.074 Y38.527 E362.90649
G0 F11700 X69.074 Y37.679
G1 F2340 X65.405 Y34.01 E363.26761
G0 F11700 X66.254 Y34.01
G1 F2340 X69.074 Y36.83 E363.54517
G0 F11700 X69.074 Y35.982
G1 F2340 X67.102 Y34.01 E363.73926
G0 F11700 X67.951 Y34.01
G1 F2340 X69.074 Y35.133 E363.8498
G0 F11700 X69.074 Y34.285
G1 F2340 X68.799 Y34.01 E363.87686
G1 F2400 E357.37686
G1 F1200 Z1.37
;MESH:guia de montagem rolamento Y.stl
G0 F11700 X77.388 Y116.2
;TYPE:WALL-INNER
G1 F1200 Z0.77
G1 F2400 E364.09305
G1 F3480 X77.384 Y33.8 E369.82783
G1 X72.608 Y33.8 E370.16023
G1 X72.608 Y116.2 E375.89501
G1 X77.065 Y116.2 E376.2052
G0 F3132 X77.388 Y116.2
G0 F11700 X77.888 Y116.7
;TYPE:WALL-OUTER
G1 F2100 X77.884 Y33.3 E381.68711
G1 X72.108 Y33.3 E382.06677
G1 X72.108 Y116.7 E387.54868
G1 X77.546 Y116.7 E387.90612
G0 F1890 X77.888 Y116.7
G0 F11700 X77.888 Y116.6
G1 F2400 E381.40612
G1 F1200 Z1.37
G0 F11700 X73.563 Y115.99
;TYPE:SKIN
G1 F1200 Z0.77
G1 F2400 E388.12231
G1 F2340 X72.818 Y115.244 E388.19569
G0 F11700 X72.818 Y114.396
G1 F2340 X74.412 Y115.99 E388.35258
G0 F11700 X75.26 Y115.99
G1 F2340 X72.818 Y113.547 E388.59298
G0 F11700 X72.818 Y112.699
G1 F2340 X76.109 Y115.99 E388.91689
G0 F11700 X76.957 Y115.99
G1 F2340 X72.818 Y111.85 E389.32432
G0 F11700 X72.818 Y111.002
G1 F2340 X77.178 Y115.362 E389.75346
G0 F11700 X77.178 Y114.513
G1 F2340 X72.818 Y110.153 E390.18259
G0 F11700 X72.818 Y109.305
G1 F2340 X77.178 Y113.665 E390.61172
G0 F11700 X77.178 Y112.816
G1 F2340 X72.818 Y108.456 E391.04085
G0 F11700 X72.818 Y107.608
G1 F2340 X77.178 Y111.968 E391.46998
G0 F11700 X77.178 Y111.119
G1 F2340 X72.818 Y106.759 E391.89912
G0 F11700 X72.818 Y105.91
G1 F2340 X77.178 Y110.27 E392.32825
G0 F11700 X77.178 Y109.422
G1 F2340 X72.818 Y105.062 E392.75738
G0 F11700 X72.818 Y104.213
G1 F2340 X77.178 Y108.573 E393.18651
G0 F11700 X77.178 Y107.725
G1 F2340 X72.818 Y103.365 E393.61564
G0 F11700 X72.818 Y102.516
G1 F2340 X77.178 Y106.876 E394.04478
G0 F11700 X77.178 Y106.028
G1 F2340 X72.818 Y101.668 E394.47391
G0 F11700 X72.818 Y100.819
G1 F2340 X77.178 Y105.179 E394.90304
G0 F11700 X77.178 Y104.331
G1 F2340 X72.818 Y99.971 E395.33217
G0 F11700 X72.818 Y99.122
G1 F2340 X77.178 Y103.482 E395.7613
G0 F11700 X77.178 Y102.634
G1 F2340 X72.818 Y98.274 E396.19044
G0 F11700 X72.818 Y97.425
G1 F2340 X77.178 Y101.785 E396.61957
G0 F11700 X77.178 Y100.937
G1 F2340 X72.818 Y96.577 E397.0487
G0 F11700 X72.818 Y95.728
G1 F2340 X77.178 Y100.088 E397.47783
G0 F11700 X77.177 Y99.239
G1 F2340 X72.818 Y94.88 E397.90687
G0 F11700 X72.818 Y94.031
G1 F2340 X77.177 Y98.39 E398.3359
G0 F11700 X77.177 Y97.542
G1 F2340 X72.818 Y93.183 E398.76493
G0 F11700 X72.818 Y92.334
G1 F2340 X77.177 Y96.693 E399.19397
G0 F11700 X77.177 Y95.845
G1 F2340 X72.818 Y91.485 E399.62305
G0 F11700 X72.818 Y90.637
G1 F2340 X77.177 Y94.996 E400.05208
G0 F11700 X77.177 Y94.148
G1 F2340 X72.818 Y89.788 E400.48117
G0 F11700 X72.818 Y88.94
G1 F2340 X77.177 Y93.299 E400.9102
G0 F11700 X77.177 Y92.451
G1 F2340 X72.818 Y88.091 E401.33928
G0 F11700 X72.818 Y87.243
G1 F2340 X77.177 Y91.602 E401.76832
G0 F11700 X77.177 Y90.754
G1 F2340 X72.818 Y86.394 E402.1974
G0 F11700 X72.818 Y85.546
G1 F2340 X77.177 Y89.905 E402.62643
G0 F11700 X77.177 Y89.057
G1 F2340 X72.818 Y84.697 E403.05552
G0 F11700 X72.818 Y83.849
G1 F2340 X77.177 Y88.208 E403.48455
G0 F11700 X77.177 Y87.36
G1 F2340 X72.818 Y83 E403.91363
G0 F11700 X72.818 Y82.152
G1 F2340 X77.177 Y86.511 E404.34267
G0 F11700 X77.177 Y85.662
G1 F2340 X72.818 Y81.303 E404.7717
G0 F11700 X72.818 Y80.455
G1 F2340 X77.177 Y84.814 E405.20073
G0 F11700 X77.177 Y83.965
G1 F2340 X72.818 Y79.606 E405.62977
G0 F11700 X72.818 Y78.758
G1 F2340 X77.176 Y83.116 E406.0587
G0 F11700 X77.176 Y82.268
G1 F2340 X72.818 Y77.909 E406.48769
G0 F11700 X72.818 Y77.06
G1 F2340 X77.176 Y81.419 E406.91667
G0 F11700 X77.176 Y80.571
G1 F2340 X72.818 Y76.212 E407.34566
G0 F11700 X72.818 Y75.363
G1 F2340 X77.176 Y79.722 E407.77464
G0 F11700 X77.176 Y78.874
G1 F2340 X72.818 Y74.515 E408.20362
G0 F11700 X72.818 Y73.666
G1 F2340 X77.176 Y78.025 E408.63261
G0 F11700 X77.176 Y77.176
G1 F2340 X72.818 Y72.818 E409.06154
G0 F11700 X72.818 Y71.969
G1 F2340 X77.176 Y76.328 E409.49053
G0 F11700 X77.176 Y75.479
G1 F2340 X72.818 Y71.121 E409.91946
G0 F11700 X72.818 Y70.272
G1 F2340 X77.176 Y74.631 E410.34845
G0 F11700 X77.176 Y73.782
G1 F2340 X72.818 Y69.424 E410.77738
G0 F11700 X72.818 Y68.575
G1 F2340 X77.176 Y72.934 E411.20637
G0 F11700 X77.176 Y72.085
G1 F2340 X72.818 Y67.727 E411.6353
G0 F11700 X72.818 Y66.878
G1 F2340 X77.176 Y71.237 E412.06429
G0 F11700 X77.176 Y70.388
G1 F2340 X72.818 Y66.03 E412.49322
G0 F11700 X72.818 Y65.181
G1 F2340 X77.176 Y69.54 E412.92221
G0 F11700 X77.176 Y68.691
G1 F2340 X72.818 Y64.333 E413.35114
G0 F11700 X72.818 Y63.484
G1 F2340 X77.176 Y67.843 E413.78013
G0 F11700 X77.176 Y66.994
G1 F2340 X72.818 Y62.636 E414.20906
G0 F11700 X72.818 Y61.787
G1 F2340 X77.176 Y66.145 E414.638
G0 F11700 X77.176 Y65.296
G1 F2340 X72.818 Y60.938 E415.06693
G0 F11700 X72.818 Y60.09
G1 F2340 X77.176 Y64.448 E415.49587
G0 F11700 X77.176 Y63.599
G1 F2340 X72.818 Y59.241 E415.9248
G0 F11700 X72.818 Y58.393
G1 F2340 X77.176 Y62.751 E416.35374
G0 F11700 X77.176 Y61.902
G1 F2340 X72.818 Y57.544 E416.78267
G0 F11700 X72.818 Y56.696
G1 F2340 X77.176 Y61.054 E417.21161
G0 F11700 X77.176 Y60.205
G1 F2340 X72.818 Y55.847 E417.64054
G0 F11700 X72.818 Y54.999
G1 F2340 X77.176 Y59.357 E418.06948
G0 F11700 X77.176 Y58.508
G1 F2340 X72.818 Y54.15 E418.49841
G0 F11700 X72.818 Y53.302
G1 F2340 X77.176 Y57.66 E418.92735
G0 F11700 X77.176 Y56.811
G1 F2340 X72.818 Y52.453 E419.35628
G0 F11700 X72.818 Y51.605
G1 F2340 X77.176 Y55.963 E419.78522
G0 F11700 X77.176 Y55.114
G1 F2340 X72.818 Y50.756 E420.21416
G0 F11700 X72.818 Y49.908
G1 F2340 X77.176 Y54.265 E420.64304
G0 F11700 X77.176 Y53.417
G1 F2340 X72.818 Y49.059 E421.07198
G0 F11700 X72.818 Y48.211
G1 F2340 X77.176 Y52.568 E421.50086
G0 F11700 X77.176 Y51.72
G1 F2340 X72.818 Y47.362 E421.9298
G0 F11700 X72.818 Y46.513
G1 F2340 X77.176 Y50.871 E422.35873
G0 F11700 X77.175 Y50.022
G1 F2340 X72.818 Y45.665 E422.78757
G0 F11700 X72.818 Y44.816
G1 F2340 X77.175 Y49.174 E423.21646
G0 F11700 X77.175 Y48.325
G1 F2340 X72.818 Y43.968 E423.64529
G0 F11700 X72.818 Y43.119
G1 F2340 X77.175 Y47.477 E424.07418
G0 F11700 X77.175 Y46.628
G1 F2340 X72.818 Y42.271 E424.50302
G0 F11700 X72.818 Y41.422
G1 F2340 X77.175 Y45.78 E424.9319
G0 F11700 X77.175 Y44.931
G1 F2340 X72.818 Y40.574 E425.36074
G0 F11700 X72.818 Y39.725
G1 F2340 X77.175 Y44.082 E425.78957
G0 F11700 X77.175 Y43.234
G1 F2340 X72.818 Y38.877 E426.21841
G0 F11700 X72.818 Y38.028
G1 F2340 X77.175 Y42.385 E426.64725
G0 F11700 X77.175 Y41.537
G1 F2340 X72.818 Y37.18 E427.07608
G0 F11700 X72.818 Y36.331
G1 F2340 X77.175 Y40.688 E427.50492
G0 F11700 X77.175 Y39.84
G1 F2340 X72.818 Y35.483 E427.93376
G0 F11700 X72.818 Y34.634
G1 F2340 X77.175 Y38.991 E428.3626
G0 F11700 X77.175 Y38.143
G1 F2340 X73.043 Y34.01 E428.76934
G0 F11700 X73.891 Y34.01
G1 F2340 X77.175 Y37.294 E429.09256
G0 F11700 X77.175 Y36.446
G1 F2340 X74.74 Y34.01 E429.33228
G0 F11700 X75.588 Y34.01
G1 F2340 X77.175 Y35.597 E429.48848
G0 F11700 X77.175 Y34.749
G1 F2340 X76.437 Y34.01 E429.56116
G1 F2400 E423.06116
G1 F1200 Z1.37
;MESH:NONMESH
G0 F11700 X68.688 Y115.6
;TIME_ELAPSED:277.862186
;LAYER:3
M106 S85
;MESH:guia de montagem rolamento Y.stl(1)
G0 Z1.68
;TYPE:WALL-INNER
G1 F1200 Z1.08
G1 F2400 E429.77735
G1 F3480 X68.684 Y34.4 E435.42862
G1 X65.108 Y34.4 E435.6775
G1 X65.108 Y115.6 E441.32876
G1 X68.365 Y115.6 E441.55543
G0 F3132 X68.688 Y115.6
G0 F11700 X69.288 Y116.2
G1 F3480 X69.284 Y33.8 E447.29021
G1 X64.508 Y33.8 E447.62261
G1 X64.508 Y116.2 E453.35739
G1 X68.965 Y116.2 E453.66758
G0 F3132 X69.288 Y116.2
G0 F11700 X69.788 Y116.7
;TYPE:WALL-OUTER
G1 F2100 X69.784 Y33.3 E459.14949
G1 X64.008 Y33.3 E459.52915
G1 X64.008 Y116.7 E465.01106
G1 X69.446 Y116.7 E465.3685
G0 F1890 X69.788 Y116.7
G0 F11700 X69.788 Y116.6
G1 F2400 E458.8685
G1 F1200 Z1.68
G0 F11700 X68.477 Y114.805
;TYPE:SKIN
G1 F1200 Z1.08
G1 F2400 E465.58469
G1 F2340 X67.892 Y115.39 E465.64227
G0 F11700 X67.044 Y115.39
G1 F2340 X68.477 Y113.957 E465.78331
G0 F11700 X68.477 Y113.108
G1 F2340 X66.195 Y115.39 E466.00792
G0 F11700 X65.347 Y115.39
G1 F2340 X68.477 Y112.26 E466.31599
G0 F11700 X68.477 Y111.411
G1 F2340 X65.318 Y114.57 E466.62691
G0 F11700 X65.318 Y113.721
G1 F2340 X68.477 Y110.563 E466.93779
G0 F11700 X68.477 Y109.714
G1 F2340 X65.318 Y112.873 E467.24871
G0 F11700 X65.318 Y112.024
G1 F2340 X68.477 Y108.865 E467.55963
G0 F11700 X68.477 Y108.017
G1 F2340 X65.318 Y111.176 E467.87056
G0 F11700 X65.318 Y110.327
G1 F2340 X68.477 Y107.168 E468.18148
G0 F11700 X68.477 Y106.32
G1 F2340 X65.318 Y109.479 E468.49241
G0 F11700 X65.318 Y108.63
G1 F2340 X68.477 Y105.471 E468.80333
G0 F11700 X68.477 Y104.623
G1 F2340 X65.318 Y107.781 E469.11421
G0 F11700 X65.318 Y106.933
G1 F2340 X68.477 Y103.774 E469.42513
G0 F11700 X68.477 Y102.926
G1 F2340 X65.318 Y106.084 E469.736
G0 F11700 X65.318 Y105.236
G1 F2340 X68.477 Y102.077 E470.04693
G0 F11700 X68.476 Y101.229
G1 F2340 X65.318 Y104.387 E470.35775
G0 F11700 X65.318 Y103.539
G1 F2340 X68.476 Y100.381 E470.66858
G0 F11700 X68.476 Y99.532
G1 F2340 X65.318 Y102.69 E470.9794
G0 F11700 X65.318 Y101.842
G1 F2340 X68.476 Y98.684 E471.29023
G0 F11700 X68.476 Y97.835
G1 F2340 X65.318 Y100.993 E471.60105
G0 F11700 X65.318 Y100.145
G1 F2340 X68.476 Y96.987 E471.91188
G0 F11700 X68.476 Y96.138
G1 F2340 X65.318 Y99.296 E472.22271
G0 F11700 X65.318 Y98.448
G1 F2340 X68.476 Y95.29 E472.53353
G0 F11700 X68.476 Y94.441
G1 F2340 X65.318 Y97.599 E472.84436
G0 F11700 X65.318 Y96.751
G1 F2340 X68.476 Y93.593 E473.15518
G0 F11700 X68.476 Y92.744
G1 F2340 X65.318 Y95.902 E473.46601
G0 F11700 X65.318 Y95.054
G1 F2340 X68.476 Y91.896 E473.77683
G0 F11700 X68.476 Y91.047
G1 F2340 X65.318 Y94.205 E474.08766
G0 F11700 X65.318 Y93.356
G1 F2340 X68.476 Y90.199 E474.39843
G0 F11700 X68.476 Y89.35
G1 F2340 X65.318 Y92.508 E474.70926
G0 F11700 X65.318 Y91.659
G1 F2340 X68.476 Y88.501 E475.02009
G0 F11700 X68.476 Y87.654
G1 F2340 X65.318 Y90.811 E475.33086
G0 F11700 X65.318 Y89.962
G1 F2340 X68.476 Y86.805 E475.64164
G0 F11700 X68.476 Y85.957
G1 F2340 X65.318 Y89.114 E475.95241
G0 F11700 X65.318 Y88.265
G1 F2340 X68.476 Y85.108 E476.26319
G0 F11700 X68.476 Y84.26
G1 F2340 X65.318 Y87.417 E476.57397
G0 F11700 X65.318 Y86.568
G1 F2340 X68.476 Y83.411 E476.88474
G0 F11700 X68.476 Y82.562
G1 F2340 X65.318 Y85.72 E477.19557
G0 F11700 X65.318 Y84.871
G1 F2340 X68.476 Y81.714 E477.50635
G0 F11700 X68.476 Y80.865
G1 F2340 X65.318 Y84.023 E477.81717
G0 F11700 X65.318 Y83.174
G1 F2340 X68.476 Y80.017 E478.12795
G0 F11700 X68.476 Y79.168
G1 F2340 X65.318 Y82.326 E478.43877
G0 F11700 X65.318 Y81.477
G1 F2340 X68.476 Y78.32 E478.74955
G0 F11700 X68.476 Y77.471
G1 F2340 X65.318 Y80.629 E479.06037
G0 F11700 X65.318 Y79.78
G1 F2340 X68.476 Y76.623 E479.37115
G0 F11700 X68.476 Y75.774
G1 F2340 X65.318 Y78.932 E479.68198
G0 F11700 X65.318 Y78.083
G1 F2340 X68.475 Y74.926 E479.9927
G0 F11700 X68.475 Y74.078
G1 F2340 X65.318 Y77.234 E480.30338
G0 F11700 X65.318 Y76.386
G1 F2340 X68.475 Y73.229 E480.61411
G0 F11700 X68.475 Y72.381
G1 F2340 X65.318 Y75.537 E480.92479
G0 F11700 X65.318 Y74.689
G1 F2340 X68.475 Y71.532 E481.23551
G0 F11700 X68.475 Y70.684
G1 F2340 X65.318 Y73.84 E481.54619
G0 F11700 X65.318 Y72.992
G1 F2340 X68.475 Y69.835 E481.85692
G0 F11700 X68.475 Y68.987
G1 F2340 X65.318 Y72.143 E482.1676
G0 F11700 X65.318 Y71.295
G1 F2340 X68.475 Y68.138 E482.47832
G0 F11700 X68.475 Y67.29
G1 F2340 X65.318 Y70.446 E482.789
G0 F11700 X65.318 Y69.598
G1 F2340 X68.475 Y66.441 E483.09973
G0 F11700 X68.475 Y65.593
G1 F2340 X65.318 Y68.749 E483.41041
G0 F11700 X65.318 Y67.901
G1 F2340 X68.475 Y64.744 E483.72113
G0 F11700 X68.475 Y63.896
G1 F2340 X65.318 Y67.052 E484.03181
G0 F11700 X65.318 Y66.204
G1 F2340 X68.475 Y63.047 E484.34254
G0 F11700 X68.475 Y62.199
G1 F2340 X65.318 Y65.355 E484.65321
G0 F11700 X65.318 Y64.507
G1 F2340 X68.474 Y61.351 E484.96384
G0 F11700 X68.474 Y60.502
G1 F2340 X65.318 Y63.658 E485.27447
G0 F11700 X65.318 Y62.809
G1 F2340 X68.474 Y59.654 E485.58505
G0 F11700 X68.474 Y58.805
G1 F2340 X65.318 Y61.961 E485.89568
G0 F11700 X65.318 Y61.112
G1 F2340 X68.474 Y57.957 E486.20626
G0 F11700 X68.474 Y57.108
G1 F2340 X65.318 Y60.264 E486.51689
G0 F11700 X65.318 Y59.415
G1 F2340 X68.474 Y56.26 E486.82747
G0 F11700 X68.474 Y55.411
G1 F2340 X65.318 Y58.567 E487.1381
G0 F11700 X65.318 Y57.718
G1 F2340 X68.474 Y54.562 E487.44872
G0 F11700 X68.474 Y53.714
G1 F2340 X65.318 Y56.87 E487.75935
G0 F11700 X65.318 Y56.021
G1 F2340 X68.474 Y52.865 E488.06998
G0 F11700 X68.474 Y52.017
G1 F2340 X65.318 Y55.173 E488.38061
G0 F11700 X65.318 Y54.324
G1 F2340 X68.474 Y51.168 E488.69124
G0 F11700 X68.474 Y50.32
G1 F2340 X65.318 Y53.476 E489.00187
G0 F11700 X65.318 Y52.627
G1 F2340 X68.474 Y49.471 E489.3125
G0 F11700 X68.474 Y48.623
G1 F2340 X65.318 Y51.779 E489.62313
G0 F11700 X65.318 Y50.93
G1 F2340 X68.473 Y47.775 E489.93366
G0 F11700 X68.473 Y46.926
G1 F2340 X65.318 Y50.082 E490.24423
G0 F11700 X65.318 Y49.233
G1 F2340 X68.473 Y46.078 E490.55477
G0 F11700 X68.473 Y45.229
G1 F2340 X65.318 Y48.384 E490.8653
G0 F11700 X65.318 Y47.536
G1 F2340 X68.473 Y44.381 E491.17583
G0 F11700 X68.473 Y43.532
G1 F2340 X65.318 Y46.687 E491.48636
G0 F11700 X65.318 Y45.839
G1 F2340 X68.473 Y42.684 E491.79689
G0 F11700 X68.473 Y41.835
G1 F2340 X65.318 Y44.99 E492.10742
G0 F11700 X65.318 Y44.142
G1 F2340 X68.473 Y40.987 E492.41795
G0 F11700 X68.473 Y40.138
G1 F2340 X65.318 Y43.293 E492.72848
G0 F11700 X65.318 Y42.445
G1 F2340 X68.473 Y39.29 E493.03901
G0 F11700 X68.473 Y38.441
G1 F2340 X65.318 Y41.596 E493.34954
G0 F11700 X65.318 Y40.748
G1 F2340 X68.473 Y37.593 E493.66007
G0 F11700 X68.473 Y36.744
G1 F2340 X65.318 Y39.899 E493.9706
G0 F11700 X65.318 Y39.051
G1 F2340 X68.473 Y35.896 E494.28113
G0 F11700 X68.473 Y35.047
G1 F2340 X65.318 Y38.202 E494.59166
G0 F11700 X65.318 Y37.354
G1 F2340 X68.062 Y34.61 E494.86174
G0 F11700 X67.213 Y34.61
G1 F2340 X65.318 Y36.505 E495.04825
G0 F11700 X65.318 Y35.657
G1 F2340 X66.365 Y34.61 E495.1513
G0 F11700 X65.516 Y34.61
G1 F2340 X65.318 Y34.808 E495.17079
G1 F2400 E488.67079
G1 F1200 Z1.68
;MESH:guia de montagem rolamento Y.stl
G0 F11700 X76.788 Y115.6
;TYPE:WALL-INNER
G1 F1200 Z1.08
G1 F2400 E495.38698
G1 F3480 X76.784 Y34.4 E501.03824
G1 X73.208 Y34.4 E501.28712
G1 X73.208 Y115.6 E506.93838
G1 X76.465 Y115.6 E507.16506
G0 F3132 X76.788 Y115.6
G0 F11700 X77.388 Y116.2
G1 F3480 X77.384 Y33.8 E512.89984
G1 X72.608 Y33.8 E513.23223
G1 X72.608 Y116.2 E518.96701
G1 X77.065 Y116.2 E519.27721
G0 F3132 X77.388 Y116.2
G0 F11700 X77.888 Y116.7
;TYPE:WALL-OUTER
G1 F2100 X77.884 Y33.3 E524.75912
G1 X72.108 Y33.3 E525.13878
G1 X72.108 Y116.7 E530.62069
G1 X77.546 Y116.7 E530.97813
G0 F1890 X77.888 Y116.7
G0 F11700 X77.888 Y116.6
G1 F2400 E524.47813
G1 F1200 Z1.68
G0 F11700 X76.578 Y115.19
;TYPE:SKIN
G1 F1200 Z1.08
G1 F2400 E531.19432
G1 F2340 X76.377 Y115.39 E531.21405
G0 F11700 X75.529 Y115.39
G1 F2340 X76.578 Y114.341 E531.3173
G0 F11700 X76.578 Y113.493
G1 F2340 X74.68 Y115.39 E531.50406
G0 F11700 X73.832 Y115.39
G1 F2340 X76.578 Y112.644 E531.77434
G0 F11700 X76.578 Y111.796
G1 F2340 X73.417 Y114.956 E532.08541
G0 F11700 X73.417 Y114.107
G1 F2340 X76.578 Y110.947 E532.39648
G0 F11700 X76.578 Y110.099
G1 F2340 X73.417 Y113.259 E532.70755
G0 F11700 X73.417 Y112.41
G1 F2340 X76.578 Y109.25 E533.01862
G0 F11700 X76.578 Y108.402
G1 F2340 X73.417 Y111.562 E533.32969
G0 F11700 X73.417 Y110.713
G1 F2340 X76.578 Y107.553 E533.64076
G0 F11700 X76.578 Y106.705
G1 F2340 X73.417 Y109.865 E533.95184
G0 F11700 X73.417 Y109.016
G1 F2340 X76.578 Y105.856 E534.26291
G0 F11700 X76.578 Y105.007
G1 F2340 X73.417 Y108.168 E534.57403
G0 F11700 X73.417 Y107.319
G1 F2340 X76.578 Y104.159 E534.8851
G0 F11700 X76.578 Y103.31
G1 F2340 X73.417 Y106.47 E535.19617
G0 F11700 X73.417 Y105.622
G1 F2340 X76.578 Y102.462 E535.50724
G0 F11700 X76.577 Y101.614
G1 F2340 X73.417 Y104.773 E535.81822
G0 F11700 X73.417 Y103.925
G1 F2340 X76.577 Y100.766 E536.12919
G0 F11700 X76.577 Y99.917
G1 F2340 X73.417 Y103.076 E536.44016
G0 F11700 X73.417 Y102.228
G1 F2340 X76.577 Y99.068 E536.75118
G0 F11700 X76.577 Y98.22
G1 F2340 X73.417 Y101.379 E537.06216
G0 F11700 X73.417 Y100.531
G1 F2340 X76.577 Y97.371 E537.37318
G0 F11700 X76.577 Y96.523
G1 F2340 X73.417 Y99.682 E537.68415
G0 F11700 X73.417 Y98.834
G1 F2340 X76.577 Y95.674 E537.99518
G0 F11700 X76.577 Y94.826
G1 F2340 X73.417 Y97.985 E538.30615
G0 F11700 X73.417 Y97.137
G1 F2340 X76.577 Y93.977 E538.61717
G0 F11700 X76.577 Y93.129
G1 F2340 X73.417 Y96.288 E538.92814
G0 F11700 X73.417 Y95.44
G1 F2340 X76.577 Y92.28 E539.23917
G0 F11700 X76.577 Y91.432
G1 F2340 X73.417 Y94.591 E539.55014
G0 F11700 X73.417 Y93.743
G1 F2340 X76.577 Y90.583 E539.86116
G0 F11700 X76.577 Y89.735
G1 F2340 X73.417 Y92.894 E540.17214
G0 F11700 X73.417 Y92.046
G1 F2340 X76.577 Y88.886 E540.48316
G0 F11700 X76.576 Y88.038
G1 F2340 X73.417 Y91.197 E540.79408
G0 F11700 X73.417 Y90.348
G1 F2340 X76.576 Y87.19 E541.10496
G0 F11700 X76.576 Y86.341
G1 F2340 X73.417 Y89.5 E541.41588
G0 F11700 X73.417 Y88.651
G1 F2340 X76.576 Y85.493 E541.72675
G0 F11700 X76.576 Y84.644
G1 F2340 X73.417 Y87.803 E542.03768
G0 F11700 X73.417 Y86.954
G1 F2340 X76.576 Y83.796 E542.34855
G0 F11700 X76.576 Y82.947
G1 F2340 X73.417 Y86.106 E542.65948
G0 F11700 X73.417 Y85.257
G1 F2340 X76.576 Y82.099 E542.97035
G0 F11700 X76.576 Y81.25
G1 F2340 X73.417 Y84.409 E543.28128
G0 F11700 X73.417 Y83.56
G1 F2340 X76.576 Y80.402 E543.59215
G0 F11700 X76.576 Y79.553
G1 F2340 X73.417 Y82.712 E543.90307
G0 F11700 X73.417 Y81.863
G1 F2340 X76.576 Y78.705 E544.21395
G0 F11700 X76.576 Y77.856
G1 F2340 X73.417 Y81.015 E544.52487
G0 F11700 X73.417 Y80.166
G1 F2340 X76.576 Y77.007 E544.8358
G0 F11700 X76.576 Y76.159
G1 F2340 X73.417 Y79.318 E545.14672
G0 F11700 X73.417 Y78.469
G1 F2340 X76.576 Y75.31 E545.45764
G0 F11700 X76.575 Y74.463
G1 F2340 X73.417 Y77.621 E545.76847
G0 F11700 X73.417 Y76.772
G1 F2340 X76.575 Y73.614 E546.0793
G0 F11700 X76.575 Y72.766
G1 F2340 X73.417 Y75.923 E546.39007
G0 F11700 X73.417 Y75.075
G1 F2340 X76.575 Y71.917 E546.7009
G0 F11700 X76.575 Y71.068
G1 F2340 X73.417 Y74.226 E547.01172
G0 F11700 X73.417 Y73.378
G1 F2340 X76.575 Y70.22 E547.32255
G0 F11700 X76.575 Y69.371
G1 F2340 X73.417 Y72.529 E547.63337
G0 F11700 X73.417 Y71.681
G1 F2340 X76.575 Y68.523 E547.9442
G0 F11700 X76.575 Y67.674
G1 F2340 X73.417 Y70.832 E548.25502
G0 F11700 X73.417 Y69.984
G1 F2340 X76.575 Y66.826 E548.56585
G0 F11700 X76.575 Y65.977
G1 F2340 X73.417 Y69.135 E548.87668
G0 F11700 X73.417 Y68.287
G1 F2340 X76.575 Y65.129 E549.1875
G0 F11700 X76.575 Y64.28
G1 F2340 X73.417 Y67.438 E549.49833
G0 F11700 X73.417 Y66.59
G1 F2340 X76.575 Y63.432 E549.80915
G0 F11700 X76.575 Y62.583
G1 F2340 X73.417 Y65.741 E550.11998
G0 F11700 X73.417 Y64.893
G1 F2340 X76.575 Y61.735 E550.4308
G0 F11700 X76.575 Y60.887
G1 F2340 X73.417 Y64.044 E550.74158
G0 F11700 X73.417 Y63.196
G1 F2340 X76.575 Y60.038 E551.0524
G0 F11700 X76.575 Y59.19
G1 F2340 X73.417 Y62.347 E551.36318
G0 F11700 X73.417 Y61.498
G1 F2340 X76.575 Y58.341 E551.67396
G0 F11700 X76.575 Y57.493
G1 F2340 X73.417 Y60.65 E551.98473
G0 F11700 X73.417 Y59.801
G1 F2340 X76.575 Y56.644 E552.29551
G0 F11700 X76.575 Y55.796
G1 F2340 X73.417 Y58.953 E552.60629
G0 F11700 X73.417 Y58.104
G1 F2340 X76.575 Y54.947 E552.91706
G0 F11700 X76.575 Y54.099
G1 F2340 X73.417 Y57.256 E553.22784
G0 F11700 X73.417 Y56.407
G1 F2340 X76.575 Y53.25 E553.53861
G0 F11700 X76.575 Y52.402
G1 F2340 X73.417 Y55.559 E553.84939
G0 F11700 X73.417 Y54.71
G1 F2340 X76.575 Y51.553 E554.16017
G0 F11700 X76.575 Y50.705
G1 F2340 X73.417 Y53.862 E554.47094
G0 F11700 X73.417 Y53.013
G1 F2340 X76.575 Y49.856 E554.78172
G0 F11700 X76.575 Y49.007
G1 F2340 X73.417 Y52.165 E555.09255
G0 F11700 X73.417 Y51.316
G1 F2340 X76.575 Y48.159 E555.40332
G0 F11700 X76.574 Y47.311
G1 F2340 X73.417 Y50.468 E555.71405
G0 F11700 X73.417 Y49.619
G1 F2340 X76.574 Y46.463 E556.02473
G0 F11700 X76.574 Y45.614
G1 F2340 X73.417 Y48.771 E556.33545
G0 F11700 X73.417 Y47.922
G1 F2340 X76.574 Y44.766 E556.64613
G0 F11700 X76.574 Y43.917
G1 F2340 X73.417 Y47.074 E556.95686
G0 F11700 X73.417 Y46.225
G1 F2340 X76.574 Y43.068 E557.26759
G0 F11700 X76.574 Y42.22
G1 F2340 X73.417 Y45.376 E557.57826
G0 F11700 X73.417 Y44.528
G1 F2340 X76.574 Y41.371 E557.88899
G0 F11700 X76.574 Y40.523
G1 F2340 X73.417 Y43.679 E558.19967
G0 F11700 X73.417 Y42.831
G1 F2340 X76.574 Y39.674 E558.51039
G0 F11700 X76.574 Y38.826
G1 F2340 X73.417 Y41.982 E558.82107
G0 F11700 X73.417 Y41.134
G1 F2340 X76.574 Y37.977 E559.1318
G0 F11700 X76.574 Y37.129
G1 F2340 X73.417 Y40.285 E559.44248
G0 F11700 X73.417 Y39.437
G1 F2340 X76.574 Y36.28 E559.7532
G0 F11700 X76.574 Y35.432
G1 F2340 X73.417 Y38.588 E560.06388
G0 F11700 X73.417 Y37.74
G1 F2340 X76.547 Y34.61 E560.37195
G0 F11700 X75.699 Y34.61
G1 F2340 X73.417 Y36.891 E560.59651
G0 F11700 X73.417 Y36.043
G1 F2340 X74.85 Y34.61 E560.73755
G0 F11700 X74.002 Y34.61
G1 F2340 X73.417 Y35.194 E560.79508
G1 F2400 E554.29508
G1 F1200 Z1.68
;MESH:NONMESH
G0 F11700 X69.288 Y116.2
;TIME_ELAPSED:331.274438
;LAYER:4
M106 S113.3
;MESH:guia de montagem rolamento Y.stl(1)
G0 Z1.99
;TYPE:WALL-INNER
G1 F1200 Z1.39
G1 F2400 E561.01127
G1 F3480 X69.284 Y33.8 E566.74605
G1 X64.508 Y33.8 E567.07844
G1 X64.508 Y116.2 E572.81322
G1 X68.965 Y116.2 E573.12342
G0 F3132 X69.288 Y116.2
G0 F11700 X69.788 Y116.7
;TYPE:WALL-OUTER
G1 F2100 X69.784 Y33.3 E578.60533
G1 X64.008 Y33.3 E578.98499
G1 X64.008 Y116.7 E584.4669
G1 X69.446 Y116.7 E584.82434
G0 F1890 X69.788 Y116.7
G0 F11700 X69.788 Y116.6
G1 F2400 E578.32434
G1 F1200 Z1.99
G0 F11700 X68.387 Y115.475
G0 X68.804 Y34.28
;TYPE:FILL
G1 F1200 Z1.39
G1 F2400 E585.04053
G1 F3900 X66.89 Y34.28 E585.17374
G1 X64.988 Y36.182 E585.36094
G1 X64.988 Y39.146 E585.56723
G1 X68.804 Y42.962 E585.94281
G1 X68.804 Y45.943 E586.15028
G1 X64.988 Y49.758 E586.52582
G1 X64.988 Y52.723 E586.73218
G1 X68.805 Y56.54 E587.10786
G1 X68.804 Y59.519 E587.31519
G1 X64.988 Y63.335 E587.69078
G1 X64.988 Y66.299 E587.89707
G1 X68.806 Y70.117 E588.27285
G1 X68.805 Y73.094 E588.48004
G1 X64.988 Y76.911 E588.85573
G1 X64.988 Y79.875 E589.06202
G1 X68.806 Y83.694 E589.43785
G1 X68.806 Y86.67 E589.64497
G1 X64.988 Y90.488 E590.02076
G1 X64.988 Y93.452 E590.22704
G1 X68.807 Y97.271 E590.60293
G1 X68.806 Y100.246 E590.80998
G1 X64.988 Y104.064 E591.18576
G1 X64.988 Y107.028 E591.39205
G1 X68.808 Y110.848 E591.76803
G1 X68.807 Y113.822 E591.97501
G1 X66.901 Y115.728 E592.16261
G1 X64.988 Y113.817 E592.3508
G1 X64.988 Y110.852 E592.55715
G1 X68.807 Y107.033 E592.93304
G1 X68.808 Y104.06 E593.13995
G1 X64.988 Y100.24 E593.51593
G1 X64.988 Y97.276 E593.72222
G1 X68.806 Y93.458 E594.098
G1 X68.807 Y90.483 E594.30505
G1 X64.988 Y86.664 E594.68094
G1 X64.988 Y83.7 E594.88722
G1 X68.806 Y79.882 E595.26301
G1 X68.806 Y76.906 E595.47013
G1 X64.988 Y73.087 E595.84596
G1 X64.988 Y70.123 E596.05225
G1 X68.805 Y66.306 E596.42793
G1 X68.806 Y63.328 E596.63519
G1 X64.988 Y59.511 E597.01093
G1 X64.988 Y56.547 E597.21722
G1 X68.804 Y52.73 E597.59285
G1 X68.805 Y49.751 E597.80018
G1 X64.988 Y45.934 E598.17587
G1 X64.988 Y42.97 E598.38215
G1 X68.804 Y39.155 E598.75769
G1 X68.804 Y36.174 E598.96516
G1 X66.91 Y34.28 E599.15158
G1 X66.804 Y34.174
G0 F11700 X66.804 Y34.7
G1 F2400 E592.65158
G1 F1200 Z1.99
;MESH:guia de montagem rolamento Y.stl
G0 F11700 X77.388 Y116.2
;TYPE:WALL-INNER
G1 F1200 Z1.39
G1 F2400 E599.36777
G1 F3480 X77.384 Y33.8 E605.10255
G1 X72.608 Y33.8 E605.43494
G1 X72.608 Y116.2 E611.16972
G1 X77.065 Y116.2 E611.47992
G0 F3132 X77.388 Y116.2
G0 F11700 X77.888 Y116.7
;TYPE:WALL-OUTER
G1 F2100 X77.884 Y33.3 E616.96183
G1 X72.108 Y33.3 E617.34148
G1 X72.108 Y116.7 E622.8234
G1 X77.546 Y116.7 E623.18084
G0 F1890 X77.888 Y116.7
G0 F11700 X77.888 Y116.6
G1 F2400 E616.68084
G1 F1200 Z1.99
G0 F11700 X76.487 Y115.475
G0 X76.904 Y34.28
;TYPE:FILL
G1 F1200 Z1.39
G1 F2400 E623.39703
G1 F3900 X74.991 Y34.28 E623.53017
G1 X73.088 Y36.183 E623.71747
G1 X73.088 Y39.147 E623.92375
G1 X76.905 Y42.964 E624.29944
G1 X76.904 Y45.943 E624.50677
G1 X73.088 Y49.759 E624.88236
G1 X73.088 Y52.723 E625.08864
G1 X76.906 Y56.541 E625.46443
G1 X76.905 Y59.519 E625.67169
G1 X73.088 Y63.336 E626.04738
G1 X73.088 Y66.3 E626.25366
G1 X76.906 Y70.118 E626.62945
G1 X76.906 Y73.094 E626.83657
G1 X73.088 Y76.912 E627.21235
G1 X73.088 Y79.876 E627.41864
G1 X76.907 Y83.695 E627.79452
G1 X76.906 Y86.67 E628.00157
G1 X73.088 Y90.488 E628.37736
G1 X73.088 Y93.453 E628.58371
G1 X76.908 Y97.272 E628.95965
G1 X76.907 Y100.246 E629.16663
G1 X73.088 Y104.065 E629.54251
G1 X73.088 Y107.029 E629.7488
G1 X76.908 Y110.85 E630.12483
G1 X76.908 Y113.822 E630.33167
G1 X75 Y115.729 E630.51942
G1 X73.088 Y113.817 E630.7076
G1 X73.088 Y110.853 E630.91389
G1 X76.908 Y107.033 E631.28987
G1 X76.908 Y104.061 E631.49671
G1 X73.088 Y100.241 E631.8727
G1 X73.088 Y97.277 E632.07898
G1 X76.907 Y93.458 E632.45487
G1 X76.908 Y90.484 E632.66185
G1 X73.088 Y86.664 E633.03783
G1 X73.088 Y83.7 E633.24411
G1 X76.906 Y79.882 E633.6199
G1 X76.907 Y76.907 E633.82695
G1 X73.088 Y73.088 E634.20284
G1 X73.088 Y70.124 E634.40912
G1 X76.906 Y66.306 E634.78491
G1 X76.906 Y63.33 E634.99203
G1 X73.088 Y59.512 E635.36781
G1 X73.088 Y56.547 E635.57417
G1 X76.905 Y52.73 E635.94985
G1 X76.906 Y49.753 E636.15704
G1 X73.088 Y45.935 E636.53283
G1 X73.088 Y42.971 E636.73912
G1 X76.904 Y39.155 E637.1147
G1 X76.905 Y36.176 E637.32203
G1 X75.01 Y34.281 E637.50855
G1 X74.904 Y34.175
G0 F11700 X74.904 Y34.7
G1 F2400 E631.00855
G1 F1200 Z1.99
;MESH:NONMESH
G0 F11700 X68.688 Y115.6
;TIME_ELAPSED:359.006029
;LAYER:5
M106 S141.7
;MESH:guia de montagem rolamento Y.stl(1)
G0 Z2.3
;TYPE:WALL-INNER
G1 F1200 Z1.7
G1 F2400 E637.72474
G1 F3480 X68.684 Y34.4 E643.376
G1 X65.108 Y34.4 E643.62488
G1 X65.108 Y115.6 E649.27614
G1 X68.365 Y115.6 E649.50282
G0 F3132 X68.688 Y115.6
G0 F11700 X69.288 Y116.2
G1 F3480 X69.284 Y33.8 E655.2376
G1 X64.508 Y33.8 E655.56999
G1 X64.508 Y116.2 E661.30477
G1 X68.965 Y116.2 E661.61497
G0 F3132 X69.288 Y116.2
G0 F11700 X69.788 Y116.7
;TYPE:WALL-OUTER
G1 F2100 X69.784 Y33.3 E667.09688
G1 X64.008 Y33.3 E667.47653
G1 X64.008 Y116.7 E672.95844
G1 X69.446 Y116.7 E673.31589
G0 F1890 X69.788 Y116.7
G0 F11700 X69.788 Y116.6
G1 F2400 E666.81589
G1 F1200 Z2.3
G0 F11700 X67.787 Y114.875
G0 X68.204 Y34.88
;TYPE:FILL
G1 F1200 Z1.7
G1 F2400 E673.53208
G1 F3900 X66.291 Y34.879 E673.66522
G1 X65.588 Y35.582 E673.73441
G1 X65.588 Y39.746 E674.02421
G1 X68.205 Y42.363 E674.28179
G1 X68.204 Y46.542 E674.57263
G1 X65.588 Y49.158 E674.83011
G1 X65.588 Y53.323 E675.11998
G1 X68.205 Y55.94 E675.37756
G1 X68.205 Y60.118 E675.66834
G1 X65.588 Y62.735 E675.92591
G1 X65.588 Y66.899 E676.21571
G1 X68.206 Y69.517 E676.47339
G1 X68.205 Y73.694 E676.7641
G1 X65.588 Y76.311 E677.02167
G1 X65.588 Y80.476 E677.31155
G1 X68.207 Y83.094 E677.56927
G1 X68.206 Y87.27 E677.85991
G1 X65.588 Y89.887 E678.11753
G1 X65.588 Y94.052 E678.4074
G1 X68.207 Y96.671 E678.66518
G1 X68.207 Y100.845 E678.95568
G1 X65.588 Y103.464 E679.21345
G1 X65.588 Y107.629 E679.50332
G1 X68.208 Y110.248 E679.76115
G1 X68.207 Y114.422 E680.05164
G1 X67.509 Y115.12 E680.12034
G1 X66.291 Y115.12 E680.20511
G1 X65.588 Y114.417 E680.2743
G1 X65.588 Y110.252 E680.56418
G1 X68.207 Y107.634 E680.8219
G1 X68.208 Y103.46 E681.1124
G1 X65.588 Y100.84 E681.37027
G1 X65.588 Y96.676 E681.66007
G1 X68.206 Y94.058 E681.91775
G1 X68.207 Y89.882 E682.20838
G1 X65.588 Y87.264 E682.46611
G1 X65.588 Y83.099 E682.75598
G1 X68.205 Y80.482 E683.01356
G1 X68.206 Y76.305 E683.30426
G1 X65.588 Y73.688 E683.56189
G1 X65.588 Y69.523 E683.85176
G1 X68.205 Y66.906 E684.10934
G1 X68.205 Y62.728 E684.40012
G1 X65.588 Y60.111 E684.65769
G1 X65.588 Y55.946 E684.94756
G1 X68.205 Y53.33 E685.20509
G1 X68.205 Y49.151 E685.49594
G1 X65.588 Y46.535 E685.75347
G1 X65.588 Y42.37 E686.04334
G1 X68.204 Y39.754 E686.30082
G1 X68.205 Y35.575 E686.59166
G1 X67.51 Y34.88 E686.66007
G1 X67.404 Y34.774
G0 F11700 X67.404 Y35.3
G1 F2400 E680.16007
G1 F1200 Z2.3
;MESH:guia de montagem rolamento Y.stl
G0 F11700 X76.788 Y115.6
;TYPE:WALL-INNER
G1 F1200 Z1.7
G1 F2400 E686.87626
G1 F3480 X76.784 Y34.4 E692.52752
G1 X73.208 Y34.4 E692.7764
G1 X73.208 Y115.6 E698.42766
G1 X76.465 Y115.6 E698.65434
G0 F3132 X76.788 Y115.6
G0 F11700 X77.388 Y116.2
G1 F3480 X77.384 Y33.8 E704.38912
G1 X72.608 Y33.8 E704.72151
G1 X72.608 Y116.2 E710.45629
G1 X77.065 Y116.2 E710.76648
G0 F3132 X77.388 Y116.2
G0 F11700 X77.888 Y116.7
;TYPE:WALL-OUTER
G1 F2100 X77.884 Y33.3 E716.24839
G1 X72.108 Y33.3 E716.62805
G1 X72.108 Y116.7 E722.10996
G1 X77.546 Y116.7 E722.4674
G0 F1890 X77.888 Y116.7
G0 F11700 X77.888 Y116.6
G1 F2400 E715.9674
G1 F1200 Z2.3
G0 F11700 X75.887 Y114.875
G0 X76.304 Y34.88
;TYPE:FILL
G1 F1200 Z1.7
G1 F2400 E722.6836
G1 F3900 X74.39 Y34.88 E722.8168
G1 X73.688 Y35.583 E722.88595
G1 X73.688 Y39.746 E723.17568
G1 X76.305 Y42.363 E723.43326
G1 X76.304 Y46.543 E723.72417
G1 X73.688 Y49.159 E723.98165
G1 X73.688 Y53.323 E724.27145
G1 X76.305 Y55.941 E724.52908
G1 X76.305 Y60.119 E724.81985
G1 X73.688 Y62.736 E725.07743
G1 X73.688 Y66.899 E725.36716
G1 X76.306 Y69.518 E725.62489
G1 X76.305 Y73.695 E725.91559
G1 X73.688 Y76.312 E726.17317
G1 X73.688 Y80.476 E726.46297
G1 X76.307 Y83.095 E726.72075
G1 X76.306 Y87.27 E727.01131
G1 X73.688 Y89.889 E727.26904
G1 X73.688 Y94.052 E727.55877
G1 X76.307 Y96.672 E727.8166
G1 X76.307 Y100.846 E728.10709
G1 X73.688 Y103.465 E728.36487
G1 X73.688 Y107.629 E728.65467
G1 X76.308 Y110.249 E728.91254
G1 X76.307 Y114.422 E729.20297
G1 X75.61 Y115.12 E729.27162
G1 X74.39 Y115.12 E729.35653
G1 X73.688 Y114.417 E729.42567
G1 X73.688 Y110.254 E729.7154
G1 X76.307 Y107.634 E729.97323
G1 X76.308 Y103.461 E730.26365
G1 X73.688 Y100.84 E730.52158
G1 X73.688 Y96.677 E730.81131
G1 X76.307 Y94.058 E731.06908
G1 X76.307 Y89.884 E731.35958
G1 X73.688 Y87.264 E731.6174
G1 X73.688 Y83.101 E731.90714
G1 X76.306 Y80.482 E732.16486
G1 X76.307 Y76.307 E732.45543
G1 X73.688 Y73.688 E732.7132
G1 X73.688 Y69.524 E733.003
G1 X76.305 Y66.906 E733.26063
G1 X76.306 Y62.73 E733.55127
G1 X73.688 Y60.111 E733.80899
G1 X73.688 Y55.948 E734.09872
G1 X76.305 Y53.331 E734.3563
G1 X76.305 Y49.152 E734.64715
G1 X73.688 Y46.535 E734.90472
G1 X73.688 Y42.371 E735.19453
G1 X76.304 Y39.755 E735.452
G1 X76.305 Y35.575 E735.74292
G1 X75.61 Y34.88 E735.81132
G1 X75.504 Y34.774
G0 F11700 X75.504 Y35.3
G1 F2400 E729.31132
G1 F1200 Z2.3
;MESH:NONMESH
G0 F11700 X69.288 Y116.2
;TIME_ELAPSED:392.264281
;LAYER:6
M106 S170
;MESH:guia de montagem rolamento Y.stl(1)
G0 Z2.61
;TYPE:WALL-INNER
G1 F1200 Z2.01
G1 F2400 E736.02752
G1 F3480 X69.284 Y33.8 E741.76229
G1 X64.508 Y33.8 E742.09469
G1 X64.508 Y116.2 E747.82947
G1 X68.965 Y116.2 E748.13966
G0 F3132 X69.288 Y116.2
G0 F11700 X69.788 Y116.7
;TYPE:WALL-OUTER
G1 F2100 X69.784 Y33.3 E753.62157
G1 X64.008 Y33.3 E754.00123
G1 X64.008 Y116.7 E759.48314
G1 X69.446 Y116.7 E759.84058
G0 F1890 X69.788 Y116.7
G0 F11700 X69.788 Y116.6
G1 F2400 E753.34058
G1 F1200 Z2.61
G0 F11700 X68.387 Y115.475
G0 X66.909 Y115.72
;TYPE:FILL
G1 F1200 Z2.01
G1 F2400 E760.05677
G1 F3900 X68.807 Y113.822 E760.24358
G1 X68.808 Y115.72 E760.37568
G1 X66.892 Y115.72 E760.50903
G1 X64.987 Y113.816 E760.69648
G1 X64.988 Y110.852 E760.90276
G1 X68.807 Y107.033 E761.27864
G1 X68.808 Y110.848 E761.54416
G1 X64.987 Y107.028 E761.92019
G1 X64.988 Y104.064 E762.12647
G1 X68.807 Y100.245 E762.50236
G1 X68.808 Y104.06 E762.76787
G1 X64.987 Y100.239 E763.14395
G1 X64.988 Y97.276 E763.35017
G1 X68.806 Y93.458 E763.72595
G1 X68.807 Y97.271 E763.99132
G1 X64.987 Y93.451 E764.36731
G1 X64.988 Y90.488 E764.57352
G1 X68.806 Y86.669 E764.94936
G1 X68.807 Y90.483 E765.2148
G1 X64.987 Y86.663 E765.59078
G1 X64.988 Y83.7 E765.797
G1 X68.806 Y79.882 E766.17278
G1 X68.806 Y83.694 E766.43809
G1 X64.987 Y79.875 E766.81397
G1 X64.988 Y76.911 E767.02026
G1 X68.806 Y73.094 E767.39599
G1 X68.806 Y76.906 E767.6613
G1 X64.987 Y73.087 E768.03718
G1 X64.988 Y70.123 E768.24347
G1 X68.805 Y66.306 E768.61915
G1 X68.806 Y70.117 E768.88439
G1 X64.987 Y66.298 E769.26027
G1 X64.988 Y63.335 E769.46649
G1 X68.805 Y59.518 E769.84217
G1 X68.806 Y63.328 E770.10734
G1 X64.987 Y59.51 E770.48317
G1 X64.988 Y56.547 E770.68939
G1 X68.804 Y52.73 E771.06503
G1 X68.806 Y56.54 E771.33019
G1 X64.987 Y52.722 E771.70603
G1 X64.988 Y49.758 E771.91231
G1 X68.804 Y45.942 E772.2879
G1 X68.805 Y49.751 E772.55299
G1 X64.987 Y45.934 E772.92873
G1 X64.988 Y42.97 E773.13502
G1 X68.804 Y39.154 E773.5106
G1 X68.805 Y42.963 E773.7757
G1 X64.987 Y39.145 E774.15148
G1 X64.988 Y37.43 E774.27084
G1 X68.804 Y37.43 E774.53642
G1 X68.954 Y37.43
G1 F2400 E768.03642
G1 F1200 Z2.61
G0 F11700 X68.384 Y37.85
G0 X69.074 Y34.284
;TYPE:SKIN
G1 F1200 Z2.01
G1 F2400 E774.75262
G1 F2340 X68.799 Y34.01 E774.77963
G0 F11700 X67.951 Y34.01
G1 F2340 X69.074 Y35.133 E774.89016
G0 F11700 X69.074 Y35.981
G1 F2340 X67.102 Y34.01 E775.08421
G0 F11700 X66.254 Y34.01
G1 F2340 X69.074 Y36.83 E775.36177
G0 F11700 X68.736 Y37.34
G1 F2340 X65.405 Y34.01 E775.68957
G0 F11700 X64.718 Y34.171
G1 F2340 X67.887 Y37.34 E776.00148
G0 F11700 X67.039 Y37.34
G1 F2340 X64.718 Y35.019 E776.22992
G0 F11700 X64.718 Y35.868
G1 F2340 X66.19 Y37.34 E776.3748
G0 F11700 X65.342 Y37.34
G1 F2340 X64.718 Y36.717 E776.43617
G0 F11700 X65.408 Y37.674
G1 F2400 E769.93617
G1 F1200 Z2.61
;MESH:guia de montagem rolamento Y.stl
G0 F11700 X65.408 Y37.85
G0 X77.388 Y116.2
;TYPE:WALL-INNER
G1 F1200 Z2.01
G1 F2400 E776.65236
G1 F3480 X77.384 Y33.8 E782.38714
G1 X72.608 Y33.8 E782.71954
G1 X72.608 Y116.2 E788.45431
G1 X77.065 Y116.2 E788.76451
G0 F3132 X77.388 Y116.2
G0 F11700 X77.888 Y116.7
;TYPE:WALL-OUTER
G1 F2100 X77.884 Y33.3 E794.24642
G1 X72.108 Y33.3 E794.62608
G1 X72.108 Y116.7 E800.10799
G1 X77.546 Y116.7 E800.46543
G0 F1890 X77.888 Y116.7
G0 F11700 X77.888 Y116.6
G1 F2400 E793.96543
G1 F1200 Z2.61
G0 F11700 X76.487 Y115.475
G0 X75.009 Y115.72
;TYPE:FILL
G1 F1200 Z2.01
G1 F2400 E800.68162
G1 F3900 X76.908 Y113.822 E800.86848
G1 X76.908 Y115.72 E801.00057
G1 X74.99 Y115.719 E801.13406
G1 X73.088 Y113.817 E801.32126
G1 X73.088 Y110.853 E801.52755
G1 X76.908 Y107.033 E801.90353
G1 X76.908 Y110.85 E802.16918
G1 X73.088 Y107.029 E802.54522
G1 X73.088 Y104.065 E802.7515
G1 X76.907 Y100.246 E803.12738
G1 X76.908 Y104.061 E803.3929
G1 X73.088 Y100.241 E803.76888
G1 X73.088 Y97.277 E803.97516
G1 X76.907 Y93.458 E804.35105
G1 X76.908 Y97.272 E804.61649
G1 X73.088 Y93.453 E804.99242
G1 X73.088 Y90.488 E805.19878
G1 X76.906 Y86.67 E805.57456
G1 X76.907 Y90.484 E805.84001
G1 X73.088 Y86.664 E806.21594
G1 X73.088 Y83.7 E806.42223
G1 X76.906 Y79.883 E806.79796
G1 X76.907 Y83.695 E807.06327
G1 X73.088 Y79.876 E807.43915
G1 X73.088 Y76.912 E807.64543
G1 X76.906 Y73.094 E808.02122
G1 X76.906 Y76.906 E808.28652
G1 X73.088 Y73.088 E808.66231
G1 X73.088 Y70.124 E808.86859
G1 X76.905 Y66.307 E809.24428
G1 X76.906 Y70.117 E809.50945
G1 X73.088 Y66.3 E809.88518
G1 X73.088 Y63.336 E810.09147
G1 X76.904 Y59.519 E810.46711
G1 X76.906 Y63.329 E810.73227
G1 X73.088 Y59.512 E811.10801
G1 X73.088 Y56.547 E811.31436
G1 X76.904 Y52.731 E811.68995
G1 X76.905 Y56.54 E811.95504
G1 X73.088 Y52.723 E812.33073
G1 X73.088 Y49.759 E812.53702
G1 X76.904 Y45.944 E812.91256
G1 X76.905 Y49.752 E813.17758
G1 X73.088 Y45.935 E813.55327
G1 X73.088 Y42.971 E813.75955
G1 X76.904 Y39.155 E814.13514
G1 X76.904 Y42.963 E814.40017
G1 X73.088 Y39.147 E814.77576
G1 X73.088 Y37.43 E814.89525
G1 X76.904 Y37.43 E815.16084
G1 X77.054 Y37.43
G1 F2400 E808.66084
G1 F1200 Z2.61
G0 F11700 X76.484 Y37.85
G0 X76.437 Y34.01
;TYPE:SKIN
G1 F1200 Z2.01
G1 F2400 E815.37703
G1 F2340 X77.174 Y34.748 E815.44961
G0 F11700 X77.174 Y35.596
G1 F2340 X75.588 Y34.01 E815.60572
G0 F11700 X74.74 Y34.01
G1 F2340 X77.174 Y36.445 E815.84533
G0 F11700 X77.174 Y37.294
G1 F2340 X73.891 Y34.01 E816.16851
G0 F11700 X73.043 Y34.01
G1 F2340 X76.372 Y37.339 E816.49617
G0 F11700 X75.523 Y37.339
G1 F2340 X72.818 Y34.634 E816.7624
G0 F11700 X72.818 Y35.483
G1 F2340 X74.675 Y37.339 E816.94513
G0 F11700 X73.826 Y37.339
G1 F2340 X72.818 Y36.331 E817.04434
G0 F11700 X72.818 Y37.18
G1 F2340 X72.978 Y37.339 E817.06004
G0 F11700 X73.508 Y37.85
G1 F2400 E810.56004
G1 F1200 Z2.61
;MESH:NONMESH
G0 F11700 X68.688 Y115.6
;TIME_ELAPSED:422.638215
;LAYER:7
M106 S198.3
;MESH:guia de montagem rolamento Y.stl(1)
G0 Z2.92
;TYPE:WALL-INNER
G1 F1200 Z2.32
G1 F2400 E817.27623
G1 F3480 X68.684 Y34.4 E822.92749
G1 X65.108 Y34.4 E823.17637
G1 X65.108 Y115.6 E828.82764
G1 X68.365 Y115.6 E829.05431
G0 F3132 X68.688 Y115.6
G0 F11700 X69.288 Y116.2
G1 F3480 X69.284 Y33.8 E834.78909
G1 X64.508 Y33.8 E835.12149
G1 X64.508 Y116.2 E840.85627
G1 X68.965 Y116.2 E841.16646
G0 F3132 X69.288 Y116.2
G0 F11700 X69.788 Y116.7
;TYPE:WALL-OUTER
G1 F2100 X69.784 Y33.3 E846.64837
G1 X64.008 Y33.3 E847.02803
G1 X64.008 Y116.7 E852.50994
G1 X69.446 Y116.7 E852.86738
G0 F1890 X69.788 Y116.7
G0 F11700 X69.788 Y116.6
G1 F2400 E846.36738
G1 F1200 Z2.92
G0 F11700 X67.787 Y114.875
G0 X67.509 Y115.12
;TYPE:FILL
G1 F1200 Z2.32
G1 F2400 E853.08357
G1 F3900 X68.207 Y114.422 E853.15227
G1 X68.208 Y115.12 E853.20085
G1 X66.291 Y115.12 E853.33427
G1 X65.588 Y114.417 E853.40346
G1 X65.588 Y110.252 E853.69333
G1 X68.207 Y107.634 E853.95106
G1 X68.208 Y110.248 E854.13298
G1 X65.588 Y107.629 E854.39081
G1 X65.588 Y103.464 E854.68068
G1 X68.207 Y100.845 E854.93845
G1 X68.208 Y103.46 E855.12045
G1 X65.588 Y100.84 E855.37832
G1 X65.588 Y96.676 E855.66812
G1 X68.206 Y94.058 E855.9258
G1 X68.208 Y96.671 E856.10765
G1 X65.588 Y94.052 E856.36548
G1 X65.588 Y89.887 E856.65535
G1 X68.206 Y87.27 E856.91297
G1 X68.207 Y89.882 E857.09476
G1 X65.588 Y87.264 E857.35249
G1 X65.588 Y83.099 E857.64236
G1 X68.206 Y80.481 E857.90003
G1 X68.207 Y83.094 E858.08189
G1 X65.588 Y80.476 E858.33962
G1 X65.588 Y76.311 E858.62949
G1 X68.205 Y73.694 E858.88706
G1 X68.207 Y76.306 E859.06885
G1 X65.588 Y73.688 E859.32658
G1 X65.588 Y69.523 E859.61645
G1 X68.205 Y66.906 E859.87402
G1 X68.206 Y69.517 E860.05574
G1 X65.588 Y66.899 E860.31342
G1 X65.588 Y62.735 E860.60322
G1 X68.205 Y60.118 E860.8608
G1 X68.206 Y62.729 E861.04251
G1 X65.588 Y60.111 E861.30019
G1 X65.588 Y55.946 E861.59006
G1 X68.205 Y53.33 E861.84759
G1 X68.205 Y55.94 E862.02924
G1 X65.588 Y53.323 E862.28681
G1 X65.588 Y49.158 E862.57669
G1 X68.205 Y46.542 E862.83421
G1 X68.205 Y49.152 E863.01586
G1 X65.588 Y46.535 E863.27344
G1 X65.588 Y42.37 E863.56331
G1 X68.205 Y39.754 E863.82084
G1 X68.205 Y42.363 E864.00242
G1 X65.588 Y39.746 E864.25999
G1 X65.588 Y37.43 E864.42118
G1 X68.204 Y37.43 E864.60325
G1 X68.354 Y37.43
G0 F11700 X68.473 Y36.744
;TYPE:SKIN
G1 F2340 X67.877 Y37.34 E864.66191
G0 F11700 X67.029 Y37.34
G1 F2340 X68.473 Y35.896 E864.80403
G0 F11700 X68.473 Y35.047
G1 F2340 X66.18 Y37.34 E865.02972
G0 F11700 X65.332 Y37.34
G1 F2340 X68.062 Y34.61 E865.29842
G0 F11700 X67.213 Y34.61
G1 F2340 X65.318 Y36.505 E865.48494
G0 F11700 X65.318 Y35.657
G1 F2340 X66.365 Y34.61 E865.58799
G0 F11700 X65.516 Y34.61
G1 F2340 X65.318 Y34.808 E865.60747
G1 F2400 E859.10747
G1 F1200 Z2.92
;MESH:guia de montagem rolamento Y.stl
G0 F11700 X76.788 Y115.6
;TYPE:WALL-INNER
G1 F1200 Z2.32
G1 F2400 E865.82367
G1 F3480 X76.784 Y34.4 E871.47493
G1 X73.208 Y34.4 E871.72381
G1 X73.208 Y115.6 E877.37507
G1 X76.465 Y115.6 E877.60175
G0 F3132 X76.788 Y115.6
G0 F11700 X77.388 Y116.2
G1 F3480 X77.384 Y33.8 E883.33652
G1 X72.608 Y33.8 E883.66892
G1 X72.608 Y116.2 E889.4037
G1 X77.065 Y116.2 E889.71389
G0 F3132 X77.388 Y116.2
G0 F11700 X77.888 Y116.7
;TYPE:WALL-OUTER
G1 F2100 X77.884 Y33.3 E895.1958
G1 X72.108 Y33.3 E895.57546
G1 X72.108 Y116.7 E901.05737
G1 X77.546 Y116.7 E901.41481
G0 F1890 X77.888 Y116.7
G0 F11700 X77.888 Y116.6
G1 F2400 E894.91481
G1 F1200 Z2.92
G0 F11700 X75.887 Y114.875
G0 X75.61 Y115.12
;TYPE:FILL
G1 F1200 Z2.32
G1 F2400 E901.631
G1 F3900 X76.307 Y114.422 E901.69965
G1 X76.308 Y115.12 E901.74823
G1 X74.39 Y115.12 E901.88172
G1 X73.688 Y114.417 E901.95086
G1 X73.688 Y110.254 E902.2406
G1 X76.307 Y107.634 E902.49842
G1 X76.308 Y110.249 E902.68041
G1 X73.688 Y107.629 E902.93829
G1 X73.688 Y103.465 E903.22809
G1 X76.307 Y100.846 E903.48586
G1 X76.308 Y103.461 E903.66786
G1 X73.688 Y100.84 E903.92578
G1 X73.688 Y96.677 E904.21551
G1 X76.307 Y94.058 E904.47329
G1 X76.307 Y96.672 E904.65521
G1 X73.688 Y94.052 E904.91304
G1 X73.688 Y89.889 E905.20277
G1 X76.306 Y87.27 E905.46049
G1 X76.307 Y89.884 E905.64242
G1 X73.688 Y87.264 E905.90024
G1 X73.688 Y83.101 E906.18998
G1 X76.306 Y80.482 E906.4477
G1 X76.307 Y83.095 E906.62956
G1 X73.688 Y80.476 E906.88733
G1 X73.688 Y76.312 E907.17713
G1 X76.305 Y73.695 E907.43471
G1 X76.307 Y76.307 E907.6165
G1 X73.688 Y73.688 E907.87427
G1 X73.688 Y69.524 E908.16407
G1 X76.305 Y66.906 E908.4217
G1 X76.306 Y69.518 E908.60349
G1 X73.688 Y66.899 E908.86121
G1 X73.688 Y62.736 E909.15094
G1 X76.305 Y60.119 E909.40852
G1 X76.305 Y62.729 E909.59017
G1 X73.688 Y60.111 E909.8478
G1 X73.688 Y55.948 E910.13753
G1 X76.305 Y53.331 E910.39511
G1 X76.305 Y55.941 E910.57675
G1 X73.688 Y53.323 E910.83438
G1 X73.688 Y49.159 E911.12418
G1 X76.304 Y46.543 E911.38166
G1 X76.305 Y49.152 E911.56324
G1 X73.688 Y46.535 E911.82082
G1 X73.688 Y42.371 E912.11062
G1 X76.304 Y39.755 E912.3681
G1 X76.305 Y42.363 E912.54961
G1 X73.688 Y39.746 E912.80718
G1 X73.688 Y37.43 E912.96837
G1 X76.304 Y37.43 E913.15043
G1 X76.454 Y37.43
;TYPE:SKIN
G1 F2340 X76.363 Y37.34
G1 X76.574 Y37.129 E913.1712
G0 F11700 X76.574 Y36.28
G1 F2340 X75.514 Y37.34 E913.27553
G0 F11700 X74.666 Y37.34
G1 F2340 X76.574 Y35.432 E913.46333
G0 F11700 X76.547 Y34.61
G1 F2340 X73.817 Y37.34 E913.73203
G0 F11700 X73.418 Y36.89
G1 F2340 X75.699 Y34.61 E913.95648
G0 F11700 X74.85 Y34.61
G1 F2340 X73.418 Y36.042 E914.09743
G0 F11700 X73.418 Y35.193
G1 F2340 X74.002 Y34.61 E914.15486
G1 F2400 E907.65486
G1 F1200 Z2.92
;MESH:NONMESH
G0 F11700 X69.288 Y116.2
;TIME_ELAPSED:455.654771
;LAYER:8
M106 S226.7
;MESH:guia de montagem rolamento Y.stl(1)
G0 Z3.23
;TYPE:WALL-INNER
G1 F1200 Z2.63
G1 F2400 E914.37105
G1 F3480 X69.284 Y33.8 E920.10583
G1 X64.508 Y33.8 E920.43822
G1 X64.508 Y116.2 E926.173
G1 X68.965 Y116.2 E926.4832
G0 F3132 X69.288 Y116.2
G0 F11700 X69.788 Y116.7
;TYPE:WALL-OUTER
G1 F2100 X69.784 Y33.3 E931.96511
G1 X64.008 Y33.3 E932.34477
G1 X64.008 Y116.7 E937.82668
G1 X69.446 Y116.7 E938.18412
G0 F1890 X69.788 Y116.7
G0 F11700 X69.788 Y116.6
G1 F2400 E931.68412
G1 F1200 Z3.23
G0 F11700 X68.387 Y115.475
G0 X66.909 Y115.72
;TYPE:FILL
G1 F1200 Z2.63
G1 F2400 E938.40031
G1 F3900 X68.807 Y113.822 E938.58712
G1 X68.808 Y115.72 E938.71921
G1 X66.892 Y115.72 E938.85256
G1 X64.987 Y113.816 E939.04001
G1 X64.988 Y110.852 E939.2463
G1 X68.807 Y107.033 E939.62218
G1 X68.808 Y110.848 E939.88769
G1 X64.987 Y107.028 E940.26372
G1 X64.988 Y104.064 E940.47001
G1 X68.807 Y100.245 E940.84589
G1 X68.808 Y104.06 E941.11141
G1 X64.987 Y100.239 E941.48749
G1 X64.988 Y97.276 E941.6937
G1 X68.806 Y93.458 E942.06949
G1 X68.807 Y97.271 E942.33486
G1 X64.987 Y93.451 E942.71084
G1 X64.988 Y90.488 E942.91706
G1 X68.806 Y86.669 E943.29289
G1 X68.807 Y90.483 E943.55834
G1 X64.987 Y86.663 E943.93432
G1 X64.988 Y83.7 E944.14053
G1 X68.806 Y79.882 E944.51632
G1 X68.806 Y83.694 E944.78162
G1 X64.987 Y79.875 E945.15751
G1 X64.988 Y76.911 E945.36379
G1 X68.806 Y73.094 E945.73953
G1 X68.806 Y76.906 E946.00483
G1 X64.987 Y73.087 E946.38072
G1 X64.988 Y70.123 E946.587
G1 X68.805 Y66.306 E946.96269
G1 X68.806 Y70.117 E947.22792
G1 X64.987 Y66.298 E947.60381
G1 X64.988 Y63.335 E947.81002
G1 X68.805 Y59.518 E948.18571
G1 X68.806 Y63.328 E948.45087
G1 X64.987 Y59.51 E948.82671
G1 X64.988 Y56.547 E949.03292
G1 X68.804 Y52.73 E949.40856
G1 X68.806 Y56.54 E949.67373
G1 X64.987 Y52.722 E950.04956
G1 X64.988 Y49.758 E950.25585
G1 X68.804 Y45.942 E950.63143
G1 X68.805 Y49.751 E950.89653
G1 X64.987 Y45.934 E951.27227
G1 X64.988 Y42.97 E951.47855
G1 X68.804 Y39.154 E951.85414
G1 X68.805 Y42.963 E952.11923
G1 X64.987 Y39.145 E952.49502
G1 X64.988 Y37.43 E952.61438
G1 X68.804 Y37.43 E952.87996
G1 X68.954 Y37.43
G1 F2400 E946.37996
G1 F1200 Z3.23
G0 F11700 X68.384 Y37.85
G0 X69.074 Y34.284
;TYPE:SKIN
G1 F1200 Z2.63
G1 F2400 E953.09615
G1 F2340 X68.799 Y34.01 E953.12317
G0 F11700 X67.951 Y34.01
G1 F2340 X69.074 Y35.133 E953.2337
G0 F11700 X69.074 Y35.981
G1 F2340 X67.102 Y34.01 E953.42774
G0 F11700 X66.254 Y34.01
G1 F2340 X69.074 Y36.83 E953.7053
G0 F11700 X68.736 Y37.34
G1 F2340 X65.405 Y34.01 E954.03311
G0 F11700 X64.718 Y34.171
G1 F2340 X67.887 Y37.34 E954.34501
G0 F11700 X67.039 Y37.34
G1 F2340 X64.718 Y35.019 E954.57346
G0 F11700 X64.718 Y35.868
G1 F2340 X66.19 Y37.34 E954.71834
G0 F11700 X65.342 Y37.34
G1 F2340 X64.718 Y36.717 E954.77971
G0 F11700 X65.408 Y37.674
G1 F2400 E948.27971
G1 F1200 Z3.23
;MESH:guia de montagem rolamento Y.stl
G0 F11700 X65.408 Y37.85
G0 X77.388 Y116.2
;TYPE:WALL-INNER
G1 F1200 Z2.63
G1 F2400 E954.9959
G1 F3480 X77.384 Y33.8 E960.73068
G1 X72.608 Y33.8 E961.06307
G1 X72.608 Y116.2 E966.79785
G1 X77.065 Y116.2 E967.10804
G0 F3132 X77.388 Y116.2
G0 F11700 X77.888 Y116.7
;TYPE:WALL-OUTER
G1 F2100 X77.884 Y33.3 E972.58995
G1 X72.108 Y33.3 E972.96961
G1 X72.108 Y116.7 E978.45152
G1 X77.546 Y116.7 E978.80896
G0 F1890 X77.888 Y116.7
G0 F11700 X77.888 Y116.6
G1 F2400 E972.30896
G1 F1200 Z3.23
G0 F11700 X76.487 Y115.475
G0 X75.009 Y115.72
;TYPE:FILL
G1 F1200 Z2.63
G1 F2400 E979.02516
G1 F3900 X76.908 Y113.822 E979.21201
G1 X76.908 Y115.72 E979.34411
G1 X74.99 Y115.719 E979.4776
G1 X73.088 Y113.817 E979.6648
G1 X73.088 Y110.853 E979.87109
G1 X76.908 Y107.033 E980.24707
G1 X76.908 Y110.85 E980.51272
G1 X73.088 Y107.029 E980.88875
G1 X73.088 Y104.065 E981.09504
G1 X76.907 Y100.246 E981.47092
G1 X76.908 Y104.061 E981.73643
G1 X73.088 Y100.241 E982.11241
G1 X73.088 Y97.277 E982.3187
G1 X76.907 Y93.458 E982.69458
G1 X76.908 Y97.272 E982.96003
G1 X73.088 Y93.453 E983.33596
G1 X73.088 Y90.488 E983.54231
G1 X76.906 Y86.67 E983.9181
G1 X76.907 Y90.484 E984.18354
G1 X73.088 Y86.664 E984.55948
G1 X73.088 Y83.7 E984.76576
G1 X76.906 Y79.883 E985.1415
G1 X76.907 Y83.695 E985.4068
G1 X73.088 Y79.876 E985.78268
G1 X73.088 Y76.912 E985.98897
G1 X76.906 Y73.094 E986.36476
G1 X76.906 Y76.906 E986.63006
G1 X73.088 Y73.088 E987.00584
G1 X73.088 Y70.124 E987.21213
G1 X76.905 Y66.307 E987.58782
G1 X76.906 Y70.117 E987.85298
G1 X73.088 Y66.3 E988.22872
G1 X73.088 Y63.336 E988.435
G1 X76.904 Y59.519 E988.81064
G1 X76.906 Y63.329 E989.0758
G1 X73.088 Y59.512 E989.45154
G1 X73.088 Y56.547 E989.6579
G1 X76.904 Y52.731 E990.03349
G1 X76.905 Y56.54 E990.29858
G1 X73.088 Y52.723 E990.67427
G1 X73.088 Y49.759 E990.88055
G1 X76.904 Y45.944 E991.25609
G1 X76.905 Y49.752 E991.52112
G1 X73.088 Y45.935 E991.8968
G1 X73.088 Y42.971 E992.10309
G1 X76.904 Y39.155 E992.47868
G1 X76.904 Y42.963 E992.7437
G1 X73.088 Y39.147 E993.11929
G1 X73.088 Y37.43 E993.23879
G1 X76.904 Y37.43 E993.50437
G1 X77.054 Y37.43
G1 F2400 E987.00437
G1 F1200 Z3.23
G0 F11700 X76.484 Y37.85
G0 X76.437 Y34.01
;TYPE:SKIN
G1 F1200 Z2.63
G1 F2400 E993.72056
G1 F2340 X77.174 Y34.748 E993.79315
G0 F11700 X77.174 Y35.596
G1 F2340 X75.588 Y34.01 E993.94925
G0 F11700 X74.74 Y34.01
G1 F2340 X77.174 Y36.445 E994.18887
G0 F11700 X77.174 Y37.294
G1 F2340 X73.891 Y34.01 E994.51204
G0 F11700 X73.043 Y34.01
G1 F2340 X76.372 Y37.339 E994.8397
G0 F11700 X75.523 Y37.339
G1 F2340 X72.818 Y34.634 E995.10594
G0 F11700 X72.818 Y35.483
G1 F2340 X74.675 Y37.339 E995.28867
G0 F11700 X73.826 Y37.339
G1 F2340 X72.818 Y36.331 E995.38788
G0 F11700 X72.818 Y37.18
G1 F2340 X72.978 Y37.339 E995.40358
G0 F11700 X73.508 Y37.85
G1 F2400 E988.90358
G1 F1200 Z3.23
;MESH:NONMESH
G0 F11700 X68.688 Y115.6
;TIME_ELAPSED:486.028705
;LAYER:9
M106 S255
;MESH:guia de montagem rolamento Y.stl(1)
G0 Z3.54
;TYPE:WALL-INNER
G1 F1200 Z2.94
G1 F2400 E995.61977
G1 F3480 X68.684 Y34.4 E1001.27103
G1 X65.108 Y34.4 E1001.51991
G1 X65.108 Y115.6 E1007.17117
G1 X68.365 Y115.6 E1007.39785
G0 F3132 X68.688 Y115.6
G0 F11700 X69.288 Y116.2
G1 F3480 X69.284 Y33.8 E1013.13263
G1 X64.508 Y33.8 E1013.46502
G1 X64.508 Y116.2 E1019.1998
G1 X68.965 Y116.2 E1019.50999
G0 F3132 X69.288 Y116.2
G0 F11700 X69.788 Y116.7
;TYPE:WALL-OUTER
G1 F2100 X69.784 Y33.3 E1024.9919
G1 X64.008 Y33.3 E1025.37156
G1 X64.008 Y116.7 E1030.85347
G1 X69.446 Y116.7 E1031.21091
G0 F1890 X69.788 Y116.7
G0 F11700 X69.788 Y116.6
G1 F2400 E1024.71091
G1 F1200 Z3.54
G0 F11700 X67.787 Y114.875
G0 X67.509 Y115.12
;TYPE:FILL
G1 F1200 Z2.94
G1 F2400 E1031.42711
G1 F3900 X68.207 Y114.422 E1031.49581
G1 X68.208 Y115.12 E1031.54438
G1 X66.291 Y115.12 E1031.6778
G1 X65.588 Y114.417 E1031.74699
G1 X65.588 Y110.252 E1032.03687
G1 X68.207 Y107.634 E1032.29459
G1 X68.208 Y110.248 E1032.47652
G1 X65.588 Y107.629 E1032.73434
G1 X65.588 Y103.464 E1033.02421
G1 X68.207 Y100.845 E1033.28199
G1 X68.208 Y103.46 E1033.46398
G1 X65.588 Y100.84 E1033.72185
G1 X65.588 Y96.676 E1034.01166
G1 X68.206 Y94.058 E1034.26933
G1 X68.208 Y96.671 E1034.45119
G1 X65.588 Y94.052 E1034.70901
G1 X65.588 Y89.887 E1034.99888
G1 X68.206 Y87.27 E1035.25651
G1 X68.207 Y89.882 E1035.4383
G1 X65.588 Y87.264 E1035.69602
G1 X65.588 Y83.099 E1035.98589
G1 X68.206 Y80.481 E1036.24357
G1 X68.207 Y83.094 E1036.42543
G1 X65.588 Y80.476 E1036.68315
G1 X65.588 Y76.311 E1036.97302
G1 X68.205 Y73.694 E1037.2306
G1 X68.207 Y76.306 E1037.41239
G1 X65.588 Y73.688 E1037.67011
G1 X65.588 Y69.523 E1037.95998
G1 X68.205 Y66.906 E1038.21756
G1 X68.206 Y69.517 E1038.39928
G1 X65.588 Y66.899 E1038.65695
G1 X65.588 Y62.735 E1038.94675
G1 X68.205 Y60.118 E1039.20433
G1 X68.206 Y62.729 E1039.38605
G1 X65.588 Y60.111 E1039.64373
G1 X65.588 Y55.946 E1039.9336
G1 X68.205 Y53.33 E1040.19112
G1 X68.205 Y55.94 E1040.37277
G1 X65.588 Y53.323 E1040.63035
G1 X65.588 Y49.158 E1040.92022
G1 X68.205 Y46.542 E1041.17775
G1 X68.205 Y49.152 E1041.3594
G1 X65.588 Y46.535 E1041.61697
G1 X65.588 Y42.37 E1041.90685
G1 X68.205 Y39.754 E1042.16437
G1 X68.205 Y42.363 E1042.34595
G1 X65.588 Y39.746 E1042.60353
G1 X65.588 Y37.43 E1042.76472
G1 X68.204 Y37.43 E1042.94678
G1 X68.354 Y37.43
G1 F2400 E1036.44678
G1 F1200 Z3.54
G0 F11700 X67.784 Y37.85
G0 X65.516 Y34.61
;TYPE:SKIN
G1 F1200 Z2.94
G1 F2400 E1043.16297
G1 X65.318 Y34.808 E1043.18463
G0 F11700 X65.318 Y35.657
G1 F2400 X66.365 Y34.61 E1043.29913
G0 F11700 X67.213 Y34.61
G1 F2400 X65.683 Y36.14 E1043.46645
G0 F11700 X66.532 Y36.14
G1 F2400 X68.062 Y34.61 E1043.63377
G0 F11700 X68.473 Y35.047
G1 F2400 X67.38 Y36.14 E1043.7533
G0 F11700 X68.229 Y36.14
G1 F2400 X68.473 Y35.896 E1043.77999
G1 F2400 E1037.27999
G1 F1200 Z3.54
G0 F11700 X67.96 Y37.85
G0 X67.877 Y37.34
G1 F1200 Z2.94
G1 F2400 E1043.99618
G1 F2340 X68.474 Y36.743 E1044.05494
G0 F11700 X68.319 Y36.05
G1 F2340 X67.029 Y37.34 E1044.1819
G0 F11700 X66.18 Y37.34
G1 F2340 X67.471 Y36.05 E1044.30892
G0 F11700 X66.622 Y36.05
G1 F2340 X65.332 Y37.34 E1044.43589
G0 F11700 X65.318 Y36.506
G1 F2340 X65.774 Y36.05 E1044.48077
G0 F11700 X66.008 Y37.85
G1 F2400 E1037.98077
G1 F1200 Z3.54
;MESH:guia de montagem rolamento Y.stl
G0 F11700 X76.788 Y115.6
;TYPE:WALL-INNER
G1 F1200 Z2.94
G1 F2400 E1044.69696
G1 F3480 X76.784 Y34.4 E1050.34823
G1 X73.208 Y34.4 E1050.5971
G1 X73.208 Y115.6 E1056.24837
G1 X76.465 Y115.6 E1056.47504
G0 F3132 X76.788 Y115.6
G0 F11700 X77.388 Y116.2
G1 F3480 X77.384 Y33.8 E1062.20982
G1 X72.608 Y33.8 E1062.54222
G1 X72.608 Y116.2 E1068.277
G1 X77.065 Y116.2 E1068.58719
G0 F3132 X77.388 Y116.2
G0 F11700 X77.888 Y116.7
;TYPE:WALL-OUTER
G1 F2100 X77.884 Y33.3 E1074.0691
G1 X72.108 Y33.3 E1074.44876
G1 X72.108 Y116.7 E1079.93067
G1 X77.546 Y116.7 E1080.28811
G0 F1890 X77.888 Y116.7
G0 F11700 X77.888 Y116.6
G1 F2400 E1073.78811
G1 F1200 Z3.54
G0 F11700 X75.887 Y114.875
G0 X75.61 Y115.12
;TYPE:FILL
G1 F1200 Z2.94
G1 F2400 E1080.5043
G1 F3900 X76.307 Y114.422 E1080.57295
G1 X76.308 Y115.12 E1080.62153
G1 X74.39 Y115.12 E1080.75502
G1 X73.688 Y114.417 E1080.82416
G1 X73.688 Y110.254 E1081.11389
G1 X76.307 Y107.634 E1081.37172
G1 X76.308 Y110.249 E1081.55371
G1 X73.688 Y107.629 E1081.81159
G1 X73.688 Y103.465 E1082.10139
G1 X76.307 Y100.846 E1082.35916
G1 X76.308 Y103.461 E1082.54116
G1 X73.688 Y100.84 E1082.79908
G1 X73.688 Y96.677 E1083.08881
G1 X76.307 Y94.058 E1083.34658
G1 X76.307 Y96.672 E1083.52851
G1 X73.688 Y94.052 E1083.78633
G1 X73.688 Y89.889 E1084.07607
G1 X76.306 Y87.27 E1084.33379
G1 X76.307 Y89.884 E1084.51572
G1 X73.688 Y87.264 E1084.77354
G1 X73.688 Y83.101 E1085.06327
G1 X76.306 Y80.482 E1085.321
G1 X76.307 Y83.095 E1085.50285
G1 X73.688 Y80.476 E1085.76063
G1 X73.688 Y76.312 E1086.05043
G1 X76.305 Y73.695 E1086.30801
G1 X76.307 Y76.307 E1086.4898
G1 X73.688 Y73.688 E1086.74757
G1 X73.688 Y69.524 E1087.03737
G1 X76.305 Y66.906 E1087.295
G1 X76.306 Y69.518 E1087.47678
G1 X73.688 Y66.899 E1087.73451
G1 X73.688 Y62.736 E1088.02424
G1 X76.305 Y60.119 E1088.28182
G1 X76.305 Y62.729 E1088.46347
G1 X73.688 Y60.111 E1088.72109
G1 X73.688 Y55.948 E1089.01083
G1 X76.305 Y53.331 E1089.2684
G1 X76.305 Y55.941 E1089.45005
G1 X73.688 Y53.323 E1089.70768
G1 X73.688 Y49.159 E1089.99748
G1 X76.304 Y46.543 E1090.25496
G1 X76.305 Y49.152 E1090.43654
G1 X73.688 Y46.535 E1090.69411
G1 X73.688 Y42.371 E1090.98392
G1 X76.304 Y39.755 E1091.24139
G1 X76.305 Y42.363 E1091.4229
G1 X73.688 Y39.746 E1091.68048
G1 X73.688 Y37.43 E1091.84167
G1 X76.304 Y37.43 E1092.02373
G1 X76.454 Y37.43
G1 F2400 E1085.52373
G1 F1200 Z3.54
G0 F11700 X75.884 Y37.85
G0 X74.002 Y34.61
;TYPE:SKIN
G1 F1200 Z2.94
G1 F2400 E1092.23992
G1 X73.418 Y35.193 E1092.30374
G0 F11700 X73.418 Y36.042
G1 F2400 X74.85 Y34.61 E1092.46034
G0 F11700 X75.699 Y34.61
G1 F2400 X74.168 Y36.14 E1092.62772
G0 F11700 X75.017 Y36.14
G1 F2400 X76.547 Y34.61 E1092.79504
G0 F11700 X76.574 Y35.432
G1 F2400 X75.865 Y36.14 E1092.87252
G1 F2400 E1086.37252
G1 F1200 Z3.54
G0 F11700 X75.865 Y37.85
G0 X76.363 Y37.34
G1 F1200 Z2.94
G1 F2400 E1093.08871
G1 F2340 X76.574 Y37.129 E1093.10948
G0 F11700 X76.574 Y36.28
G1 F2340 X75.514 Y37.34 E1093.21381
G0 F11700 X74.666 Y37.34
G1 F2340 X75.956 Y36.05 E1093.34078
G0 F11700 X75.107 Y36.05
G1 F2340 X73.817 Y37.34 E1093.46775
G0 F11700 X73.418 Y36.89
G1 F2340 X74.259 Y36.05 E1093.55047
G0 F11700 X74.259 Y37.85
G1 F2400 E1087.05047
G1 F1200 Z3.54
;MESH:NONMESH
G0 F11700 X69.288 Y116.2
;TIME_ELAPSED:521.965748
;LAYER:10
;MESH:guia de montagem rolamento Y.stl(1)
G0 Z3.85
;TYPE:WALL-INNER
G1 F1200 Z3.25
G1 F2400 E1093.76666
G1 F3480 X69.284 Y36.948 E1099.28235
G1 X64.508 Y36.948 E1099.61475
G1 X64.508 Y116.2 E1105.13043
G1 X68.965 Y116.2 E1105.44063
G0 F3132 X69.288 Y116.2
G0 F11700 X69.788 Y116.7
;TYPE:WALL-OUTER
G1 F2100 X69.784 Y36.448 E1110.71562
G1 X64.008 Y36.448 E1111.09528
G1 X64.008 Y116.7 E1116.37027
G1 X69.446 Y116.7 E1116.72771
G0 F1890 X69.788 Y116.7
G0 F11700 X69.788 Y116.6
G1 F2400 E1110.22771
G1 F1200 Z3.85
G0 F11700 X68.387 Y115.475
G0 X66.909 Y115.72
;TYPE:FILL
G1 F1200 Z3.25
G1 F2400 E1116.9439
G1 F3900 X68.807 Y113.822 E1117.13071
G1 X68.808 Y115.72 E1117.26281
G1 X66.892 Y115.72 E1117.39615
G1 X64.988 Y113.817 E1117.5835
G1 X64.988 Y110.852 E1117.78986
G1 X68.807 Y107.033 E1118.16574
G1 X68.808 Y110.848 E1118.43126
G1 X64.988 Y107.028 E1118.80724
G1 X64.988 Y104.064 E1119.01352
G1 X68.806 Y100.246 E1119.38931
G1 X68.808 Y104.06 E1119.65475
G1 X64.988 Y100.24 E1120.03073
G1 X64.988 Y97.276 E1120.23702
G1 X68.806 Y93.458 E1120.6128
G1 X68.807 Y97.271 E1120.87818
G1 X64.988 Y93.452 E1121.25406
G1 X64.988 Y90.488 E1121.46035
G1 X68.806 Y86.67 E1121.83613
G1 X68.807 Y90.483 E1122.10151
G1 X64.988 Y86.664 E1122.47739
G1 X64.988 Y83.7 E1122.68367
G1 X68.806 Y79.882 E1123.05946
G1 X68.806 Y83.694 E1123.32476
G1 X64.988 Y79.875 E1123.7006
G1 X64.988 Y76.911 E1123.90688
G1 X68.805 Y73.094 E1124.28257
G1 X68.806 Y76.906 E1124.54787
G1 X64.988 Y73.087 E1124.92371
G1 X64.988 Y70.123 E1125.12999
G1 X68.805 Y66.306 E1125.50568
G1 X68.806 Y70.117 E1125.77092
G1 X64.988 Y66.299 E1126.1467
G1 X64.988 Y63.335 E1126.35299
G1 X68.804 Y59.519 E1126.72858
G1 X68.805 Y63.328 E1126.99367
G1 X64.988 Y59.511 E1127.36936
G1 X64.988 Y56.547 E1127.57564
G1 X68.804 Y52.73 E1127.95128
G1 X68.805 Y56.54 E1128.21644
G1 X64.988 Y52.723 E1128.59213
G1 X64.988 Y49.758 E1128.79849
G1 X68.804 Y45.943 E1129.17403
G1 X68.804 Y49.751 E1129.43905
G1 X64.988 Y45.934 E1129.81469
G1 X64.988 Y42.97 E1130.02097
G1 X68.804 Y39.155 E1130.39651
G1 X68.804 Y42.962 E1130.66147
G1 X64.988 Y39.146 E1131.03706
G1 X64.988 Y37.428 E1131.15662
G1 X68.804 Y37.428 E1131.42221
G1 X68.954 Y37.428
G0 F11700 X68.384 Y37.848
G1 F2400 E1124.92221
G1 F1200 Z3.85
;MESH:guia de montagem rolamento Y.stl
G0 F11700 X77.388 Y116.2
;TYPE:WALL-INNER
G1 F1200 Z3.25
G1 F2400 E1131.6384
G1 F3480 X77.384 Y36.948 E1137.15409
G1 X72.608 Y36.948 E1137.48648
G1 X72.608 Y116.2 E1143.00217
G1 X77.065 Y116.2 E1143.31236
G0 F3132 X77.388 Y116.2
G0 F11700 X77.888 Y116.7
;TYPE:WALL-OUTER
G1 F2100 X77.884 Y36.448 E1148.58735
G1 X72.108 Y36.448 E1148.96701
G1 X72.108 Y116.7 E1154.242
G1 X77.546 Y116.7 E1154.59944
G0 F1890 X77.888 Y116.7
G0 F11700 X77.888 Y116.6
G1 F2400 E1148.09944
G1 F1200 Z3.85
G0 F11700 X76.487 Y115.475
G0 X75.009 Y115.72
;TYPE:FILL
G1 F1200 Z3.25
G1 F2400 E1154.81563
G1 F3900 X76.908 Y113.822 E1155.00249
G1 X76.908 Y115.72 E1155.13459
G1 X74.99 Y115.719 E1155.26808
G1 X73.088 Y113.817 E1155.45528
G1 X73.088 Y110.853 E1155.66156
G1 X76.908 Y107.033 E1156.03755
G1 X76.908 Y110.85 E1156.3032
G1 X73.088 Y107.029 E1156.67923
G1 X73.088 Y104.065 E1156.88552
G1 X76.907 Y100.246 E1157.2614
G1 X76.908 Y104.061 E1157.52691
G1 X73.088 Y100.241 E1157.90289
G1 X73.088 Y97.277 E1158.10918
G1 X76.907 Y93.458 E1158.48506
G1 X76.908 Y97.272 E1158.75051
G1 X73.088 Y93.453 E1159.12644
G1 X73.088 Y90.488 E1159.33279
G1 X76.906 Y86.67 E1159.70858
G1 X76.908 Y90.484 E1159.97402
G1 X73.088 Y86.664 E1160.35
G1 X73.088 Y83.7 E1160.55629
G1 X76.906 Y79.882 E1160.93208
G1 X76.907 Y83.695 E1161.19745
G1 X73.088 Y79.876 E1161.57333
G1 X73.088 Y76.912 E1161.77962
G1 X76.906 Y73.094 E1162.1554
G1 X76.907 Y76.907 E1162.42078
G1 X73.088 Y73.088 E1162.79666
G1 X73.088 Y70.124 E1163.00295
G1 X76.906 Y66.306 E1163.37873
G1 X76.906 Y70.118 E1163.64403
G1 X73.088 Y66.3 E1164.01982
G1 X73.088 Y63.336 E1164.22611
G1 X76.905 Y59.519 E1164.60179
G1 X76.906 Y63.329 E1164.86696
G1 X73.088 Y59.512 E1165.24269
G1 X73.088 Y56.547 E1165.44905
G1 X76.905 Y52.73 E1165.82474
G1 X76.906 Y56.541 E1166.08997
G1 X73.088 Y52.723 E1166.46575
G1 X73.088 Y49.759 E1166.67204
G1 X76.904 Y45.943 E1167.04763
G1 X76.905 Y49.752 E1167.31272
G1 X73.088 Y45.935 E1167.68841
G1 X73.088 Y42.971 E1167.8947
G1 X76.904 Y39.155 E1168.27028
G1 X76.905 Y42.964 E1168.53538
G1 X73.088 Y39.147 E1168.91107
G1 X73.088 Y37.428 E1169.0307
G1 X76.904 Y37.428 E1169.29628
G1 X77.054 Y37.428
G0 F11700 X76.484 Y37.848
G1 F2400 E1162.79628
G1 F1200 Z3.85
;MESH:NONMESH
G0 F11700 X68.688 Y115.6
;TIME_ELAPSED:548.653988
;LAYER:11
;MESH:guia de montagem rolamento Y.stl(1)
G0 Z4.16
;TYPE:WALL-INNER
G1 F1200 Z3.56
G1 F2400 E1169.51248
G1 F3480 X68.684 Y37.548 E1174.94465
G1 X65.108 Y37.548 E1175.19353
G1 X65.108 Y115.6 E1180.6257
G1 X68.365 Y115.6 E1180.85237
G0 F3132 X68.688 Y115.6
G0 F11700 X69.288 Y116.2
G1 F3480 X69.284 Y36.948 E1186.36806
G1 X64.508 Y36.948 E1186.70046
G1 X64.508 Y116.2 E1192.21615
G1 X68.965 Y116.2 E1192.52634
G0 F3132 X69.288 Y116.2
G0 F11700 X69.788 Y116.7
;TYPE:WALL-OUTER
G1 F2100 X69.784 Y36.448 E1197.80133
G1 X64.008 Y36.448 E1198.18099
G1 X64.008 Y116.7 E1203.45598
G1 X69.446 Y116.7 E1203.81342
G0 F1890 X69.788 Y116.7
G0 F11700 X69.788 Y116.6
G1 F2400 E1197.31342
G1 F1200 Z4.16
G0 F11700 X67.787 Y114.875
G0 X67.509 Y115.12
;TYPE:FILL
G1 F1200 Z3.56
G1 F2400 E1204.02961
G1 F3900 X68.207 Y114.422 E1204.09831
G1 X68.208 Y115.12 E1204.14689
G1 X66.291 Y115.12 E1204.28031
G1 X65.588 Y114.417 E1204.3495
G1 X65.588 Y110.252 E1204.63937
G1 X68.207 Y107.634 E1204.8971
G1 X68.208 Y110.248 E1205.07902
G1 X65.588 Y107.629 E1205.33685
G1 X65.588 Y103.464 E1205.62672
G1 X68.207 Y100.845 E1205.88449
G1 X68.208 Y103.46 E1206.06649
G1 X65.588 Y100.84 E1206.32436
G1 X65.588 Y96.676 E1206.61416
G1 X68.206 Y94.058 E1206.87184
G1 X68.207 Y96.671 E1207.0537
G1 X65.588 Y94.052 E1207.31147
G1 X65.588 Y89.887 E1207.60134
G1 X68.206 Y87.27 E1207.85897
G1 X68.207 Y89.882 E1208.04075
G1 X65.588 Y87.264 E1208.29848
G1 X65.588 Y83.099 E1208.58835
G1 X68.205 Y80.482 E1208.84593
G1 X68.206 Y83.094 E1209.02771
G1 X65.588 Y80.476 E1209.28539
G1 X65.588 Y76.311 E1209.57526
G1 X68.205 Y73.694 E1209.83284
G1 X68.206 Y76.305 E1210.01456
G1 X65.588 Y73.688 E1210.27218
G1 X65.588 Y69.523 E1210.56205
G1 X68.205 Y66.906 E1210.81963
G1 X68.206 Y69.517 E1211.00135
G1 X65.588 Y66.899 E1211.25903
G1 X65.588 Y62.735 E1211.54883
G1 X68.205 Y60.118 E1211.8064
G1 X68.205 Y62.728 E1211.98805
G1 X65.588 Y60.111 E1212.24563
G1 X65.588 Y55.946 E1212.5355
G1 X68.204 Y53.331 E1212.79293
G1 X68.205 Y55.94 E1212.97451
G1 X65.588 Y53.323 E1213.23209
G1 X65.588 Y49.158 E1213.52196
G1 X68.204 Y46.542 E1213.77944
G1 X68.205 Y49.151 E1213.96101
G1 X65.588 Y46.535 E1214.21854
G1 X65.588 Y42.37 E1214.50841
G1 X68.204 Y39.754 E1214.76589
G1 X68.205 Y42.363 E1214.94747
G1 X65.588 Y39.746 E1215.20505
G1 X65.588 Y38.028 E1215.32462
G1 X68.204 Y38.028 E1215.50668
G1 X68.354 Y38.028
G0 F11700 X67.784 Y38.448
G1 F2400 E1209.00668
G1 F1200 Z4.16
;MESH:guia de montagem rolamento Y.stl
G0 F11700 X76.788 Y115.6
;TYPE:WALL-INNER
G1 F1200 Z3.56
G1 F2400 E1215.72287
G1 F3480 X76.784 Y37.548 E1221.15504
G1 X73.208 Y37.548 E1221.40392
G1 X73.208 Y115.6 E1226.83609
G1 X76.465 Y115.6 E1227.06277
G0 F3132 X76.788 Y115.6
G0 F11700 X77.388 Y116.2
G1 F3480 X77.384 Y36.948 E1232.57846
G1 X72.608 Y36.948 E1232.91085
G1 X72.608 Y116.2 E1238.42654
G1 X77.065 Y116.2 E1238.73674
G0 F3132 X77.388 Y116.2
G0 F11700 X77.888 Y116.7
;TYPE:WALL-OUTER
G1 F2100 X77.884 Y36.448 E1244.01173
G1 X72.108 Y36.448 E1244.39139
G1 X72.108 Y116.7 E1249.66638
G1 X77.546 Y116.7 E1250.02382
G0 F1890 X77.888 Y116.7
G0 F11700 X77.888 Y116.6
G1 F2400 E1243.52382
G1 F1200 Z4.16
G0 F11700 X75.887 Y114.875
G0 X75.61 Y115.12
;TYPE:FILL
G1 F1200 Z3.56
G1 F2400 E1250.24001
G1 F3900 X76.307 Y114.422 E1250.30866
G1 X76.308 Y115.12 E1250.35724
G1 X74.39 Y115.12 E1250.49073
G1 X73.688 Y114.417 E1250.55987
G1 X73.688 Y110.254 E1250.8496
G1 X76.307 Y107.634 E1251.10742
G1 X76.308 Y110.249 E1251.28942
G1 X73.688 Y107.629 E1251.54729
G1 X73.688 Y103.465 E1251.83709
G1 X76.307 Y100.846 E1252.09487
G1 X76.308 Y103.461 E1252.27686
G1 X73.688 Y100.84 E1252.53479
G1 X73.688 Y96.677 E1252.82452
G1 X76.307 Y94.058 E1253.08229
G1 X76.307 Y96.672 E1253.26422
G1 X73.688 Y94.052 E1253.52204
G1 X73.688 Y89.889 E1253.81177
G1 X76.306 Y87.27 E1254.0695
G1 X76.307 Y89.884 E1254.25143
G1 X73.688 Y87.264 E1254.50925
G1 X73.688 Y83.101 E1254.79898
G1 X76.306 Y80.482 E1255.05671
G1 X76.307 Y83.095 E1255.23856
G1 X73.688 Y80.476 E1255.49634
G1 X73.688 Y76.312 E1255.78614
G1 X76.305 Y73.695 E1256.04372
G1 X76.306 Y76.306 E1256.22543
G1 X73.688 Y73.688 E1256.48311
G1 X73.688 Y69.524 E1256.77291
G1 X76.305 Y66.906 E1257.03054
G1 X76.306 Y69.518 E1257.21233
G1 X73.688 Y66.899 E1257.47005
G1 X73.688 Y62.736 E1257.75978
G1 X76.305 Y60.119 E1258.01736
G1 X76.305 Y62.729 E1258.19901
G1 X73.688 Y60.111 E1258.45663
G1 X73.688 Y55.948 E1258.74637
G1 X76.305 Y53.331 E1259.00394
G1 X76.305 Y55.941 E1259.18559
G1 X73.688 Y53.323 E1259.44322
G1 X73.688 Y49.159 E1259.73302
G1 X76.304 Y46.543 E1259.9905
G1 X76.305 Y49.152 E1260.17208
G1 X73.688 Y46.535 E1260.42965
G1 X73.688 Y42.371 E1260.71946
G1 X76.304 Y39.755 E1260.97693
G1 X76.305 Y42.363 E1261.15844
G1 X73.688 Y39.746 E1261.41602
G1 X73.688 Y38.028 E1261.53559
G1 X76.304 Y38.028 E1261.71765
G1 X76.454 Y38.028
G0 F11700 X75.884 Y38.448
G1 F2400 E1255.21765
G1 F1200 Z4.16
;MESH:NONMESH
G0 F11700 X69.288 Y116.2
;TIME_ELAPSED:579.737258
;LAYER:12
;MESH:guia de montagem rolamento Y.stl(1)
G0 Z4.47
;TYPE:WALL-INNER
G1 F1200 Z3.87
G1 F2400 E1261.93384
G1 F3480 X69.284 Y36.948 E1267.44953
G1 X64.508 Y36.948 E1267.78193
G1 X64.508 Y116.2 E1273.29762
G1 X68.965 Y116.2 E1273.60781
G0 F3132 X69.288 Y116.2
G0 F11700 X69.788 Y116.7
;TYPE:WALL-OUTER
G1 F2100 X69.784 Y36.448 E1278.8828
G1 X64.008 Y36.448 E1279.26246
G1 X64.008 Y116.7 E1284.53745
G1 X69.446 Y116.7 E1284.89489
G0 F1890 X69.788 Y116.7
G0 F11700 X69.788 Y116.6
G1 F2400 E1278.39489
G1 F1200 Z4.47
G0 F11700 X68.387 Y115.475
G0 X66.909 Y115.72
;TYPE:FILL
G1 F1200 Z3.87
G1 F2400 E1285.11108
G1 F3900 X68.807 Y113.822 E1285.29789
G1 X68.808 Y115.72 E1285.42999
G1 X66.892 Y115.72 E1285.56333
G1 X64.988 Y113.817 E1285.75069
G1 X64.988 Y110.852 E1285.95704
G1 X68.807 Y107.033 E1286.33293
G1 X68.808 Y110.848 E1286.59844
G1 X64.988 Y107.028 E1286.97442
G1 X64.988 Y104.064 E1287.1807
G1 X68.806 Y100.246 E1287.55649
G1 X68.808 Y104.06 E1287.82193
G1 X64.988 Y100.24 E1288.19792
G1 X64.988 Y97.276 E1288.4042
G1 X68.806 Y93.458 E1288.77999
G1 X68.807 Y97.271 E1289.04536
G1 X64.988 Y93.452 E1289.42124
G1 X64.988 Y90.488 E1289.62753
G1 X68.806 Y86.67 E1290.00331
G1 X68.807 Y90.483 E1290.26869
G1 X64.988 Y86.664 E1290.64457
G1 X64.988 Y83.7 E1290.85086
G1 X68.806 Y79.882 E1291.22664
G1 X68.806 Y83.694 E1291.49195
G1 X64.988 Y79.875 E1291.86778
G1 X64.988 Y76.911 E1292.07407
G1 X68.805 Y73.094 E1292.44975
G1 X68.806 Y76.906 E1292.71506
G1 X64.988 Y73.087 E1293.09089
G1 X64.988 Y70.123 E1293.29718
G1 X68.805 Y66.306 E1293.67286
G1 X68.806 Y70.117 E1293.9381
G1 X64.988 Y66.299 E1294.31388
G1 X64.988 Y63.335 E1294.52017
G1 X68.804 Y59.519 E1294.89576
G1 X68.805 Y63.328 E1295.16085
G1 X64.988 Y59.511 E1295.53654
G1 X64.988 Y56.547 E1295.74282
G1 X68.804 Y52.73 E1296.11846
G1 X68.805 Y56.54 E1296.38363
G1 X64.988 Y52.723 E1296.75931
G1 X64.988 Y49.758 E1296.96567
G1 X68.804 Y45.943 E1297.34121
G1 X68.804 Y49.751 E1297.60623
G1 X64.988 Y45.934 E1297.98187
G1 X64.988 Y42.97 E1298.18816
G1 X68.804 Y39.155 E1298.5637
G1 X68.804 Y42.962 E1298.82865
G1 X64.988 Y39.146 E1299.20424
G1 X64.988 Y37.428 E1299.32381
G1 X68.804 Y37.428 E1299.58939
G1 X68.954 Y37.428
G0 F11700 X68.384 Y37.848
G1 F2400 E1293.08939
G1 F1200 Z4.47
;MESH:guia de montagem rolamento Y.stl
G0 F11700 X77.388 Y116.2
;TYPE:WALL-INNER
G1 F1200 Z3.87
G1 F2400 E1299.80558
G1 F3480 X77.384 Y36.948 E1305.32127
G1 X72.608 Y36.948 E1305.65366
G1 X72.608 Y116.2 E1311.16935
G1 X77.065 Y116.2 E1311.47954
G0 F3132 X77.388 Y116.2
G0 F11700 X77.888 Y116.7
;TYPE:WALL-OUTER
G1 F2100 X77.884 Y36.448 E1316.75453
G1 X72.108 Y36.448 E1317.13419
G1 X72.108 Y116.7 E1322.40918
G1 X77.546 Y116.7 E1322.76663
G0 F1890 X77.888 Y116.7
G0 F11700 X77.888 Y116.6
G1 F2400 E1316.26663
G1 F1200 Z4.47
G0 F11700 X76.487 Y115.475
G0 X75.009 Y115.72
;TYPE:FILL
G1 F1200 Z3.87
G1 F2400 E1322.98282
G1 F3900 X76.908 Y113.822 E1323.16968
G1 X76.908 Y115.72 E1323.30177
G1 X74.99 Y115.719 E1323.43526
G1 X73.088 Y113.817 E1323.62246
G1 X73.088 Y110.853 E1323.82875
G1 X76.908 Y107.033 E1324.20473
G1 X76.908 Y110.85 E1324.47038
G1 X73.088 Y107.029 E1324.84641
G1 X73.088 Y104.065 E1325.0527
G1 X76.907 Y100.246 E1325.42858
G1 X76.908 Y104.061 E1325.69409
G1 X73.088 Y100.241 E1326.07008
G1 X73.088 Y97.277 E1326.27636
G1 X76.907 Y93.458 E1326.65225
G1 X76.908 Y97.272 E1326.91769
G1 X73.088 Y93.453 E1327.29362
G1 X73.088 Y90.488 E1327.49998
G1 X76.906 Y86.67 E1327.87576
G1 X76.908 Y90.484 E1328.1412
G1 X73.088 Y86.664 E1328.51719
G1 X73.088 Y83.7 E1328.72347
G1 X76.906 Y79.882 E1329.09926
G1 X76.907 Y83.695 E1329.36463
G1 X73.088 Y79.876 E1329.74051
G1 X73.088 Y76.912 E1329.9468
G1 X76.906 Y73.094 E1330.32259
G1 X76.907 Y76.907 E1330.58796
G1 X73.088 Y73.088 E1330.96384
G1 X73.088 Y70.124 E1331.17013
G1 X76.906 Y66.306 E1331.54591
G1 X76.906 Y70.118 E1331.81122
G1 X73.088 Y66.3 E1332.187
G1 X73.088 Y63.336 E1332.39329
G1 X76.905 Y59.519 E1332.76897
G1 X76.906 Y63.329 E1333.03414
G1 X73.088 Y59.512 E1333.40988
G1 X73.088 Y56.547 E1333.61623
G1 X76.905 Y52.73 E1333.99192
G1 X76.906 Y56.541 E1334.25715
G1 X73.088 Y52.723 E1334.63294
G1 X73.088 Y49.759 E1334.83922
G1 X76.904 Y45.943 E1335.21481
G1 X76.905 Y49.752 E1335.4799
G1 X73.088 Y45.935 E1335.85559
G1 X73.088 Y42.971 E1336.06188
G1 X76.904 Y39.155 E1336.43747
G1 X76.905 Y42.964 E1336.70256
G1 X73.088 Y39.147 E1337.07825
G1 X73.088 Y37.428 E1337.19788
G1 X76.904 Y37.428 E1337.46347
G1 X77.054 Y37.428
G0 F11700 X76.484 Y37.848
G1 F2400 E1330.96347
G1 F1200 Z4.47
;MESH:NONMESH
G0 F11700 X68.688 Y115.6
;TIME_ELAPSED:606.425499
;LAYER:13
;MESH:guia de montagem rolamento Y.stl(1)
G0 Z4.78
;TYPE:WALL-INNER
G1 F1200 Z4.18
G1 F2400 E1337.67966
G1 F3480 X68.684 Y37.548 E1343.11183
G1 X65.108 Y37.548 E1343.36071
G1 X65.108 Y115.6 E1348.79288
G1 X68.365 Y115.6 E1349.01956
G0 F3132 X68.688 Y115.6
G0 F11700 X69.288 Y116.2
G1 F3480 X69.284 Y36.948 E1354.53524
G1 X64.508 Y36.948 E1354.86764
G1 X64.508 Y116.2 E1360.38333
G1 X68.965 Y116.2 E1360.69352
G0 F3132 X69.288 Y116.2
G0 F11700 X69.788 Y116.7
;TYPE:WALL-OUTER
G1 F2100 X69.784 Y36.448 E1365.96851
G1 X64.008 Y36.448 E1366.34817
G1 X64.008 Y116.7 E1371.62316
G1 X69.446 Y116.7 E1371.9806
G0 F1890 X69.788 Y116.7
G0 F11700 X69.788 Y116.6
G1 F2400 E1365.4806
G1 F1200 Z4.78
G0 F11700 X67.787 Y114.875
G0 X67.509 Y115.12
;TYPE:FILL
G1 F1200 Z4.18
G1 F2400 E1372.19679
G1 F3900 X68.207 Y114.422 E1372.26549
G1 X68.208 Y115.12 E1372.31407
G1 X66.291 Y115.12 E1372.44749
G1 X65.588 Y114.417 E1372.51668
G1 X65.588 Y110.252 E1372.80655
G1 X68.207 Y107.634 E1373.06428
G1 X68.208 Y110.248 E1373.24621
G1 X65.588 Y107.629 E1373.50403
G1 X65.588 Y103.464 E1373.7939
G1 X68.207 Y100.845 E1374.05167
G1 X68.208 Y103.46 E1374.23367
G1 X65.588 Y100.84 E1374.49154
G1 X65.588 Y96.676 E1374.78134
G1 X68.206 Y94.058 E1375.03902
G1 X68.207 Y96.671 E1375.22088
G1 X65.588 Y94.052 E1375.47865
G1 X65.588 Y89.887 E1375.76852
G1 X68.206 Y87.27 E1376.02615
G1 X68.207 Y89.882 E1376.20794
G1 X65.588 Y87.264 E1376.46566
G1 X65.588 Y83.099 E1376.75553
G1 X68.205 Y80.482 E1377.01311
G1 X68.206 Y83.094 E1377.1949
G1 X65.588 Y80.476 E1377.45257
G1 X65.588 Y76.311 E1377.74244
G1 X68.205 Y73.694 E1378.00002
G1 X68.206 Y76.305 E1378.18174
G1 X65.588 Y73.688 E1378.43937
G1 X65.588 Y69.523 E1378.72924
G1 X68.205 Y66.906 E1378.98681
G1 X68.206 Y69.517 E1379.16853
G1 X65.588 Y66.899 E1379.42621
G1 X65.588 Y62.735 E1379.71601
G1 X68.205 Y60.118 E1379.97359
G1 X68.205 Y62.728 E1380.15523
G1 X65.588 Y60.111 E1380.41281
G1 X65.588 Y55.946 E1380.70268
G1 X68.204 Y53.331 E1380.96011
G1 X68.205 Y55.94 E1381.14169
G1 X65.588 Y53.323 E1381.39927
G1 X65.588 Y49.158 E1381.68914
G1 X68.204 Y46.542 E1381.94662
G1 X68.205 Y49.151 E1382.1282
G1 X65.588 Y46.535 E1382.38572
G1 X65.588 Y42.37 E1382.6756
G1 X68.204 Y39.754 E1382.93307
G1 X68.205 Y42.363 E1383.11465
G1 X65.588 Y39.746 E1383.37223
G1 X65.588 Y38.028 E1383.4918
G1 X68.204 Y38.028 E1383.67386
G1 X68.354 Y38.028
G0 F11700 X67.784 Y38.448
G1 F2400 E1377.17386
G1 F1200 Z4.78
;MESH:guia de montagem rolamento Y.stl
G0 F11700 X76.788 Y115.6
;TYPE:WALL-INNER
G1 F1200 Z4.18
G1 F2400 E1383.89005
G1 F3480 X76.784 Y37.548 E1389.32223
G1 X73.208 Y37.548 E1389.5711
G1 X73.208 Y115.6 E1395.00328
G1 X76.465 Y115.6 E1395.22995
G0 F3132 X76.788 Y115.6
G0 F11700 X77.388 Y116.2
G1 F3480 X77.384 Y36.948 E1400.74564
G1 X72.608 Y36.948 E1401.07804
G1 X72.608 Y116.2 E1406.59372
G1 X77.065 Y116.2 E1406.90392
G0 F3132 X77.388 Y116.2
G0 F11700 X77.888 Y116.7
;TYPE:WALL-OUTER
G1 F2100 X77.884 Y36.448 E1412.17891
G1 X72.108 Y36.448 E1412.55857
G1 X72.108 Y116.7 E1417.83356
G1 X77.546 Y116.7 E1418.191
G0 F1890 X77.888 Y116.7
G0 F11700 X77.888 Y116.6
G1 F2400 E1411.691
G1 F1200 Z4.78
G0 F11700 X75.887 Y114.875
G0 X75.61 Y115.12
;TYPE:FILL
G1 F1200 Z4.18
G1 F2400 E1418.40719
G1 F3900 X76.307 Y114.422 E1418.47584
G1 X76.308 Y115.12 E1418.52442
G1 X74.39 Y115.12 E1418.65791
G1 X73.688 Y114.417 E1418.72705
G1 X73.688 Y110.254 E1419.01678
G1 X76.307 Y107.634 E1419.27461
G1 X76.308 Y110.249 E1419.4566
G1 X73.688 Y107.629 E1419.71448
G1 X73.688 Y103.465 E1420.00428
G1 X76.307 Y100.846 E1420.26205
G1 X76.308 Y103.461 E1420.44405
G1 X73.688 Y100.84 E1420.70197
G1 X73.688 Y96.677 E1420.9917
G1 X76.307 Y94.058 E1421.24947
G1 X76.307 Y96.672 E1421.4314
G1 X73.688 Y94.052 E1421.68922
G1 X73.688 Y89.889 E1421.97896
G1 X76.306 Y87.27 E1422.23668
G1 X76.307 Y89.884 E1422.41861
G1 X73.688 Y87.264 E1422.67643
G1 X73.688 Y83.101 E1422.96616
G1 X76.306 Y80.482 E1423.22389
G1 X76.307 Y83.095 E1423.40574
G1 X73.688 Y80.476 E1423.66352
G1 X73.688 Y76.312 E1423.95332
G1 X76.305 Y73.695 E1424.2109
G1 X76.306 Y76.306 E1424.39262
G1 X73.688 Y73.688 E1424.65029
G1 X73.688 Y69.524 E1424.94009
G1 X76.305 Y66.906 E1425.19772
G1 X76.306 Y69.518 E1425.37951
G1 X73.688 Y66.899 E1425.63723
G1 X73.688 Y62.736 E1425.92696
G1 X76.305 Y60.119 E1426.18454
G1 X76.305 Y62.729 E1426.36619
G1 X73.688 Y60.111 E1426.62382
G1 X73.688 Y55.948 E1426.91355
G1 X76.305 Y53.331 E1427.17113
G1 X76.305 Y55.941 E1427.35277
G1 X73.688 Y53.323 E1427.6104
G1 X73.688 Y49.159 E1427.9002
G1 X76.304 Y46.543 E1428.15768
G1 X76.305 Y49.152 E1428.33926
G1 X73.688 Y46.535 E1428.59684
G1 X73.688 Y42.371 E1428.88664
G1 X76.304 Y39.755 E1429.14412
G1 X76.305 Y42.363 E1429.32563
G1 X73.688 Y39.746 E1429.5832
G1 X73.688 Y38.028 E1429.70277
G1 X76.304 Y38.028 E1429.88484
G1 X76.454 Y38.028
G0 F11700 X75.884 Y38.448
G1 F2400 E1423.38484
G1 F1200 Z4.78
;MESH:NONMESH
G0 F11700 X69.288 Y116.2
;TIME_ELAPSED:637.508769
;LAYER:14
;MESH:guia de montagem rolamento Y.stl(1)
G0 Z5.09
;TYPE:WALL-INNER
G1 F1200 Z4.49
G1 F2400 E1430.10103
G1 F3480 X69.284 Y36.948 E1435.61671
G1 X64.508 Y36.948 E1435.94911
G1 X64.508 Y116.2 E1441.4648
G1 X68.965 Y116.2 E1441.77499
G0 F3132 X69.288 Y116.2
G0 F11700 X69.788 Y116.7
;TYPE:WALL-OUTER
G1 F2100 X69.784 Y36.448 E1447.04998
G1 X64.008 Y36.448 E1447.42964
G1 X64.008 Y116.7 E1452.70463
G1 X69.446 Y116.7 E1453.06207
G0 F1890 X69.788 Y116.7
G0 F11700 X69.788 Y116.6
G1 F2400 E1446.56207
G1 F1200 Z5.09
G0 F11700 X68.387 Y115.475
G0 X64.988 Y49.758
;TYPE:FILL
G1 F1200 Z4.49
G1 F2400 E1453.27826
G1 F3900 X65.578 Y49.168 E1453.33633
G1 X65.704 Y49.293 E1453.34869
G1 X66.001 Y48.999 E1453.37777
G1 X68.614 Y51.61 E1453.63486
G1 X68.805 Y51.531 E1453.64924
G1 X68.805 Y52.73 E1453.73269
G1 X64.988 Y56.547 E1454.10838
G1 X64.988 Y59.511 E1454.31466
G1 X68.806 Y63.328 E1454.6904
G1 X68.805 Y66.306 E1454.89766
G1 X64.988 Y70.123 E1455.27335
G1 X64.988 Y73.087 E1455.47963
G1 X68.806 Y76.906 E1455.85547
G1 X68.806 Y79.882 E1456.06259
G1 X64.988 Y83.7 E1456.43837
G1 X64.988 Y86.664 E1456.64466
G1 X68.807 Y90.483 E1457.02054
G1 X68.806 Y93.458 E1457.22759
G1 X64.988 Y97.276 E1457.60338
G1 X64.988 Y100.24 E1457.80966
G1 X68.808 Y104.06 E1458.18564
G1 X68.807 Y107.033 E1458.39256
G1 X64.988 Y110.852 E1458.76844
G1 X64.988 Y113.817 E1458.97479
G1 X66.901 Y115.728 E1459.16298
G1 X68.807 Y113.822 E1459.35058
G1 X68.808 Y110.848 E1459.55756
G1 X64.988 Y107.028 E1459.93354
G1 X64.988 Y104.064 E1460.13983
G1 X68.807 Y100.245 E1460.51571
G1 X68.807 Y97.271 E1460.72269
G1 X64.988 Y93.452 E1461.09858
G1 X64.988 Y90.488 E1461.30486
G1 X68.806 Y86.669 E1461.6807
G1 X68.807 Y83.695 E1461.88768
G1 X64.988 Y79.875 E1462.26361
G1 X64.988 Y76.911 E1462.4699
G1 X68.806 Y73.094 E1462.84563
G1 X68.806 Y70.117 E1463.05282
G1 X64.988 Y66.299 E1463.42861
G1 X64.988 Y63.335 E1463.6349
G1 X68.805 Y59.518 E1464.01058
G1 X68.806 Y56.54 E1464.21784
G1 X64.988 Y52.723 E1464.59358
G1 X64.988 Y48.577 E1464.88213
G1 X64.988 Y48.427
G0 F11700 X64.987 Y39.145
G1 F3900 X68.804 Y42.962 E1465.25781
G1 X68.804 Y39.155 E1465.52277
G1 X66.294 Y41.664 E1465.76977
G1 X66.168 Y41.538 E1465.78217
G1 X65.408 Y42.297 E1465.85692
G1 X65.408 Y42.55 E1465.87453
G1 X64.988 Y42.97 E1465.91587
G1 X64.988 Y37.428 E1466.30157
G1 X68.804 Y37.428 E1466.56716
G1 X68.954 Y37.428
G0 F11700 X68.884 Y37.427
G0 X66.052 Y41.907
G1 F1170 X68.804 Y44.659 E1466.74773
G0 F11700 X68.804 Y45.508
G1 F1170 X65.628 Y42.332 E1466.95613
G0 F11700 X65.588 Y43.14
G1 F1170 X68.804 Y46.357 E1467.16719
G0 F11700 X68.804 Y47.205
G1 F1170 X65.588 Y43.988 E1467.37824
G0 F11700 X64.988 Y44.237
G1 F1170 X68.804 Y48.054 E1467.62867
G0 F11700 X68.804 Y48.902
G1 F1170 X64.988 Y45.086 E1467.87906
G0 F11700 X64.988 Y45.934
G1 F1170 X68.505 Y49.452 E1468.10987
G0 F11700 X68.804 Y50.599
G1 F1170 X64.988 Y46.783 E1468.36026
G0 F11700 X64.988 Y47.631
G1 F1170 X68.804 Y51.448 E1468.61068
G0 F11700 X68.384 Y51.447
G1 F2400 E1462.11068
G1 F1200 Z5.09
;MESH:guia de montagem rolamento Y.stl
G0 F11700 X77.388 Y116.2
;TYPE:WALL-INNER
G1 F1200 Z4.49
G1 F2400 E1468.82687
G1 F3480 X77.384 Y36.948 E1474.34256
G1 X72.608 Y36.948 E1474.67496
G1 X72.608 Y116.2 E1480.19065
G1 X77.065 Y116.2 E1480.50084
G0 F3132 X77.388 Y116.2
G0 F11700 X77.888 Y116.7
;TYPE:WALL-OUTER
G1 F2100 X77.884 Y36.448 E1485.77583
G1 X72.108 Y36.448 E1486.15549
G1 X72.108 Y116.7 E1491.43048
G1 X77.546 Y116.7 E1491.78792
G0 F1890 X77.888 Y116.7
G0 F11700 X77.888 Y116.6
G1 F2400 E1485.28792
G1 F1200 Z5.09
G0 F11700 X76.487 Y115.475
G0 X73.088 Y49.759
;TYPE:FILL
G1 F1200 Z4.49
G1 F2400 E1492.00411
G1 F3900 X73.68 Y49.167 E1492.06238
G1 X73.805 Y49.293 E1492.07473
G1 X74.102 Y48.999 E1492.10382
G1 X76.715 Y51.608 E1492.3608
G1 X76.905 Y51.529 E1492.37513
G1 X76.906 Y52.73 E1492.45871
G1 X73.088 Y56.547 E1492.83445
G1 X73.088 Y59.512 E1493.0408
G1 X76.906 Y63.33 E1493.41659
G1 X76.906 Y66.306 E1493.62371
G1 X73.088 Y70.124 E1493.99949
G1 X73.088 Y73.088 E1494.20578
G1 X76.907 Y76.907 E1494.58166
G1 X76.906 Y79.882 E1494.78871
G1 X73.088 Y83.7 E1495.1645
G1 X73.088 Y86.664 E1495.37078
G1 X76.908 Y90.484 E1495.74677
G1 X76.907 Y93.458 E1495.95375
G1 X73.088 Y97.277 E1496.32963
G1 X73.088 Y100.241 E1496.53592
G1 X76.908 Y104.061 E1496.9119
G1 X76.908 Y107.033 E1497.11874
G1 X73.088 Y110.853 E1497.49472
G1 X73.088 Y113.817 E1497.70101
G1 X75 Y115.729 E1497.8892
G1 X76.908 Y113.822 E1498.07694
G1 X76.908 Y110.85 E1498.28379
G1 X73.088 Y107.029 E1498.65982
G1 X73.088 Y104.065 E1498.8661
G1 X76.908 Y100.245 E1499.24208
G1 X76.908 Y97.272 E1499.449
G1 X73.088 Y93.453 E1499.82493
G1 X73.088 Y90.488 E1500.03128
G1 X76.907 Y86.669 E1500.40717
G1 X76.908 Y83.696 E1500.61408
G1 X73.088 Y79.876 E1500.99006
G1 X73.088 Y76.912 E1501.19635
G1 X76.906 Y73.094 E1501.57213
G1 X76.907 Y70.119 E1501.77918
G1 X73.088 Y66.3 E1502.15507
G1 X73.088 Y63.336 E1502.36135
G1 X76.906 Y59.518 E1502.73714
G1 X76.906 Y56.542 E1502.94426
G1 X73.088 Y52.723 E1503.32009
G1 X73.088 Y48.577 E1503.60864
G1 X73.088 Y48.427
G0 F11700 X73.088 Y39.147
G1 F3900 X76.904 Y42.963 E1503.98423
G1 X76.904 Y39.155 E1504.24926
G1 X74.395 Y41.664 E1504.4962
G1 X74.268 Y41.538 E1504.50865
G1 X73.508 Y42.298 E1504.58346
G1 X73.508 Y42.551 E1504.60107
G1 X73.088 Y42.971 E1504.6424
G1 X73.088 Y37.428 E1505.02818
G1 X76.904 Y37.428 E1505.29376
G1 X77.054 Y37.428
G0 F11700 X76.984 Y37.427
G0 X74.152 Y41.908
G1 F1170 X76.905 Y44.661 E1505.4744
G0 F11700 X76.905 Y45.509
G1 F1170 X73.728 Y42.332 E1505.68287
G0 F11700 X73.688 Y43.141
G1 F1170 X76.905 Y46.358 E1505.89396
G0 F11700 X76.906 Y47.207
G1 F1170 X73.688 Y43.99 E1506.10508
G0 F11700 X73.088 Y44.238
G1 F1170 X76.906 Y48.056 E1506.3556
G0 F11700 X76.906 Y48.904
G1 F1170 X73.088 Y45.087 E1506.60609
G0 F11700 X73.088 Y45.935
G1 F1170 X76.605 Y49.452 E1506.83686
G0 F11700 X76.905 Y50.601
G1 F1170 X73.088 Y46.784 E1507.08732
G0 F11700 X73.088 Y47.632
G1 F1170 X76.905 Y51.449 E1507.33778
G0 F11700 X76.484 Y51.448
G1 F2400 E1500.83778
G1 F1200 Z5.09
;MESH:NONMESH
G0 F11700 X68.688 Y115.6
;TIME_ELAPSED:669.340303
;LAYER:15
;MESH:guia de montagem rolamento Y.stl(1)
G0 Z5.4
;TYPE:WALL-INNER
G1 F1200 Z4.8
G1 F2400 E1507.55397
G1 F3480 X68.684 Y37.548 E1512.98614
G1 X65.108 Y37.548 E1513.23502
G1 X65.108 Y115.6 E1518.66719
G1 X68.365 Y115.6 E1518.89387
G0 F3132 X68.688 Y115.6
G0 F11700 X69.288 Y116.2
G1 F3480 X69.284 Y36.948 E1524.40956
G1 X64.508 Y36.948 E1524.74195
G1 X64.508 Y116.2 E1530.25764
G1 X68.965 Y116.2 E1530.56784
G0 F3132 X69.288 Y116.2
G0 F11700 X69.788 Y116.7
;TYPE:WALL-OUTER
G1 F2100 X69.784 Y36.448 E1535.84283
G1 X64.008 Y36.448 E1536.22249
G1 X64.008 Y116.7 E1541.49748
G1 X69.446 Y116.7 E1541.85492
G0 F1890 X69.788 Y116.7
G0 F11700 X69.788 Y116.6
G1 F2400 E1535.35492
G1 F1200 Z5.4
G0 F11700 X67.787 Y114.875
G0 X68.207 Y114.422
;TYPE:FILL
G1 F1200 Z4.8
G1 F2400 E1542.07111
G1 F3900 X68.208 Y110.248 E1542.36161
G1 X65.588 Y107.628 E1542.61948
G1 X65.588 Y103.464 E1542.90928
G1 X68.207 Y100.845 E1543.16705
G1 X68.208 Y96.671 E1543.45755
G1 X65.588 Y94.052 E1543.71538
G1 X65.588 Y89.887 E1544.00525
G1 X68.206 Y87.27 E1544.26287
G1 X68.207 Y83.094 E1544.55351
G1 X65.588 Y80.475 E1544.81128
G1 X65.588 Y76.311 E1545.10109
G1 X68.206 Y73.693 E1545.35876
G1 X68.206 Y69.517 E1545.6494
G1 X65.588 Y66.899 E1545.90707
G1 X65.588 Y62.735 E1546.19688
G1 X68.205 Y60.118 E1546.45445
G1 X68.206 Y55.941 E1546.74516
G1 X65.588 Y53.322 E1547.00288
G1 X65.588 Y49.158 E1547.29269
G1 X65.822 Y48.924 E1547.31572
G1 X68.205 Y48.924 E1547.48157
G1 X67.978 Y48.924 E1547.49736
G1 X68.206 Y49.152 E1547.51981
G1 X68.205 Y53.329 E1547.81051
G1 X65.588 Y55.946 E1548.06809
G1 X65.588 Y60.11 E1548.35789
G1 X68.206 Y62.729 E1548.61562
G1 X68.205 Y66.906 E1548.90632
G1 X65.588 Y69.523 E1549.1639
G1 X65.588 Y73.687 E1549.4537
G1 X68.207 Y76.306 E1549.71147
G1 X68.206 Y80.481 E1550.00204
G1 X65.588 Y83.099 E1550.25972
G1 X65.588 Y87.263 E1550.54952
G1 X68.207 Y89.882 E1550.80729
G1 X68.207 Y94.057 E1551.09786
G1 X65.588 Y96.676 E1551.35563
G1 X65.588 Y100.84 E1551.64544
G1 X68.208 Y103.46 E1551.90331
G1 X68.207 Y107.634 E1552.19381
G1 X65.588 Y110.252 E1552.45153
G1 X65.588 Y114.416 E1552.74133
G1 X66.291 Y115.12 E1552.81057
G1 X67.509 Y115.12 E1552.89534
G1 X68.207 Y114.422 E1552.96404
G0 F11700 X67.702 Y48.776
G0 X68.412 Y43.979
G0 X65.588 Y39.746
G1 F3900 X68.204 Y42.362 E1553.22152
G1 X68.204 Y39.754 E1553.40303
G1 X65.588 Y42.37 E1553.66051
G1 X65.588 Y38.028 E1553.9627
G1 X68.204 Y38.028 E1554.14477
G1 X68.354 Y38.028
G0 F11700 X68.284 Y38.027
G0 X65.478 Y43.937
G0 X65.318 Y44.142
;TYPE:SKIN
G1 F2340 X65.543 Y43.917 E1554.16691
G0 F11700 X66.392 Y43.917
G1 F2340 X65.318 Y44.99 E1554.27257
G0 F11700 X65.318 Y45.839
G1 F2340 X67.24 Y43.917 E1554.46174
G0 F11700 X68.089 Y43.917
G1 F2340 X65.318 Y46.687 E1554.73443
G0 F11700 X65.318 Y47.536
G1 F2340 X68.473 Y44.381 E1555.04496
G0 F11700 X68.473 Y45.229
G1 F2340 X65.318 Y48.384 E1555.35549
G0 F11700 X65.717 Y48.834
G1 F2340 X68.473 Y46.078 E1555.62675
G0 F11700 X68.474 Y46.926
G1 F2340 X66.566 Y48.834 E1555.81454
G0 F11700 X67.414 Y48.834
G1 F2340 X68.474 Y47.774 E1555.91887
G0 F11700 X68.474 Y48.623
G1 F2340 X68.263 Y48.834 E1555.93964
G0 F11700 X67.784 Y49.343
G1 F2400 E1549.43964
G1 F1200 Z5.4
;MESH:guia de montagem rolamento Y.stl
G0 F11700 X67.784 Y49.344
G0 X76.788 Y115.6
;TYPE:WALL-INNER
G1 F1200 Z4.8
G1 F2400 E1556.15583
G1 F3480 X76.784 Y37.548 E1561.588
G1 X73.208 Y37.548 E1561.83688
G1 X73.208 Y115.6 E1567.26905
G1 X76.465 Y115.6 E1567.49573
G0 F3132 X76.788 Y115.6
G0 F11700 X77.388 Y116.2
G1 F3480 X77.384 Y36.948 E1573.01142
G1 X72.608 Y36.948 E1573.34381
G1 X72.608 Y116.2 E1578.8595
G1 X77.065 Y116.2 E1579.16969
G0 F3132 X77.388 Y116.2
G0 F11700 X77.888 Y116.7
;TYPE:WALL-OUTER
G1 F2100 X77.884 Y36.448 E1584.44469
G1 X72.108 Y36.448 E1584.82434
G1 X72.108 Y116.7 E1590.09934
G1 X77.546 Y116.7 E1590.45678
G0 F1890 X77.888 Y116.7
G0 F11700 X77.888 Y116.6
G1 F2400 E1583.95678
G1 F1200 Z5.4
G0 F11700 X75.887 Y114.875
G0 X76.307 Y114.422
;TYPE:FILL
G1 F1200 Z4.8
G1 F2400 E1590.67297
G1 F3900 X76.308 Y110.249 E1590.9634
G1 X73.688 Y107.629 E1591.22127
G1 X73.688 Y103.465 E1591.51107
G1 X76.307 Y100.846 E1591.76884
G1 X76.307 Y96.672 E1592.05934
G1 X73.688 Y94.052 E1592.31716
G1 X73.688 Y89.888 E1592.60697
G1 X76.306 Y87.27 E1592.86464
G1 X76.307 Y83.095 E1593.15521
G1 X73.688 Y80.476 E1593.41298
G1 X73.688 Y76.312 E1593.70278
G1 X76.305 Y73.695 E1593.96036
G1 X76.306 Y69.518 E1594.25107
G1 X73.688 Y66.899 E1594.50879
G1 X73.688 Y62.735 E1594.79859
G1 X76.305 Y60.119 E1595.05612
G1 X76.305 Y55.941 E1595.3469
G1 X73.688 Y53.323 E1595.60453
G1 X73.688 Y49.159 E1595.89433
G1 X73.923 Y48.924 E1595.91746
G1 X76.305 Y48.924 E1596.08324
G1 X76.077 Y48.924 E1596.0991
G1 X76.305 Y49.152 E1596.12155
G1 X76.305 Y53.331 E1596.41239
G1 X73.688 Y55.947 E1596.66992
G1 X73.688 Y60.111 E1596.95972
G1 X76.306 Y62.73 E1597.21745
G1 X76.305 Y66.906 E1597.50808
G1 X73.688 Y69.523 E1597.76566
G1 X73.688 Y73.688 E1598.05553
G1 X76.307 Y76.307 E1598.3133
G1 X76.306 Y80.482 E1598.60387
G1 X73.688 Y83.1 E1598.86155
G1 X73.688 Y87.264 E1599.15135
G1 X76.307 Y89.884 E1599.40917
G1 X76.307 Y94.058 E1599.69967
G1 X73.688 Y96.676 E1599.9574
G1 X73.688 Y100.84 E1600.2472
G1 X76.308 Y103.461 E1600.50512
G1 X76.307 Y107.634 E1600.79555
G1 X73.688 Y110.253 E1601.05332
G1 X73.688 Y114.417 E1601.34312
G1 X74.39 Y115.12 E1601.41227
G1 X75.61 Y115.12 E1601.49717
G1 X76.307 Y114.422 E1601.56582
G0 F11700 X75.802 Y48.776
G0 X76.512 Y43.979
G0 X73.688 Y39.746
G1 F3900 X76.304 Y42.363 E1601.82335
G1 X76.304 Y39.755 E1602.00486
G1 X73.688 Y42.371 E1602.26234
G1 X73.688 Y38.028 E1602.5646
G1 X76.304 Y38.028 E1602.74667
G1 X76.454 Y38.028
G0 F11700 X76.384 Y38.027
G0 X73.578 Y43.937
G0 X73.418 Y44.527
;TYPE:SKIN
G1 F2340 X74.028 Y43.917 E1602.8067
G0 F11700 X74.877 Y43.917
G1 F2340 X73.418 Y45.376 E1602.95031
G0 F11700 X73.418 Y46.224
G1 F2340 X75.725 Y43.917 E1603.17737
G0 F11700 X76.574 Y43.917
G1 F2340 X73.418 Y47.073 E1603.488
G0 F11700 X73.418 Y47.921
G1 F2340 X76.574 Y44.766 E1603.79858
G0 F11700 X76.574 Y45.614
G1 F2340 X73.418 Y48.77 E1604.10921
G0 F11700 X74.202 Y48.834
G1 F2340 X76.575 Y46.462 E1604.34272
G0 F11700 X76.575 Y47.31
G1 F2340 X75.051 Y48.834 E1604.49272
G0 F11700 X75.899 Y48.834
G1 F2340 X76.575 Y48.159 E1604.55921
G1 F2400 E1598.05921
G1 F1200 Z5.4
;MESH:NONMESH
G0 F11700 X69.288 Y116.2
;TIME_ELAPSED:703.285804
;LAYER:16
;MESH:guia de montagem rolamento Y.stl(1)
G0 Z5.71
;TYPE:WALL-INNER
G1 F1200 Z5.11
G1 F2400 E1604.7754
G1 F3480 X69.284 Y36.948 E1610.29109
G1 X64.508 Y36.948 E1610.62348
G1 X64.508 Y116.2 E1616.13917
G1 X68.965 Y116.2 E1616.44936
G0 F3132 X69.288 Y116.2
G0 F11700 X69.788 Y116.7
;TYPE:WALL-OUTER
G1 F2100 X69.784 Y36.448 E1621.72435
G1 X64.008 Y36.448 E1622.10401
G1 X64.008 Y116.7 E1627.379
G1 X69.446 Y116.7 E1627.73644
G0 F1890 X69.788 Y116.7
G0 F11700 X69.788 Y116.6
G1 F2400 E1621.23644
G1 F1200 Z5.71
G0 F11700 X68.387 Y115.475
G0 X66.909 Y115.72
;TYPE:FILL
G1 F1200 Z5.11
G1 F2400 E1627.95264
G1 F3900 X68.807 Y113.822 E1628.13945
G1 X68.808 Y115.72 E1628.27154
G1 X66.892 Y115.72 E1628.40489
G1 X64.988 Y113.817 E1628.59224
G1 X64.988 Y110.852 E1628.79859
G1 X68.807 Y107.033 E1629.17448
G1 X68.808 Y110.848 E1629.43999
G1 X64.988 Y107.028 E1629.81597
G1 X64.988 Y104.064 E1630.02226
G1 X68.807 Y100.245 E1630.39814
G1 X68.808 Y104.06 E1630.66365
G1 X64.988 Y100.24 E1631.03964
G1 X64.988 Y97.276 E1631.24592
G1 X68.806 Y93.458 E1631.62171
G1 X68.807 Y97.271 E1631.88708
G1 X64.988 Y93.452 E1632.26296
G1 X64.988 Y90.488 E1632.46925
G1 X68.806 Y86.669 E1632.84508
G1 X68.807 Y90.483 E1633.11053
G1 X64.988 Y86.664 E1633.48641
G1 X64.988 Y83.7 E1633.6927
G1 X68.806 Y79.882 E1634.06848
G1 X68.807 Y83.695 E1634.33385
G1 X64.988 Y79.875 E1634.70979
G1 X64.988 Y76.911 E1634.91607
G1 X68.806 Y73.094 E1635.29181
G1 X68.806 Y76.906 E1635.55711
G1 X64.988 Y73.087 E1635.93295
G1 X64.988 Y70.123 E1636.13923
G1 X68.805 Y66.306 E1636.51492
G1 X68.806 Y70.117 E1636.78015
G1 X64.988 Y66.299 E1637.15594
G1 X64.988 Y63.335 E1637.36223
G1 X68.805 Y59.518 E1637.73791
G1 X68.806 Y63.328 E1638.00308
G1 X64.988 Y59.511 E1638.37881
G1 X64.988 Y56.547 E1638.5851
G1 X68.805 Y52.73 E1638.96079
G1 X68.806 Y56.54 E1639.22595
G1 X64.988 Y52.723 E1639.60169
G1 X64.988 Y50.283 E1639.7715
G1 X64.988 Y50.133
G1 F2400 E1633.2715
G1 F1200 Z5.71
G0 F11700 X65.408 Y50.703
G0 X64.988 Y39.146
G1 F1200 Z5.11
G1 F2400 E1639.98769
G1 F3900 X68.301 Y42.459 E1640.31377
G1 X68.804 Y42.459 E1640.34878
G1 X68.804 Y39.155 E1640.57873
G1 X65.499 Y42.46 E1640.90402
G1 X64.988 Y42.459 E1640.93959
G1 X64.988 Y37.428 E1641.28973
G1 X68.804 Y37.428 E1641.55531
G1 X68.954 Y37.428
G0 F11700 X68.884 Y37.428
G0 X68.853 Y42.539
G0 X68.853 Y42.549
;TYPE:SKIN
G1 F2340 X69.074 Y42.77 E1641.57706
G0 F11700 X69.074 Y43.619
G1 F2340 X68.005 Y42.549 E1641.68233
G0 F11700 X67.156 Y42.549
G1 F2340 X69.074 Y44.467 E1641.87111
G0 F11700 X69.074 Y45.316
G1 F2340 X66.308 Y42.549 E1642.1434
G0 F11700 X65.459 Y42.549
G1 F2340 X69.074 Y46.164 E1642.4992
G0 F11700 X69.075 Y47.013
G1 F2340 X64.718 Y42.656 E1642.92804
G0 F11700 X64.718 Y43.505
G1 F2340 X69.075 Y47.862 E1643.35688
G0 F11700 X69.075 Y48.71
G1 F2340 X64.718 Y44.353 E1643.78571
G0 F11700 X64.718 Y45.202
G1 F2340 X69.075 Y49.559 E1644.21455
G0 F11700 X68.862 Y50.195
G1 F2340 X64.718 Y46.05 E1644.62247
G0 F11700 X64.718 Y46.899
G1 F2340 X68.014 Y50.195 E1644.94688
G0 F11700 X67.165 Y50.194
G1 F2340 X64.718 Y47.747 E1645.18773
G0 F11700 X64.718 Y48.596
G1 F2340 X66.315 Y50.193 E1645.34491
G0 F11700 X65.466 Y50.193
G1 F2340 X64.718 Y49.444 E1645.41858
G0 F11700 X65.408 Y50.527
G1 F2400 E1638.91858
G1 F1200 Z5.71
;MESH:guia de montagem rolamento Y.stl
G0 F11700 X65.408 Y50.703
G0 X77.388 Y116.2
;TYPE:WALL-INNER
G1 F1200 Z5.11
G1 F2400 E1645.63477
G1 F3480 X77.384 Y36.948 E1651.15046
G1 X72.608 Y36.948 E1651.48286
G1 X72.608 Y116.2 E1656.99854
G1 X77.065 Y116.2 E1657.30874
G0 F3132 X77.388 Y116.2
G0 F11700 X77.888 Y116.7
;TYPE:WALL-OUTER
G1 F2100 X77.884 Y36.448 E1662.58373
G1 X72.108 Y36.448 E1662.96339
G1 X72.108 Y116.7 E1668.23838
G1 X77.546 Y116.7 E1668.59582
G0 F1890 X77.888 Y116.7
G0 F11700 X77.888 Y116.6
G1 F2400 E1662.09582
G1 F1200 Z5.71
G0 F11700 X76.487 Y115.475
G0 X75.009 Y115.72
;TYPE:FILL
G1 F1200 Z5.11
G1 F2400 E1668.81201
G1 F3900 X76.908 Y113.822 E1668.99887
G1 X76.908 Y115.72 E1669.13096
G1 X74.99 Y115.719 E1669.26445
G1 X73.088 Y113.817 E1669.45166
G1 X73.088 Y110.853 E1669.65794
G1 X76.908 Y107.033 E1670.03392
G1 X76.908 Y110.85 E1670.29957
G1 X73.088 Y107.029 E1670.67561
G1 X73.088 Y104.065 E1670.88189
G1 X76.907 Y100.246 E1671.25778
G1 X76.908 Y104.061 E1671.52329
G1 X73.088 Y100.241 E1671.89927
G1 X73.088 Y97.277 E1672.10555
G1 X76.907 Y93.458 E1672.48144
G1 X76.908 Y97.272 E1672.74688
G1 X73.088 Y93.453 E1673.12282
G1 X73.088 Y90.488 E1673.32917
G1 X76.906 Y86.67 E1673.70496
G1 X76.908 Y90.484 E1673.9704
G1 X73.088 Y86.664 E1674.34638
G1 X73.088 Y83.7 E1674.55267
G1 X76.906 Y79.882 E1674.92845
G1 X76.907 Y83.695 E1675.19382
G1 X73.088 Y79.876 E1675.56971
G1 X73.088 Y76.912 E1675.77599
G1 X76.906 Y73.094 E1676.15178
G1 X76.907 Y76.907 E1676.41715
G1 X73.088 Y73.088 E1676.79304
G1 X73.088 Y70.124 E1676.99932
G1 X76.906 Y66.306 E1677.37511
G1 X76.906 Y70.118 E1677.64041
G1 X73.088 Y66.3 E1678.0162
G1 X73.088 Y63.336 E1678.22248
G1 X76.905 Y59.519 E1678.59817
G1 X76.906 Y63.329 E1678.86333
G1 X73.088 Y59.512 E1679.23907
G1 X73.088 Y56.547 E1679.44542
G1 X76.905 Y52.73 E1679.82111
G1 X76.906 Y56.541 E1680.08634
G1 X73.088 Y52.723 E1680.46213
G1 X73.088 Y50.283 E1680.63195
G1 X73.088 Y50.133
G1 F2400 E1674.13195
G1 F1200 Z5.71
G0 F11700 X73.508 Y50.703
G0 X73.088 Y39.147
G1 F1200 Z5.11
G1 F2400 E1680.84814
G1 F3900 X76.4 Y42.459 E1681.17412
G1 X76.904 Y42.459 E1681.2092
G1 X76.904 Y39.155 E1681.43915
G1 X73.6 Y42.459 E1681.76434
G1 X73.088 Y42.459 E1681.79997
G1 X73.088 Y37.428 E1682.15012
G1 X76.904 Y37.428 E1682.4157
G1 X77.054 Y37.428
G0 F11700 X76.984 Y37.428
G0 X76.491 Y42.539
G0 X76.491 Y42.549
;TYPE:SKIN
G1 F2340 X77.175 Y43.234 E1682.48307
G0 F11700 X77.175 Y44.082
G1 F2340 X75.642 Y42.549 E1682.63395
G0 F11700 X74.794 Y42.549
G1 F2340 X77.175 Y44.931 E1682.86835
G0 F11700 X77.175 Y45.78
G1 F2340 X73.945 Y42.549 E1683.18631
G0 F11700 X73.096 Y42.549
G1 F2340 X77.175 Y46.628 E1683.58779
G0 F11700 X77.175 Y47.477
G1 F2340 X72.818 Y43.119 E1684.01667
G0 F11700 X72.818 Y43.968
G1 F2340 X77.175 Y48.325 E1684.44551
G0 F11700 X77.175 Y49.174
G1 F2340 X72.818 Y44.816 E1684.8744
G0 F11700 X72.818 Y45.665
G1 F2340 X77.175 Y50.022 E1685.30323
G0 F11700 X76.498 Y50.194
G1 F2340 X72.818 Y46.513 E1685.66549
G0 F11700 X72.818 Y47.362
G1 F2340 X75.65 Y50.194 E1685.94423
G0 F11700 X74.801 Y50.193
G1 F2340 X72.818 Y48.211 E1686.13935
G0 F11700 X72.818 Y49.059
G1 F2340 X73.952 Y50.193 E1686.25097
G0 F11700 X73.104 Y50.193
G1 F2340 X72.818 Y49.908 E1686.27907
G0 F11700 X73.508 Y50.527
G1 F2400 E1679.77907
G1 F1200 Z5.71
;MESH:NONMESH
G0 F11700 X73.508 Y50.703
G0 X68.688 Y115.6
;TIME_ELAPSED:734.581764
;LAYER:17
;MESH:guia de montagem rolamento Y.stl(1)
G0 Z6.02
;TYPE:WALL-INNER
G1 F1200 Z5.42
G1 F2400 E1686.49526
G1 F3480 X68.684 Y37.548 E1691.92743
G1 X65.108 Y37.548 E1692.17631
G1 X65.108 Y115.6 E1697.60848
G1 X68.365 Y115.6 E1697.83516
G0 F3132 X68.688 Y115.6
G0 F11700 X69.288 Y116.2
G1 F3480 X69.284 Y36.948 E1703.35085
G1 X64.508 Y36.948 E1703.68324
G1 X64.508 Y116.2 E1709.19893
G1 X68.965 Y116.2 E1709.50912
G0 F3132 X69.288 Y116.2
G0 F11700 X69.788 Y116.7
;TYPE:WALL-OUTER
G1 F2100 X69.784 Y36.448 E1714.78411
G1 X64.008 Y36.448 E1715.16377
G1 X64.008 Y116.7 E1720.43876
G1 X69.446 Y116.7 E1720.7962
G0 F1890 X69.788 Y116.7
G0 F11700 X69.788 Y116.6
G1 F2400 E1714.2962
G1 F1200 Z6.02
G0 F11700 X67.787 Y114.875
G0 X67.509 Y115.12
;TYPE:FILL
G1 F1200 Z5.42
G1 F2400 E1721.01239
G1 F3900 X68.207 Y114.422 E1721.0811
G1 X68.208 Y115.12 E1721.12967
G1 X66.291 Y115.12 E1721.26309
G1 X65.588 Y114.417 E1721.33228
G1 X65.588 Y110.252 E1721.62215
G1 X68.207 Y107.634 E1721.87988
G1 X68.208 Y110.248 E1722.06181
G1 X65.588 Y107.629 E1722.31963
G1 X65.588 Y103.464 E1722.6095
G1 X68.207 Y100.845 E1722.86727
G1 X68.208 Y103.46 E1723.04927
G1 X65.588 Y100.84 E1723.30714
G1 X65.588 Y96.676 E1723.59694
G1 X68.206 Y94.058 E1723.85462
G1 X68.207 Y96.671 E1724.03648
G1 X65.588 Y94.052 E1724.29425
G1 X65.588 Y89.887 E1724.58412
G1 X68.206 Y87.27 E1724.84175
G1 X68.207 Y89.882 E1725.02354
G1 X65.588 Y87.264 E1725.28126
G1 X65.588 Y83.099 E1725.57113
G1 X68.205 Y80.482 E1725.82871
G1 X68.206 Y83.094 E1726.0105
G1 X65.588 Y80.476 E1726.26817
G1 X65.588 Y76.311 E1726.55804
G1 X68.205 Y73.694 E1726.81562
G1 X68.206 Y76.305 E1726.99734
G1 X65.588 Y73.688 E1727.25497
G1 X65.588 Y69.523 E1727.54484
G1 X68.205 Y66.906 E1727.80241
G1 X68.206 Y69.517 E1727.98413
G1 X65.588 Y66.899 E1728.24181
G1 X65.588 Y62.735 E1728.53161
G1 X68.205 Y60.118 E1728.78919
G1 X68.205 Y62.728 E1728.97083
G1 X65.588 Y60.111 E1729.22841
G1 X65.588 Y55.946 E1729.51828
G1 X68.205 Y53.33 E1729.77581
G1 X68.205 Y55.94 E1729.95746
G1 X65.588 Y53.323 E1730.21504
G1 X65.588 Y51.108 E1730.36919
G1 X68.205 Y51.108 E1730.55133
G1 X68.355 Y51.108
G0 F11700 X68.284 Y51.107
G0 X68.412 Y41.79
G0 X65.588 Y39.746
G1 F3900 X67.48 Y41.638 E1730.73755
G1 X68.204 Y41.638 E1730.78794
G1 X68.204 Y39.754 E1730.91906
G1 X66.32 Y41.638 E1731.10449
G1 X65.588 Y41.638 E1731.15543
G1 X65.588 Y38.028 E1731.40668
G1 X68.204 Y38.028 E1731.58874
G1 X68.354 Y38.028
G1 F2400 E1725.08874
G1 F1200 Z6.02
G0 F11700 X67.784 Y38.448
G0 X65.318 Y42.445
;TYPE:SKIN
G1 F1200 Z5.42
G1 F2400 E1731.80493
G1 F2340 X66.035 Y41.728 E1731.87551
G0 F11700 X66.884 Y41.728
G1 F2340 X65.318 Y43.293 E1732.02959
G0 F11700 X65.318 Y44.142
G1 F2340 X67.732 Y41.728 E1732.26719
G0 F11700 X68.474 Y41.835
G1 F2340 X65.318 Y44.99 E1732.57777
G0 F11700 X65.318 Y45.839
G1 F2340 X68.474 Y42.683 E1732.88839
G0 F11700 X68.474 Y43.532
G1 F2340 X65.318 Y46.687 E1733.19897
G0 F11700 X65.318 Y47.536
G1 F2340 X68.474 Y44.38 E1733.5096
G0 F11700 X68.474 Y45.229
G1 F2340 X65.318 Y48.384 E1733.82018
G0 F11700 X65.318 Y49.233
G1 F2340 X68.474 Y46.077 E1734.13081
G0 F11700 X68.474 Y46.926
G1 F2340 X65.318 Y50.082 E1734.44144
G0 F11700 X65.318 Y50.93
G1 F2340 X68.474 Y47.774 E1734.75207
G0 F11700 X68.474 Y48.623
G1 F2340 X66.079 Y51.018 E1734.9878
G0 F11700 X66.928 Y51.018
G1 F2340 X68.474 Y49.471 E1735.14001
G0 F11700 X68.474 Y50.32
G1 F2340 X67.776 Y51.018 E1735.20871
G0 F11700 X67.776 Y51.528
G1 F2400 E1728.70871
G1 F1200 Z6.02
;MESH:guia de montagem rolamento Y.stl
G0 F11700 X76.788 Y115.6
;TYPE:WALL-INNER
G1 F1200 Z5.42
G1 F2400 E1735.4249
G1 F3480 X76.784 Y37.548 E1740.85707
G1 X73.208 Y37.548 E1741.10595
G1 X73.208 Y115.6 E1746.53812
G1 X76.465 Y115.6 E1746.7648
G0 F3132 X76.788 Y115.6
G0 F11700 X77.388 Y116.2
G1 F3480 X77.384 Y36.948 E1752.28049
G1 X72.608 Y36.948 E1752.61288
G1 X72.608 Y116.2 E1758.12857
G1 X77.065 Y116.2 E1758.43876
G0 F3132 X77.388 Y116.2
G0 F11700 X77.888 Y116.7
;TYPE:WALL-OUTER
G1 F2100 X77.884 Y36.448 E1763.71376
G1 X72.108 Y36.448 E1764.09341
G1 X72.108 Y116.7 E1769.36841
G1 X77.546 Y116.7 E1769.72585
G0 F1890 X77.888 Y116.7
G0 F11700 X77.888 Y116.6
G1 F2400 E1763.22585
G1 F1200 Z6.02
G0 F11700 X75.887 Y114.875
G0 X75.61 Y115.12
;TYPE:FILL
G1 F1200 Z5.42
G1 F2400 E1769.94204
G1 F3900 X76.307 Y114.422 E1770.01069
G1 X76.308 Y115.12 E1770.05927
G1 X74.39 Y115.12 E1770.19275
G1 X73.688 Y114.417 E1770.2619
G1 X73.688 Y110.254 E1770.55163
G1 X76.307 Y107.634 E1770.80945
G1 X76.308 Y110.249 E1770.99145
G1 X73.688 Y107.629 E1771.24932
G1 X73.688 Y103.465 E1771.53912
G1 X76.307 Y100.845 E1771.79695
G1 X76.308 Y103.461 E1771.97901
G1 X73.688 Y100.84 E1772.23693
G1 X73.688 Y96.677 E1772.52667
G1 X76.307 Y94.058 E1772.78444
G1 X76.307 Y96.672 E1772.96637
G1 X73.688 Y94.052 E1773.22419
G1 X73.688 Y89.889 E1773.51392
G1 X76.307 Y87.27 E1773.7717
G1 X76.307 Y89.884 E1773.95362
G1 X73.688 Y87.264 E1774.21145
G1 X73.688 Y83.101 E1774.50118
G1 X76.306 Y80.482 E1774.7589
G1 X76.307 Y83.095 E1774.94076
G1 X73.688 Y80.476 E1775.19853
G1 X73.688 Y76.312 E1775.48834
G1 X76.306 Y73.694 E1775.74601
G1 X76.307 Y76.307 E1775.92787
G1 X73.688 Y73.688 E1776.18564
G1 X73.688 Y69.524 E1776.47544
G1 X76.305 Y66.906 E1776.73307
G1 X76.307 Y69.518 E1776.91486
G1 X73.688 Y66.899 E1777.17263
G1 X73.688 Y62.736 E1777.46236
G1 X76.305 Y60.118 E1777.71999
G1 X76.306 Y62.73 E1777.90178
G1 X73.688 Y60.111 E1778.1595
G1 X73.688 Y55.948 E1778.44923
G1 X76.305 Y53.33 E1778.70686
G1 X76.306 Y55.941 E1778.88858
G1 X73.688 Y53.323 E1779.14625
G1 X73.688 Y51.108 E1779.30041
G1 X76.305 Y51.108 E1779.48255
G1 X76.455 Y51.108
G0 F11700 X76.384 Y51.107
G0 X76.512 Y41.79
G0 X73.688 Y39.746
G1 F3900 X75.579 Y41.638 E1779.66872
G1 X76.304 Y41.638 E1779.71917
G1 X76.304 Y39.755 E1779.85023
G1 X74.421 Y41.638 E1780.03556
G1 X73.688 Y41.638 E1780.08657
G1 X73.688 Y38.028 E1780.33782
G1 X76.304 Y38.028 E1780.51988
G1 X76.454 Y38.028
G0 F11700 X76.384 Y38.027
G0 X73.578 Y41.748
G0 X73.418 Y41.982
;TYPE:SKIN
G1 F2340 X73.672 Y41.728 E1780.54488
G0 F11700 X74.521 Y41.728
G1 F2340 X73.418 Y42.83 E1780.6534
G0 F11700 X73.418 Y43.679
G1 F2340 X75.369 Y41.728 E1780.84542
G0 F11700 X76.218 Y41.728
G1 F2340 X73.418 Y44.527 E1781.12096
G0 F11700 X73.418 Y45.376
G1 F2340 X76.574 Y42.22 E1781.43159
G0 F11700 X76.574 Y43.068
G1 F2340 X73.418 Y46.224 E1781.74222
G0 F11700 X73.418 Y47.073
G1 F2340 X76.574 Y43.917 E1782.05285
G0 F11700 X76.574 Y44.766
G1 F2340 X73.418 Y47.921 E1782.36343
G0 F11700 X73.418 Y48.77
G1 F2340 X76.574 Y45.614 E1782.67406
G0 F11700 X76.575 Y46.462
G1 F2340 X73.418 Y49.618 E1782.98474
G0 F11700 X73.418 Y50.467
G1 F2340 X76.575 Y47.31 E1783.29546
G0 F11700 X76.575 Y48.159
G1 F2340 X73.715 Y51.018 E1783.57691
G0 F11700 X74.564 Y51.018
G1 F2340 X76.575 Y49.007 E1783.77484
G0 F11700 X76.575 Y49.856
G1 F2340 X75.412 Y51.018 E1783.88926
G0 F11700 X76.261 Y51.018
G1 F2340 X76.575 Y50.705 E1783.92012
G1 F2400 E1777.42012
G1 F1200 Z6.02
;MESH:NONMESH
G0 F11700 X69.288 Y116.2
;TIME_ELAPSED:769.457108
;LAYER:18
;MESH:guia de montagem rolamento Y.stl(1)
G0 Z6.33
;TYPE:WALL-INNER
G1 F1200 Z5.73
G1 F2400 E1784.13631
G1 F3480 X69.284 Y36.948 E1789.65199
G1 X64.508 Y36.948 E1789.98439
G1 X64.508 Y116.2 E1795.50008
G1 X68.965 Y116.2 E1795.81027
G0 F3132 X69.288 Y116.2
G0 F11700 X69.788 Y116.7
;TYPE:WALL-OUTER
G1 F2100 X69.784 Y36.448 E1801.08526
G1 X64.008 Y36.448 E1801.46492
G1 X64.008 Y116.7 E1806.73991
G1 X69.446 Y116.7 E1807.09735
G0 F1890 X69.788 Y116.7
G0 F11700 X69.788 Y116.6
G1 F2400 E1800.59735
G1 F1200 Z6.33
G0 F11700 X68.387 Y115.475
G0 X66.909 Y115.72
;TYPE:FILL
G1 F1200 Z5.73
G1 F2400 E1807.31354
G1 F3900 X68.807 Y113.822 E1807.50035
G1 X68.808 Y115.72 E1807.63245
G1 X66.892 Y115.72 E1807.7658
G1 X64.988 Y113.817 E1807.95315
G1 X64.988 Y110.852 E1808.1595
G1 X68.807 Y107.033 E1808.53539
G1 X68.808 Y110.848 E1808.8009
G1 X64.988 Y107.028 E1809.17688
G1 X64.988 Y104.064 E1809.38317
G1 X68.807 Y100.245 E1809.75905
G1 X68.808 Y104.06 E1810.02456
G1 X64.988 Y100.24 E1810.40055
G1 X64.988 Y97.276 E1810.60683
G1 X68.806 Y93.458 E1810.98262
G1 X68.807 Y97.271 E1811.24799
G1 X64.988 Y93.452 E1811.62387
G1 X64.988 Y90.488 E1811.83016
G1 X68.806 Y86.669 E1812.20599
G1 X68.807 Y90.483 E1812.47144
G1 X64.988 Y86.664 E1812.84732
G1 X64.988 Y83.7 E1813.05361
G1 X68.806 Y79.882 E1813.42939
G1 X68.806 Y83.694 E1813.69469
G1 X64.988 Y79.875 E1814.07053
G1 X64.988 Y76.911 E1814.27681
G1 X68.806 Y73.094 E1814.65255
G1 X68.806 Y76.906 E1814.91785
G1 X64.988 Y73.087 E1815.29369
G1 X64.988 Y70.123 E1815.49997
G1 X68.805 Y66.306 E1815.87566
G1 X68.806 Y70.117 E1816.14089
G1 X64.988 Y66.299 E1816.51668
G1 X64.988 Y63.335 E1816.72297
G1 X68.805 Y59.518 E1817.09865
G1 X68.806 Y63.328 E1817.36382
G1 X64.988 Y59.511 E1817.73955
G1 X64.988 Y56.547 E1817.94584
G1 X68.805 Y52.73 E1818.32153
G1 X68.806 Y56.54 E1818.58669
G1 X64.988 Y52.723 E1818.96243
G1 X64.988 Y51.74 E1819.03084
G1 X68.805 Y51.74 E1819.29649
G1 X68.955 Y51.74
G0 F11700 X68.884 Y51.739
G0 X69.012 Y41.156
G0 X66.954 Y41.004
G1 F3900 X68.804 Y39.155 E1819.47853
G1 X68.804 Y41.004 E1819.60721
G1 X66.846 Y41.004 E1819.74348
G1 X64.988 Y39.146 E1819.92636
G1 X64.988 Y37.428 E1820.04592
G1 X68.804 Y37.428 E1820.31151
G1 X68.954 Y37.428
G0 F11700 X68.884 Y37.427
G0 X68.876 Y41.134
G0 X68.876 Y45.117
;TYPE:SKIN
G1 F2400 X69.074 Y45.316 E1820.33321
G0 F11700 X69.074 Y46.164
G1 F2400 X68.027 Y45.117 E1820.44771
G0 F11700 X67.179 Y45.117
G1 F2400 X69.075 Y47.013 E1820.65506
G0 F11700 X68.847 Y47.634
G1 F2400 X66.33 Y45.117 E1820.93032
G0 F11700 X65.482 Y45.117
G1 F2400 X67.999 Y47.634 E1821.20559
G0 F11700 X67.15 Y47.634
G1 F2400 X64.718 Y45.202 E1821.47155
G0 F11700 X64.718 Y46.05
G1 F2400 X66.302 Y47.634 E1821.64478
G0 F11700 X65.453 Y47.634
G1 F2400 X64.718 Y46.899 E1821.72516
G0 F11700 X64.858 Y51.61
G0 X65.226 Y51.65
G1 F2340 X64.718 Y51.141 E1821.77521
G0 F11700 X64.718 Y50.293
G1 F2340 X66.075 Y51.65 E1821.90877
G0 F11700 X66.923 Y51.65
G1 F2340 X64.718 Y49.444 E1822.12585
G0 F11700 X64.718 Y48.596
G1 F2340 X67.772 Y51.65 E1822.42644
G0 F11700 X68.62 Y51.65
G1 F2340 X64.718 Y47.747 E1822.81054
G0 F11700 X65.364 Y47.544
G1 F2340 X69.074 Y51.255 E1823.17574
G0 F11700 X69.074 Y50.407
G1 F2340 X66.212 Y47.544 E1823.45748
G0 F11700 X67.061 Y47.544
G1 F2340 X69.074 Y49.558 E1823.65566
G0 F11700 X69.074 Y48.71
G1 F2340 X67.909 Y47.544 E1823.77038
G0 F11700 X68.758 Y47.544
G1 F2340 X69.074 Y47.861 E1823.80153
G0 F11700 X69.074 Y47.013
G1 F2340 X68.984 Y46.922 E1823.81044
G0 F11700 X69.074 Y46.164
G1 F2340 X68.984 Y46.074 E1823.81929
G0 F11700 X69.074 Y45.316
G1 F2340 X68.984 Y45.225 E1823.8282
G1 X68.966 Y45.207
G1 X64.853 Y41.094 E1824.23302
G0 F11700 X64.718 Y41.808
G1 F2340 X68.117 Y45.207 E1824.56757
G0 F11700 X67.268 Y45.207
G1 F2340 X64.718 Y42.656 E1824.8186
G0 F11700 X64.718 Y43.505
G1 F2340 X66.42 Y45.207 E1824.98612
G0 F11700 X65.571 Y45.207
G1 F2340 X64.718 Y44.353 E1825.07013
G0 F11700 X64.718 Y45.202
G1 F2340 X64.808 Y45.292 E1825.07898
G1 F2400 E1818.57898
G1 F1200 Z6.33
G0 F11700 X65.702 Y41.094
G1 F1200 Z5.73
G1 F2400 E1825.29517
G1 F2340 X69.074 Y44.467 E1825.62711
G0 F11700 X69.074 Y43.619
G1 F2340 X66.55 Y41.094 E1825.87559
G0 F11700 X67.399 Y41.094
G1 F2340 X69.074 Y42.77 E1826.0405
G0 F11700 X69.074 Y41.922
G1 F2340 X68.247 Y41.094 E1826.12194
G0 F11700 X68.247 Y40.584
G1 F2400 E1819.62194
G1 F1200 Z6.33
;MESH:guia de montagem rolamento Y.stl
G0 F11700 X77.388 Y116.2
;TYPE:WALL-INNER
G1 F1200 Z5.73
G1 F2400 E1826.33813
G1 F3480 X77.384 Y36.948 E1831.85382
G1 X72.608 Y36.948 E1832.18622
G1 X72.608 Y116.2 E1837.7019
G1 X77.065 Y116.2 E1838.0121
G0 F3132 X77.388 Y116.2
G0 F11700 X77.888 Y116.7
;TYPE:WALL-OUTER
G1 F2100 X77.884 Y36.448 E1843.28709
G1 X72.108 Y36.448 E1843.66675
G1 X72.108 Y116.7 E1848.94174
G1 X77.546 Y116.7 E1849.29918
G0 F1890 X77.888 Y116.7
G0 F11700 X77.888 Y116.6
G1 F2400 E1842.79918
G1 F1200 Z6.33
G0 F11700 X76.487 Y115.475
G0 X75.009 Y115.72
;TYPE:FILL
G1 F1200 Z5.73
G1 F2400 E1849.51537
G1 F3900 X76.908 Y113.822 E1849.70223
G1 X76.908 Y115.72 E1849.83433
G1 X74.99 Y115.719 E1849.96781
G1 X73.088 Y113.817 E1850.15502
G1 X73.088 Y110.853 E1850.3613
G1 X76.908 Y107.033 E1850.73728
G1 X76.908 Y110.85 E1851.00294
G1 X73.088 Y107.029 E1851.37897
G1 X73.088 Y104.065 E1851.58525
G1 X76.907 Y100.246 E1851.96114
G1 X76.908 Y104.061 E1852.22665
G1 X73.088 Y100.241 E1852.60263
G1 X73.088 Y97.277 E1852.80892
G1 X76.907 Y93.458 E1853.1848
G1 X76.908 Y97.272 E1853.45024
G1 X73.088 Y93.453 E1853.82618
G1 X73.088 Y90.488 E1854.03253
G1 X76.906 Y86.67 E1854.40832
G1 X76.908 Y90.484 E1854.67376
G1 X73.088 Y86.664 E1855.04974
G1 X73.088 Y83.7 E1855.25603
G1 X76.906 Y79.882 E1855.63181
G1 X76.907 Y83.695 E1855.89718
G1 X73.088 Y79.876 E1856.27307
G1 X73.088 Y76.912 E1856.47935
G1 X76.906 Y73.094 E1856.85514
G1 X76.906 Y76.906 E1857.12044
G1 X73.088 Y73.088 E1857.49623
G1 X73.088 Y70.124 E1857.70251
G1 X76.906 Y66.306 E1858.0783
G1 X76.906 Y70.118 E1858.3436
G1 X73.088 Y66.3 E1858.71939
G1 X73.088 Y63.336 E1858.92567
G1 X76.905 Y59.519 E1859.30136
G1 X76.906 Y63.329 E1859.56653
G1 X73.088 Y59.512 E1859.94226
G1 X73.088 Y56.547 E1860.14862
G1 X76.905 Y52.73 E1860.5243
G1 X76.906 Y56.541 E1860.78954
G1 X73.088 Y52.723 E1861.16532
G1 X73.088 Y51.74 E1861.23374
G1 X76.905 Y51.74 E1861.49939
G1 X77.055 Y51.74
G0 F11700 X76.984 Y51.739
G0 X77.112 Y41.156
G0 X75.054 Y41.004
G1 F3900 X76.904 Y39.155 E1861.68142
G1 X76.904 Y41.004 E1861.81011
G1 X74.945 Y41.004 E1861.94645
G1 X73.088 Y39.147 E1862.12922
G1 X73.088 Y37.428 E1862.24886
G1 X76.904 Y37.428 E1862.51444
G1 X77.054 Y37.428
G0 F11700 X76.984 Y37.427
G0 X76.512 Y41.134
G0 X76.512 Y45.117
;TYPE:SKIN
G1 F2400 X77.175 Y45.78 E1862.58695
G0 F11700 X77.175 Y46.628
G1 F2400 X75.664 Y45.117 E1862.75219
G0 F11700 X74.815 Y45.117
G1 F2400 X77.175 Y47.477 E1863.01028
G0 F11700 X76.483 Y47.634
G1 F2400 X73.967 Y45.117 E1863.28549
G0 F11700 X73.118 Y45.117
G1 F2400 X75.635 Y47.634 E1863.56075
G0 F11700 X74.786 Y47.634
G1 F2400 X72.818 Y45.665 E1863.77603
G0 F11700 X72.818 Y46.513
G1 F2400 X73.938 Y47.634 E1863.89857
G0 F11700 X73.089 Y47.634
G1 F2400 X72.818 Y47.362 E1863.92826
G1 F2400 E1857.42826
G1 F1200 Z6.33
G0 F11700 X72.818 Y50.756
G1 F1200 Z5.73
G1 F2400 E1864.14445
G1 F2340 X73.712 Y51.65 E1864.23244
G0 F11700 X74.56 Y51.65
G1 F2340 X72.818 Y49.908 E1864.4039
G0 F11700 X72.818 Y49.059
G1 F2340 X75.409 Y51.65 E1864.65892
G0 F11700 X76.257 Y51.65
G1 F2340 X72.818 Y48.211 E1864.9974
G0 F11700 X73 Y47.544
G1 F2340 X77.106 Y51.65 E1865.40153
G0 F11700 X77.175 Y50.871
G1 F2340 X73.848 Y47.544 E1865.72899
G0 F11700 X74.697 Y47.544
G1 F2340 X77.175 Y50.022 E1865.97289
G0 F11700 X77.175 Y49.174
G1 F2340 X75.545 Y47.544 E1866.13332
G0 F11700 X76.394 Y47.544
G1 F2340 X77.175 Y48.325 E1866.21019
G0 F11700 X77.175 Y47.477
G1 F2340 X77.085 Y47.386 E1866.2191
G0 F11700 X77.175 Y46.628
G1 F2340 X77.085 Y46.538 E1866.22796
G0 F11700 X77.174 Y45.779
G1 F2340 X77.084 Y45.688 E1866.23686
G0 F11700 X76.602 Y45.207
G1 F2340 X72.818 Y41.422 E1866.60935
G0 F11700 X73.338 Y41.094
G1 F2340 X77.174 Y44.93 E1866.98691
G0 F11700 X77.174 Y44.082
G1 F2340 X74.187 Y41.094 E1867.28095
G0 F11700 X75.035 Y41.094
G1 F2340 X77.174 Y43.233 E1867.49148
G0 F11700 X77.174 Y42.385
G1 F2340 X75.884 Y41.094 E1867.6185
G0 F11700 X76.732 Y41.094
G1 F2340 X77.174 Y41.536 E1867.66201
G0 F11700 X77.034 Y41.134
G0 X75.754 Y41.134
G0 X75.754 Y45.207
G1 F2340 X72.818 Y42.271 E1867.95098
G0 F11700 X72.818 Y43.119
G1 F2340 X74.905 Y45.207 E1868.15644
G0 F11700 X74.057 Y45.207
G1 F2340 X72.818 Y43.968 E1868.27839
G0 F11700 X72.818 Y44.816
G1 F2340 X73.208 Y45.207 E1868.31683
G1 F2400 E1861.81683
G1 F1200 Z6.33
;MESH:NONMESH
G0 F11700 X68.685 Y43.705
;TIME_ELAPSED:802.601718
;LAYER:19
;MESH:guia de montagem rolamento Y.stl(1)
G0 Z6.64
;TYPE:WALL-INNER
G1 F1200 Z6.04
G1 F2400 E1868.53302
G1 F3480 X68.684 Y37.548 E1868.96152
G1 X65.108 Y37.548 E1869.2104
G1 X65.108 Y43.704 E1869.63884
G1 X68.362 Y43.705 E1869.86531
G0 F3132 X68.685 Y43.705
G0 F11700 X69.06 Y44.304
G1 F3480 X69.285 Y44.515 E1869.88678
G1 X69.284 Y36.948 E1870.41342
G1 X64.508 Y36.948 E1870.74581
G1 X64.509 Y44.517 E1871.27259
G1 X64.736 Y44.304 E1871.29425
G1 X68.737 Y44.304 E1871.57271
G0 F3132 X69.06 Y44.304
G1 F2400 E1865.07271
G1 F1200 Z6.64
G0 F11700 X68.688 Y115.6
G1 F1200 Z6.04
G1 F2400 E1871.7889
G1 F3480 X68.685 Y49.044 E1876.42099
G1 X65.108 Y49.044 E1876.66994
G1 X65.108 Y115.6 E1881.30202
G1 X68.365 Y115.6 E1881.5287
G0 F3132 X68.688 Y115.6
G1 F2400 E1875.0287
G1 F1200 Z6.64
G0 F11700 X67.787 Y114.875
G0 X69.056 Y48.444
G1 F1200 Z6.04
G1 F2400 E1881.74489
G1 F3480 X64.74 Y48.444 E1882.04527
G1 X64.508 Y48.25 E1882.06632
G1 X64.508 Y116.2 E1886.79542
G1 X69.288 Y116.2 E1887.1281
G1 X69.285 Y48.276 E1891.85539
G0 F3132 X69.285 Y48.252
G0 X69.056 Y48.444
G0 F11700 X69.056 Y47.944
;TYPE:WALL-OUTER
G1 F2100 X64.74 Y47.944 E1892.13908
G1 F2153.8 X64.36 Y47.611 E1892.17146
G1 F2282.6 X64.309 Y46.687 E1892.22742
G1 F2359.6 X64.309 Y46.083 E1892.26276
G1 F2295.1 X64.354 Y45.178 E1892.31726
G1 F2164.9 X64.736 Y44.804 E1892.35134
G1 F2100 X69.06 Y44.804 E1892.63556
G1 F2164.9 X69.441 Y45.178 E1892.6696
G1 F2299.3 X69.486 Y46.083 E1892.724
G1 F2364 X69.486 Y46.687 E1892.75926
G1 F2286.8 X69.434 Y47.611 E1892.81513
G1 F2157.5 X69.312 Y47.718 E1892.82551
G0 F1890 X69.056 Y47.944
G0 F11700 X68.956 Y47.944
G1 F2400 E1886.32551
G1 F1200 Z6.64
G0 F11700 X69.819 Y46.66
G1 F1200 Z6.04
G1 F2400 E1893.0417
G1 F2364 X69.819 Y46.073 E1893.07598
G1 F2226.1 X69.785 Y44.08 E1893.19957
G1 F2100 X69.784 Y36.448 E1893.70122
G1 X64.008 Y36.448 E1894.08088
G1 X64.008 Y44.076 E1894.58227
G1 F2222.2 X63.975 Y46.108 E1894.70851
G1 F2359.6 X63.976 Y46.699 E1894.74308
G1 F2222.2 X64.008 Y48.676 E1894.8659
G1 F2100 X64.008 Y116.7 E1899.33714
G1 X69.788 Y116.7 E1899.71706
G1 X69.785 Y48.673 E1904.1885
G1 F2226.1 X69.813 Y47.002 E1904.29213
G0 F1890 X69.819 Y46.66
G0 F11700 X69.819 Y46.56
G1 F2400 E1897.79213
G1 F1200 Z6.64
G0 F11700 X68.205 Y52.265
;TYPE:FILL
G1 F1200 Z6.04
G1 F2400 E1904.50832
G1 F3900 X65.588 Y52.265 E1904.69045
G1 X65.588 Y53.323 E1904.76409
G1 X68.205 Y55.94 E1905.02166
G1 X68.205 Y53.33 E1905.20331
G1 X65.588 Y55.946 E1905.46084
G1 X65.588 Y60.111 E1905.75071
G1 X68.205 Y62.728 E1906.00829
G1 X68.205 Y60.118 E1906.18994
G1 X65.588 Y62.735 E1906.44751
G1 X65.588 Y66.899 E1906.73731
G1 X68.206 Y69.517 E1906.99499
G1 X68.205 Y66.906 E1907.17671
G1 X65.588 Y69.523 E1907.43429
G1 X65.588 Y73.688 E1907.72416
G1 X68.206 Y76.305 E1907.98178
G1 X68.205 Y73.694 E1908.1635
G1 X65.588 Y76.311 E1908.42108
G1 X65.588 Y80.476 E1908.71095
G1 X68.206 Y83.094 E1908.96862
G1 X68.205 Y80.482 E1909.15041
G1 X65.588 Y83.099 E1909.40799
G1 X65.588 Y87.264 E1909.69786
G1 X68.207 Y89.882 E1909.95559
G1 X68.206 Y87.27 E1910.13737
G1 X65.588 Y89.887 E1910.395
G1 X65.588 Y94.052 E1910.68487
G1 X68.207 Y96.671 E1910.94264
G1 X68.206 Y94.058 E1911.1245
G1 X65.588 Y96.676 E1911.38218
G1 X65.588 Y100.84 E1911.67198
G1 X68.208 Y103.46 E1911.92985
G1 X68.207 Y100.845 E1912.11185
G1 X65.588 Y103.464 E1912.36962
G1 X65.588 Y107.629 E1912.65949
G1 X68.208 Y110.248 E1912.91732
G1 X68.207 Y107.634 E1913.09924
G1 X65.588 Y110.252 E1913.35697
G1 X65.588 Y114.417 E1913.64684
G1 X66.291 Y115.12 E1913.71603
G1 X68.208 Y115.12 E1913.84945
G1 X68.207 Y114.422 E1913.89803
G1 X67.509 Y115.12 E1913.96673
G1 X67.403 Y115.226
G1 F2400 E1907.46673
G1 F1200 Z6.64
G0 F11700 X67.403 Y114.7
G0 X67.48 Y40.478
G1 F1200 Z6.04
G1 F2400 E1914.18292
G1 F3900 X68.204 Y39.754 E1914.25418
G1 X68.205 Y40.478 E1914.30457
G1 X66.32 Y40.478 E1914.43576
G1 X65.588 Y39.746 E1914.5078
G1 X65.588 Y38.028 E1914.62737
G1 X68.204 Y38.028 E1914.80944
G1 X68.354 Y38.028
G0 F11700 X68.284 Y38.027
G0 X65.478 Y40.588
G0 X65.318 Y40.748
;TYPE:SKIN
G1 F2340 X65.498 Y40.568 E1914.82715
G0 F11700 X66.346 Y40.568
G1 F2340 X65.318 Y41.596 E1914.92833
G0 F11700 X65.318 Y42.445
G1 F2340 X67.195 Y40.568 E1915.11308
G0 F11700 X68.043 Y40.568
G1 F2340 X65.318 Y43.293 E1915.38128
G0 F11700 X65.965 Y43.495
G1 F2340 X68.475 Y40.985 E1915.62833
G0 F11700 X68.475 Y41.834
G1 F2340 X66.814 Y43.495 E1915.79181
G0 F11700 X67.662 Y43.495
G1 F2340 X68.475 Y42.682 E1915.87183
G1 F2400 E1909.37183
G1 F1200 Z6.64
G0 F11700 X65.318 Y50.082
G1 F1200 Z6.04
G1 F2400 E1916.08802
G1 F2340 X66.146 Y49.254 E1916.16952
G0 F11700 X66.994 Y49.254
G1 F2340 X65.318 Y50.93 E1916.33448
G0 F11700 X65.318 Y51.779
G1 F2340 X67.843 Y49.254 E1916.583
G0 F11700 X68.475 Y49.471
G1 F2340 X65.771 Y52.175 E1916.84914
G0 F11700 X66.619 Y52.175
G1 F2340 X68.475 Y50.319 E1917.03182
G0 F11700 X68.475 Y51.168
G1 F2340 X67.468 Y52.175 E1917.13093
G0 F11700 X68.316 Y52.175
G1 F2340 X68.475 Y52.016 E1917.14658
G0 F11700 X67.961 Y52.685
G1 F2400 E1910.64658
G1 F1200 Z6.64
;MESH:guia de montagem rolamento Y.stl
G0 F11700 X67.785 Y52.685
G0 X76.785 Y43.705
;TYPE:WALL-INNER
G1 F1200 Z6.04
G1 F2400 E1917.36277
G1 F3480 X76.784 Y37.548 E1917.79128
G1 X73.208 Y37.548 E1918.04016
G1 X73.208 Y43.704 E1918.4686
G1 X76.462 Y43.705 E1918.69506
G0 F3132 X76.785 Y43.705
G0 F11700 X77.16 Y44.304
G1 F3480 X77.385 Y44.515 E1918.71653
G1 X77.384 Y36.948 E1919.24317
G1 X72.608 Y36.948 E1919.57557
G1 X72.609 Y44.517 E1920.10234
G1 X72.836 Y44.304 E1920.12401
G1 X76.837 Y44.304 E1920.40247
G0 F3132 X77.16 Y44.304
G1 F2400 E1913.90247
G1 F1200 Z6.64
G0 F11700 X76.788 Y115.6
G1 F1200 Z6.04
G1 F2400 E1920.61866
G1 F3480 X76.785 Y49.044 E1925.25074
G1 X73.208 Y49.044 E1925.49969
G1 X73.208 Y115.6 E1930.13178
G1 X76.465 Y115.6 E1930.35846
G0 F3132 X76.788 Y115.6
G1 F2400 E1923.85846
G1 F1200 Z6.64
G0 F11700 X75.887 Y114.875
G0 X77.156 Y48.444
G1 F1200 Z6.04
G1 F2400 E1930.57465
G1 F3480 X72.84 Y48.444 E1930.87503
G1 X72.608 Y48.25 E1930.89607
G1 X72.608 Y116.2 E1935.62518
G1 X77.388 Y116.2 E1935.95785
G1 X77.385 Y48.276 E1940.68515
G0 F3132 X77.385 Y48.252
G0 X77.156 Y48.444
G0 F11700 X77.156 Y47.944
;TYPE:WALL-OUTER
G1 F2100 X72.84 Y47.944 E1940.96884
G1 F2153.8 X72.46 Y47.611 E1941.00122
G1 F2282.6 X72.409 Y46.687 E1941.05718
G1 F2359.6 X72.409 Y46.083 E1941.09251
G1 F2295.1 X72.454 Y45.178 E1941.14701
G1 F2164.9 X72.836 Y44.804 E1941.1811
G1 F2100 X77.16 Y44.804 E1941.46532
G1 F2164.9 X77.541 Y45.178 E1941.49935
G1 F2299.3 X77.586 Y46.083 E1941.55375
G1 F2364 X77.586 Y46.687 E1941.58902
G1 F2286.8 X77.534 Y47.611 E1941.64488
G1 F2157.5 X77.412 Y47.718 E1941.65527
G0 F1890 X77.156 Y47.944
G0 F11700 X77.056 Y47.944
G1 F2400 E1935.15527
G1 F1200 Z6.64
G0 F11700 X77.919 Y46.66
G1 F1200 Z6.04
G1 F2400 E1941.87146
G1 F2364 X77.919 Y46.073 E1941.90573
G1 F2226.1 X77.885 Y44.08 E1942.02933
G1 F2100 X77.884 Y36.448 E1942.53098
G1 X72.108 Y36.448 E1942.91064
G1 X72.108 Y44.076 E1943.41203
G1 F2222.2 X72.075 Y46.108 E1943.53826
G1 F2359.6 X72.076 Y46.699 E1943.57284
G1 F2222.2 X72.108 Y48.676 E1943.69566
G1 F2100 X72.108 Y116.7 E1948.1669
G1 X77.888 Y116.7 E1948.54682
G1 X77.885 Y48.673 E1953.01826
G1 F2226.1 X77.913 Y47.002 E1953.12188
G0 F1890 X77.919 Y46.66
G0 F11700 X77.919 Y46.56
G1 F2400 E1946.62188
G1 F1200 Z6.64
G0 F11700 X76.305 Y52.265
;TYPE:FILL
G1 F1200 Z6.04
G1 F2400 E1953.33807
G1 F3900 X73.688 Y52.265 E1953.52021
G1 X73.688 Y53.323 E1953.59384
G1 X76.306 Y55.941 E1953.85152
G1 X76.305 Y53.33 E1954.03323
G1 X73.688 Y55.948 E1954.29086
G1 X73.688 Y60.111 E1954.58059
G1 X76.306 Y62.73 E1954.83832
G1 X76.305 Y60.118 E1955.02011
G1 X73.688 Y62.736 E1955.27773
G1 X73.688 Y66.899 E1955.56746
G1 X76.307 Y69.518 E1955.82524
G1 X76.305 Y66.906 E1956.00703
G1 X73.688 Y69.524 E1956.26465
G1 X73.688 Y73.688 E1956.55445
G1 X76.307 Y76.307 E1956.81223
G1 X76.306 Y73.694 E1956.99408
G1 X73.688 Y76.312 E1957.25176
G1 X73.688 Y80.476 E1957.54156
G1 X76.307 Y83.095 E1957.79934
G1 X76.306 Y80.482 E1957.98119
G1 X73.688 Y83.101 E1958.23892
G1 X73.688 Y87.264 E1958.52865
G1 X76.307 Y89.884 E1958.78647
G1 X76.307 Y87.27 E1958.9684
G1 X73.688 Y89.889 E1959.22617
G1 X73.688 Y94.052 E1959.51591
G1 X76.307 Y96.672 E1959.77373
G1 X76.307 Y94.058 E1959.95566
G1 X73.688 Y96.677 E1960.21343
G1 X73.688 Y100.84 E1960.50316
G1 X76.308 Y103.461 E1960.76108
G1 X76.307 Y100.845 E1960.94315
G1 X73.688 Y103.465 E1961.20097
G1 X73.688 Y107.629 E1961.49077
G1 X76.308 Y110.249 E1961.74865
G1 X76.307 Y107.634 E1961.93064
G1 X73.688 Y110.254 E1962.18847
G1 X73.688 Y114.417 E1962.4782
G1 X74.39 Y115.12 E1962.54734
G1 X76.308 Y115.12 E1962.68083
G1 X76.307 Y114.422 E1962.72941
G1 X75.61 Y115.12 E1962.79806
G1 X75.504 Y115.226
G1 F2400 E1956.29806
G1 F1200 Z6.64
G0 F11700 X75.504 Y114.7
G0 X75.581 Y40.478
G1 F1200 Z6.04
G1 F2400 E1963.01425
G1 F3900 X76.305 Y39.754 E1963.08551
G1 X76.305 Y40.478 E1963.1359
G1 X74.419 Y40.478 E1963.26716
G1 X73.688 Y39.746 E1963.33915
G1 X73.688 Y38.028 E1963.45872
G1 X76.304 Y38.028 E1963.64079
G1 X76.454 Y38.028
G0 F11700 X76.384 Y38.027
G0 X73.983 Y40.558
G0 X73.983 Y40.568
;TYPE:SKIN
G1 F2340 X73.417 Y41.134 E1963.6965
G0 F11700 X73.417 Y41.982
G1 F2340 X74.832 Y40.568 E1963.83572
G0 F11700 X75.68 Y40.568
G1 F2340 X73.417 Y42.831 E1964.05845
G0 F11700 X73.602 Y43.495
G1 F2340 X76.529 Y40.568 E1964.34654
G0 F11700 X76.575 Y41.371
G1 F2340 X74.451 Y43.495 E1964.5556
G0 F11700 X75.299 Y43.495
G1 F2340 X76.575 Y42.219 E1964.68119
G0 F11700 X76.575 Y43.068
G1 F2340 X76.148 Y43.495 E1964.72321
G1 F2400 E1958.22321
G1 F1200 Z6.64
G0 F11700 X73.418 Y49.618
G1 F1200 Z6.04
G1 F2400 E1964.9394
G1 F2340 X73.783 Y49.254 E1964.97528
G0 F11700 X74.632 Y49.254
G1 F2340 X73.418 Y50.467 E1965.09472
G0 F11700 X73.418 Y51.315
G1 F2340 X75.48 Y49.254 E1965.29762
G0 F11700 X76.329 Y49.254
G1 F2340 X73.418 Y52.164 E1965.58409
G0 F11700 X74.255 Y52.175
G1 F2340 X76.575 Y49.856 E1965.81238
G0 F11700 X76.575 Y50.705
G1 F2340 X75.104 Y52.175 E1965.95712
G0 F11700 X75.952 Y52.175
G1 F2340 X76.575 Y51.553 E1966.01839
G0 F11700 X76.061 Y52.685
G1 F2400 E1959.51839
G1 F1200 Z6.64
;MESH:NONMESH
G0 F11700 X75.885 Y52.685
G0 X69.044 Y42.936
;TIME_ELAPSED:844.724882
;LAYER:20
;MESH:guia de montagem rolamento Y.stl(1)
G0 Z6.95
;TYPE:WALL-INNER
G1 F1200 Z6.35
G1 F2400 E1966.23458
G1 F3480 X69.285 Y43.122 E1966.25576
G1 X69.284 Y36.948 E1966.68546
G1 X64.508 Y36.948 E1967.01785
G1 X64.509 Y43.123 E1967.44761
G1 X64.752 Y42.936 E1967.46895
G1 X68.721 Y42.936 E1967.74518
G0 F3132 X69.044 Y42.936
G1 F2400 E1961.24518
G1 F1200 Z6.95
G0 F11700 X69.055 Y49.804
G1 F1200 Z6.35
G1 F2400 E1967.96137
G1 F3480 X64.751 Y49.801 E1968.26092
G1 X64.509 Y49.616 E1968.28212
G1 X64.508 Y116.2 E1972.91615
G1 X69.288 Y116.2 E1973.24882
G1 X69.285 Y49.655 E1977.88015
G0 F3132 X69.285 Y49.624
G0 X69.055 Y49.804
G0 F11700 X69.055 Y49.304
;TYPE:WALL-OUTER
G1 F2100 X64.751 Y49.301 E1978.16305
G1 X64.365 Y49.006 E1978.19498
G1 X64.205 Y48.417 E1978.2351
G1 F2423.1 X64.165 Y47.811 E1978.2697
G1 F3014.4 X64.105 Y47.214 E1978.29717
G1 F3247.4 X64.075 Y46.67 E1978.32033
G1 F3333.3 X64.075 Y46.1 E1978.34393
G1 F3247.4 X64.104 Y45.532 E1978.36811
G1 F3000 X64.161 Y44.948 E1978.39511
G1 F2413.8 X64.2 Y44.353 E1978.42921
G1 F2100 X64.365 Y43.733 E1978.47138
G1 X64.752 Y43.436 E1978.50344
G1 X69.044 Y43.436 E1978.78556
G1 X69.43 Y43.732 E1978.81753
G1 X69.595 Y44.344 E1978.85919
G1 F2432.4 X69.634 Y44.969 E1978.89473
G1 F3036.1 X69.693 Y45.545 E1978.92105
G1 F3281.2 X69.726 Y46.262 E1978.95125
G1 F3315.8 X69.707 Y46.959 E1978.98027
G1 F3150 X69.664 Y47.518 E1979.00484
G1 F2850.7 X69.593 Y48.107 E1979.03357
G1 F2359.6 X69.445 Y48.999 E1979.08646
G1 F2100 X69.324 Y49.094 E1979.09658
G0 F1890 X69.055 Y49.304
G0 F11700 X68.955 Y49.304
G1 F2400 E1972.59658
G1 F1200 Z6.95
G0 F11700 X69.899 Y46.228
G1 F1200 Z6.35
G1 F2400 E1979.31277
G1 F3111.1 X69.867 Y44.927 E1979.37051
G1 F2432.4 X69.785 Y44.319 E1979.40532
G1 F2100 X69.784 Y36.448 E1979.92268
G1 X64.008 Y36.448 E1980.30234
G1 X64.007 Y44.358 E1980.82227
G1 F2432.4 X63.926 Y44.953 E1980.85635
G1 F3028.8 X63.906 Y45.546 E1980.88339
G1 F3247.4 X63.898 Y46.676 E1980.93142
G1 F3073.2 X63.928 Y47.843 E1980.98385
G1 F2418.4 X64.009 Y48.443 E1981.01841
G1 F2100 X64.008 Y116.7 E1985.50497
G1 X69.788 Y116.7 E1985.88489
G1 X69.785 Y49.039 E1990.33227
G1 F2372.9 X69.854 Y48.106 E1990.38669
G1 F2971.7 X69.893 Y46.942 E1990.44079
G1 F3324.5 X69.896 Y46.57 E1990.45623
G0 F1890 X69.899 Y46.228
G0 F11700 X69.897 Y46.128
G1 F2400 E1983.95623
G1 F1200 Z6.95
G0 F11700 X67.931 Y40.027
;TYPE:FILL
G1 F1200 Z6.35
G1 F2400 E1990.67242
G1 F3900 X68.804 Y39.154 E1990.75835
G1 X68.805 Y40.027 E1990.81911
G1 X65.869 Y40.027 E1991.02344
G1 X64.988 Y39.146 E1991.11015
G1 X64.988 Y37.428 E1991.22972
G1 X68.804 Y37.428 E1991.4953
G1 X68.954 Y37.428
G1 F2400 E1984.9953
G1 F1200 Z6.95
G0 F11700 X68.384 Y37.848
G0 X68.805 Y52.716
G1 F1200 Z6.35
G1 F2400 E1991.71149
G1 F3900 X64.989 Y52.716 E1991.97708
G1 X68.806 Y56.54 E1992.35311
G1 X68.805 Y52.73 E1992.61827
G1 X64.989 Y56.546 E1992.99386
G1 X64.988 Y59.511 E1993.20022
G1 X68.806 Y63.328 E1993.57595
G1 X68.805 Y59.518 E1993.84112
G1 X64.989 Y63.334 E1994.21671
G1 X64.988 Y66.299 E1994.42306
G1 X68.806 Y70.117 E1994.79885
G1 X68.805 Y66.306 E1995.06408
G1 X64.989 Y70.122 E1995.43967
G1 X64.988 Y73.087 E1995.64602
G1 X68.806 Y76.906 E1996.02186
G1 X68.806 Y73.094 E1996.28716
G1 X64.989 Y76.911 E1996.66285
G1 X64.988 Y79.875 E1996.86913
G1 X68.806 Y83.694 E1997.24497
G1 X68.806 Y79.882 E1997.51027
G1 X64.989 Y83.699 E1997.88596
G1 X64.988 Y86.664 E1998.09231
G1 X68.807 Y90.483 E1998.4682
G1 X68.806 Y86.669 E1998.73364
G1 X64.989 Y90.487 E1999.10938
G1 X64.988 Y93.452 E1999.31573
G1 X68.807 Y97.271 E1999.69162
G1 X68.806 Y93.458 E1999.95699
G1 X64.989 Y97.275 E2000.33268
G1 X64.988 Y100.24 E2000.53903
G1 X68.808 Y104.06 E2000.91501
G1 X68.807 Y100.245 E2001.18053
G1 X64.989 Y104.063 E2001.55631
G1 X64.988 Y107.028 E2001.76267
G1 X68.808 Y110.848 E2002.13865
G1 X68.807 Y107.033 E2002.40416
G1 X64.989 Y110.852 E2002.78
G1 X64.988 Y113.817 E2002.98635
G1 X66.892 Y115.72 E2003.1737
G1 X68.808 Y115.72 E2003.30705
G1 X68.807 Y113.822 E2003.43914
G1 X66.909 Y115.72 E2003.62595
G1 X66.803 Y115.826
G1 F2400 E1997.12595
G1 F1200 Z6.95
G0 F11700 X66.803 Y115.3
G0 X64.719 Y51.991
;TYPE:SKIN
G1 F1200 Z6.35
G1 F2400 E2003.84214
G1 F2340 X65.354 Y52.626 E2003.90464
G0 F11700 X66.202 Y52.626
G1 F2340 X64.719 Y51.142 E2004.05066
G0 F11700 X64.719 Y50.294
G1 F2340 X67.051 Y52.626 E2004.28018
G0 F11700 X67.899 Y52.626
G1 F2340 X65.285 Y50.012 E2004.53747
G0 F11700 X66.134 Y50.012
G1 F2340 X68.748 Y52.626 E2004.79475
G0 F11700 X69.075 Y52.105
G1 F2340 X66.984 Y50.013 E2005.0006
G0 F11700 X67.833 Y50.014
G1 F2340 X69.075 Y51.256 E2005.12285
G0 F11700 X69.075 Y50.408
G1 F2340 X68.682 Y50.014 E2005.16158
G1 F2400 E1998.66158
G1 F1200 Z6.95
G0 F11700 X64.718 Y41.808
G1 F1200 Z6.35
G1 F2400 E2005.37777
G1 F2340 X65.636 Y42.726 E2005.46812
G0 F11700 X66.484 Y42.726
G1 F2340 X64.718 Y40.959 E2005.64199
G0 F11700 X64.724 Y40.117
G1 F2340 X67.334 Y42.726 E2005.89883
G0 F11700 X68.182 Y42.726
G1 F2340 X65.573 Y40.117 E2006.15562
G0 F11700 X66.421 Y40.117
G1 F2340 X69.031 Y42.726 E2006.41246
G0 F11700 X69.075 Y41.922
G1 F2340 X67.27 Y40.117 E2006.59012
G0 F11700 X68.118 Y40.117
G1 F2340 X69.075 Y41.074 E2006.68431
G0 F11700 X69.075 Y40.225
G1 F2340 X68.967 Y40.117 E2006.69494
G0 F11700 X68.384 Y39.607
G1 F2400 E2000.19494
G1 F1200 Z6.95
;MESH:guia de montagem rolamento Y.stl
G0 F11700 X77.144 Y42.936
;TYPE:WALL-INNER
G1 F1200 Z6.35
G1 F2400 E2006.91113
G1 F3480 X77.385 Y43.122 E2006.93232
G1 X77.384 Y36.948 E2007.36201
G1 X72.608 Y36.948 E2007.6944
G1 X72.609 Y43.123 E2008.12416
G1 X72.852 Y42.936 E2008.1455
G1 X76.821 Y42.936 E2008.42173
G0 F3132 X77.144 Y42.936
G1 F2400 E2001.92173
G1 F1200 Z6.95
G0 F11700 X77.155 Y49.804
G1 F1200 Z6.35
G1 F2400 E2008.63792
G1 F3480 X72.851 Y49.801 E2008.93747
G1 X72.609 Y49.616 E2008.95867
G1 X72.608 Y116.2 E2013.5927
G1 X77.388 Y116.2 E2013.92538
G1 X77.385 Y49.655 E2018.5567
G0 F3132 X77.385 Y49.624
G0 X77.155 Y49.804
G0 F11700 X77.155 Y49.304
;TYPE:WALL-OUTER
G1 F2100 X72.851 Y49.301 E2018.8396
G1 X72.465 Y49.006 E2018.87153
G1 X72.305 Y48.417 E2018.91165
G1 F2423.1 X72.265 Y47.811 E2018.94625
G1 F3014.4 X72.205 Y47.214 E2018.97373
G1 F3247.4 X72.175 Y46.67 E2018.99688
G1 F3333.3 X72.175 Y46.1 E2019.02049
G1 F3247.4 X72.204 Y45.532 E2019.04466
G1 F3000 X72.261 Y44.948 E2019.07166
G1 F2413.8 X72.3 Y44.353 E2019.10576
G1 F2100 X72.465 Y43.733 E2019.14793
G1 X72.852 Y43.436 E2019.17999
G1 X77.144 Y43.436 E2019.46211
G1 X77.53 Y43.732 E2019.49408
G1 X77.695 Y44.344 E2019.53575
G1 F2432.4 X77.734 Y44.969 E2019.57128
G1 F3036.1 X77.793 Y45.545 E2019.59761
G1 F3281.2 X77.826 Y46.262 E2019.6278
G1 F3315.8 X77.807 Y46.959 E2019.65683
G1 F3150 X77.764 Y47.518 E2019.68139
G1 F2850.7 X77.693 Y48.107 E2019.71012
G1 F2359.6 X77.545 Y48.999 E2019.76302
G1 F2100 X77.424 Y49.094 E2019.77313
G0 F1890 X77.155 Y49.304
G0 F11700 X77.055 Y49.304
G1 F2400 E2013.27313
G1 F1200 Z6.95
G0 F11700 X77.999 Y46.228
G1 F1200 Z6.35
G1 F2400 E2019.98932
G1 F3111.1 X77.967 Y44.927 E2020.04706
G1 F2432.4 X77.885 Y44.319 E2020.08187
G1 F2100 X77.884 Y36.448 E2020.59924
G1 X72.108 Y36.448 E2020.9789
G1 X72.107 Y44.358 E2021.49882
G1 F2432.4 X72.026 Y44.953 E2021.5329
G1 F3028.8 X72.006 Y45.546 E2021.55994
G1 F3247.4 X71.998 Y46.676 E2021.60797
G1 F3073.2 X72.028 Y47.843 E2021.66041
G1 F2418.4 X72.109 Y48.443 E2021.69496
G1 F2100 X72.108 Y116.7 E2026.18152
G1 X77.888 Y116.7 E2026.56144
G1 X77.885 Y49.039 E2031.00882
G1 F2372.9 X77.954 Y48.106 E2031.06324
G1 F2971.7 X77.993 Y46.942 E2031.11734
G1 F3324.5 X77.996 Y46.57 E2031.13279
G0 F1890 X77.999 Y46.228
G0 F11700 X77.997 Y46.128
G1 F2400 E2024.63279
G1 F1200 Z6.95
G0 F11700 X76.032 Y40.026
;TYPE:FILL
G1 F1200 Z6.35
G1 F2400 E2031.34898
G1 F3900 X76.904 Y39.155 E2031.43475
G1 X76.905 Y40.027 E2031.49544
G1 X73.968 Y40.026 E2031.69985
G1 X73.088 Y39.147 E2031.78641
G1 X73.088 Y37.428 E2031.90605
G1 X76.904 Y37.428 E2032.17163
G1 X77.054 Y37.428
G1 F2400 E2025.67163
G1 F1200 Z6.95
G0 F11700 X76.484 Y37.848
G0 X76.905 Y52.716
G1 F1200 Z6.35
G1 F2400 E2032.38782
G1 F3900 X73.089 Y52.716 E2032.6534
G1 X76.906 Y56.541 E2033.02948
G1 X76.905 Y52.73 E2033.29472
G1 X73.089 Y56.546 E2033.67031
G1 X73.089 Y59.512 E2033.87673
G1 X76.906 Y63.329 E2034.25242
G1 X76.905 Y59.519 E2034.51758
G1 X73.089 Y63.334 E2034.89312
G1 X73.089 Y66.3 E2035.09955
G1 X76.906 Y70.118 E2035.47528
G1 X76.906 Y66.306 E2035.74059
G1 X73.089 Y70.122 E2036.11622
G1 X73.089 Y73.089 E2036.32272
G1 X76.906 Y76.906 E2036.69841
G1 X76.906 Y73.094 E2036.96371
G1 X73.089 Y76.911 E2037.3394
G1 X73.089 Y79.877 E2037.54582
G1 X76.907 Y83.695 E2037.92161
G1 X76.906 Y79.882 E2038.18698
G1 X73.089 Y83.699 E2038.56267
G1 X73.088 Y86.664 E2038.76902
G1 X76.907 Y90.484 E2039.14495
G1 X76.906 Y86.67 E2039.4104
G1 X73.089 Y90.488 E2039.78613
G1 X73.088 Y93.453 E2039.99249
G1 X76.908 Y97.272 E2040.36842
G1 X76.907 Y93.458 E2040.63386
G1 X73.089 Y97.276 E2041.00965
G1 X73.088 Y100.241 E2041.216
G1 X76.908 Y104.061 E2041.59199
G1 X76.907 Y100.246 E2041.8575
G1 X73.089 Y104.064 E2042.23328
G1 X73.088 Y107.029 E2042.43964
G1 X76.908 Y110.85 E2042.81567
G1 X76.908 Y107.033 E2043.08132
G1 X73.089 Y110.852 E2043.45721
G1 X73.088 Y113.817 E2043.66356
G1 X74.99 Y115.719 E2043.85077
G1 X76.908 Y115.72 E2043.98425
G1 X76.908 Y113.822 E2044.11635
G1 X75.009 Y115.72 E2044.30321
G1 X74.903 Y115.826
G0 F11700 X74.903 Y115.8
G0 X72.979 Y52.606
G0 X72.819 Y52.455
;TYPE:SKIN
G1 F2340 X72.99 Y52.626 E2044.32004
G0 F11700 X73.839 Y52.626
G1 F2340 X72.819 Y51.606 E2044.42043
G0 F11700 X72.819 Y50.758
G1 F2340 X74.687 Y52.626 E2044.60429
G0 F11700 X75.536 Y52.626
G1 F2340 X72.922 Y50.012 E2044.86157
G0 F11700 X73.77 Y50.012
G1 F2340 X76.385 Y52.626 E2045.1189
G0 F11700 X77.175 Y52.568
G1 F2340 X74.62 Y50.012 E2045.37043
G0 F11700 X75.469 Y50.013
G1 F2340 X77.175 Y51.719 E2045.53834
G0 F11700 X77.175 Y50.871
G1 F2340 X76.318 Y50.014 E2045.62269
G1 X76.212 Y49.908
G1 F2400 E2039.12269
G1 F1200 Z6.95
G0 F11700 X72.818 Y42.271
G1 F1200 Z6.35
G1 F2400 E2045.83888
G1 F2340 X73.273 Y42.726 E2045.88366
G0 F11700 X74.122 Y42.726
G1 F2340 X72.818 Y41.422 E2046.01201
G0 F11700 X72.818 Y40.574
G1 F2340 X74.97 Y42.726 E2046.22382
G0 F11700 X75.82 Y42.727
G1 F2340 X73.21 Y40.117 E2046.48071
G0 F11700 X74.058 Y40.117
G1 F2340 X76.668 Y42.727 E2046.7376
G0 F11700 X77.175 Y42.385
G1 F2340 X74.907 Y40.117 E2046.96082
G0 F11700 X75.755 Y40.117
G1 F2340 X77.175 Y41.537 E2047.10059
G0 F11700 X77.175 Y40.688
G1 F2340 X76.604 Y40.117 E2047.15679
G0 F11700 X76.484 Y39.606
G1 F2400 E2040.65679
G1 F1200 Z6.95
;MESH:NONMESH
G0 F11700 X68.685 Y41.517
;TIME_ELAPSED:880.685118
;LAYER:21
;MESH:guia de montagem rolamento Y.stl(1)
G0 Z7.26
;TYPE:WALL-INNER
G1 F1200 Z6.66
G1 F2400 E2047.37298
G1 F3480 X68.684 Y37.548 E2047.64921
G1 X65.108 Y37.548 E2047.89809
G1 X65.108 Y41.516 E2048.17425
G1 X68.362 Y41.517 E2048.40071
G0 F3132 X68.685 Y41.517
G0 F11700 X69.044 Y42.116
G1 F3480 X69.285 Y42.285 E2048.4212
G1 X69.284 Y36.948 E2048.79264
G1 X64.508 Y36.948 E2049.12503
G1 X64.508 Y42.278 E2049.49598
G1 X64.732 Y42.116 E2049.51522
G1 X68.721 Y42.116 E2049.79285
G0 F3132 X69.044 Y42.116
G1 F2400 E2043.29285
G1 F1200 Z7.26
G0 F11700 X68.688 Y115.6
G1 F1200 Z6.66
G1 F2400 E2050.00904
G1 F3480 X68.685 Y51.228 E2054.48912
G1 X65.108 Y51.228 E2054.73807
G1 X65.108 Y115.6 E2059.21816
G1 X68.365 Y115.6 E2059.44484
G0 F3132 X68.688 Y115.6
G1 F2400 E2052.94484
G1 F1200 Z7.26
G0 F11700 X67.787 Y114.875
G0 X69.044 Y50.628
G1 F1200 Z6.66
G1 F2400 E2059.66103
G1 F3480 X64.752 Y50.628 E2059.95974
G1 X64.508 Y50.458 E2059.98043
G1 X64.508 Y116.2 E2064.55587
G1 X69.288 Y116.2 E2064.88854
G1 X69.285 Y50.489 E2069.46182
G0 F3132 X69.285 Y50.46
G0 X69.044 Y50.628
G0 F11700 X69.419 Y49.866
;TYPE:WALL-OUTER
G1 F2100 X69.044 Y50.128 E2069.49189
G1 X64.752 Y50.128 E2069.774
G1 X64.376 Y49.866 E2069.80413
G1 X64.008 Y48.859 E2069.8746
G1 X64.008 Y116.7 E2074.33381
G1 X69.788 Y116.7 E2074.71373
G1 X69.785 Y48.875 E2079.17189
G1 X69.537 Y49.545 E2079.21885
G0 F1890 X69.419 Y49.866
G0 F11700 X69.337 Y49.923
G1 F2400 E2072.71885
G1 F1200 Z7.26
G0 F11700 X69.882 Y48.012
G1 F1200 Z6.66
G1 F2400 E2079.43504
G1 F2258.1 X69.93 Y47.453 E2079.46934
G1 F2603.3 X69.956 Y46.931 E2079.49705
G1 F2825.1 X69.968 Y46.268 E2079.52945
G1 F2763.2 X69.946 Y45.58 E2079.56384
G1 F2390.9 X69.897 Y44.855 E2079.60579
G1 F2400 E2073.10579
G1 F1200 Z7.26
G0 F11700 X69.419 Y42.878
G1 F1200 Z6.66
G1 F2400 E2079.82198
G1 F2100 X69.785 Y43.874 E2079.89173
G1 X69.784 Y36.448 E2080.37984
G1 X64.008 Y36.448 E2080.7595
G1 X64.008 Y43.935 E2081.25162
G1 X64.352 Y42.891 E2081.32387
G1 X64.732 Y42.616 E2081.35471
G1 X69.044 Y42.616 E2081.63813
G1 X69.139 Y42.682 E2081.64574
G0 F1890 X69.419 Y42.878
G0 F11700 X69.453 Y42.971
G1 F2400 E2075.14574
G1 F1200 Z7.26
G0 F11700 X63.91 Y44.746
G1 F1200 Z6.66
G1 F2400 E2081.86193
G1 F2303.5 X63.852 Y45.448 E2081.90414
G1 F2721.4 X63.826 Y46.246 E2081.94464
G1 F2812.5 X63.838 Y46.917 E2081.97757
G1 F2592.6 X63.864 Y47.407 E2082.0037
G1 F3058.3 X63.864 Y48.031 E2082.03186
G1 F4025.6 X63.962 Y48.02 E2082.03524
G1 F3058.3 X63.864 Y47.407 E2082.06326
G1 F2400 E2075.56326
G1 F1200 Z7.26
G0 F11700 X66.901 Y54.635
;TYPE:FILL
G1 F1200 Z6.66
G1 F2400 E2082.27945
G1 F1170 X68.205 Y55.94 E2082.36505
G0 F11700 X68.205 Y56.788
G1 F1170 X66.477 Y55.06 E2082.47844
G0 F11700 X66.052 Y55.483
G1 F1170 X68.205 Y57.637 E2082.61974
G0 F11700 X68.205 Y58.486
G1 F1170 X65.588 Y55.868 E2082.79149
G0 F11700 X65.588 Y56.716
G1 F1170 X68.205 Y59.334 E2082.96324
G0 F11700 X68.205 Y60.183
G1 F1170 X65.588 Y57.565 E2083.135
G0 F11700 X65.588 Y58.413
G1 F1170 X68.205 Y61.031 E2083.30675
G0 F11700 X68.205 Y61.88
G1 F1170 X65.588 Y59.262 E2083.4785
G0 F11700 X65.588 Y60.11
G1 F1170 X68.205 Y62.728 E2083.65025
G0 F11700 X68.205 Y63.577
G1 F1170 X65.588 Y60.959 E2083.822
G0 F11700 X65.588 Y61.807
G1 F1170 X68.205 Y64.425 E2083.99375
G0 F11700 X68.205 Y65.274
G1 F1170 X65.588 Y62.656 E2084.1655
G0 F11700 X65.588 Y63.505
G1 F1170 X68.205 Y66.122 E2084.33722
G0 F11700 X68.205 Y66.971
G1 F1170 X65.588 Y64.353 E2084.50897
G0 F11700 X65.588 Y65.202
G1 F1170 X68.205 Y67.819 E2084.68069
G0 F11700 X68.205 Y68.668
G1 F1170 X65.588 Y66.05 E2084.85244
G0 F11700 X65.588 Y66.899
G1 F1170 X68.205 Y69.516 E2085.02416
G0 F11700 X68.205 Y70.365
G1 F1170 X65.588 Y67.747 E2085.19591
G0 F11700 X65.588 Y68.596
G1 F1170 X68.206 Y71.214 E2085.3677
G0 F11700 X68.206 Y72.063
G1 F1170 X65.588 Y69.444 E2085.53951
G0 F11700 X65.588 Y70.293
G1 F1170 X68.206 Y72.911 E2085.7113
G0 F11700 X68.206 Y73.76
G1 F1170 X65.588 Y71.141 E2085.88311
G0 F11700 X65.588 Y71.99
G1 F1170 X68.206 Y74.608 E2086.0549
G0 F11700 X68.206 Y75.457
G1 F1170 X65.588 Y72.838 E2086.22671
G0 F11700 X65.588 Y73.687
G1 F1170 X68.206 Y76.305 E2086.3985
G0 F11700 X68.206 Y77.154
G1 F1170 X65.588 Y74.535 E2086.57032
G0 F11700 X65.588 Y75.384
G1 F1170 X68.206 Y78.002 E2086.7421
G0 F11700 X68.206 Y78.851
G1 F1170 X65.588 Y76.232 E2086.91392
G0 F11700 X65.588 Y77.081
G1 F1170 X68.206 Y79.699 E2087.0857
G0 F11700 X68.206 Y80.548
G1 F1170 X65.588 Y77.93 E2087.25748
G0 F11700 X65.588 Y78.778
G1 F1170 X68.206 Y81.396 E2087.42927
G0 F11700 X68.206 Y82.245
G1 F1170 X65.588 Y79.627 E2087.60105
G0 F11700 X65.588 Y80.475
G1 F1170 X68.206 Y83.094 E2087.77287
G0 F11700 X68.206 Y83.942
G1 F1170 X65.588 Y81.324 E2087.94465
G0 F11700 X65.588 Y82.172
G1 F1170 X68.206 Y84.791 E2088.11647
G0 F11700 X68.207 Y85.64
G1 F1170 X65.588 Y83.021 E2088.28832
G0 F11700 X65.588 Y83.869
G1 F1170 X68.207 Y86.488 E2088.46017
G0 F11700 X68.207 Y87.337
G1 F1170 X65.588 Y84.718 E2088.63202
G0 F11700 X65.588 Y85.566
G1 F1170 X68.207 Y88.185 E2088.80387
G0 F11700 X68.207 Y89.034
G1 F1170 X65.588 Y86.415 E2088.97572
G0 F11700 X65.588 Y87.263
G1 F1170 X68.207 Y89.882 E2089.14757
G0 F11700 X68.207 Y90.731
G1 F1170 X65.588 Y88.112 E2089.31942
G0 F11700 X65.588 Y88.96
G1 F1170 X68.207 Y91.58 E2089.4913
G0 F11700 X68.207 Y92.428
G1 F1170 X65.588 Y89.809 E2089.66315
G0 F11700 X65.588 Y90.657
G1 F1170 X68.207 Y93.277 E2089.83503
G0 F11700 X68.207 Y94.125
G1 F1170 X65.588 Y91.506 E2090.00688
G0 F11700 X65.588 Y92.355
G1 F1170 X68.207 Y94.974 E2090.17873
G0 F11700 X68.207 Y95.822
G1 F1170 X65.588 Y93.203 E2090.35058
G0 F11700 X65.588 Y94.052
G1 F1170 X68.207 Y96.671 E2090.52243
G0 F11700 X68.207 Y97.519
G1 F1170 X65.588 Y94.9 E2090.69428
G0 F11700 X65.588 Y95.749
G1 F1170 X68.207 Y98.368 E2090.86613
G0 F11700 X68.207 Y99.216
G1 F1170 X65.588 Y96.597 E2091.03798
G0 F11700 X65.588 Y97.446
G1 F1170 X68.207 Y100.065 E2091.20983
G0 F11700 X68.208 Y100.914
G1 F1170 X65.588 Y98.294 E2091.38175
G0 F11700 X65.588 Y99.143
G1 F1170 X68.208 Y101.763 E2091.55366
G0 F11700 X68.208 Y102.611
G1 F1170 X65.588 Y99.991 E2091.72558
G0 F11700 X65.588 Y100.84
G1 F1170 X68.208 Y103.46 E2091.89749
G0 F11700 X68.208 Y104.308
G1 F1170 X65.588 Y101.688 E2092.06941
G0 F11700 X65.588 Y102.537
G1 F1170 X68.208 Y105.157 E2092.24132
G0 F11700 X68.208 Y106.005
G1 F1170 X65.588 Y103.385 E2092.41324
G0 F11700 X65.588 Y104.234
G1 F1170 X68.208 Y106.854 E2092.58515
G0 F11700 X68.208 Y107.702
G1 F1170 X65.588 Y105.082 E2092.75707
G0 F11700 X65.588 Y105.931
G1 F1170 X68.208 Y108.551 E2092.92898
G0 F11700 X68.208 Y109.399
G1 F1170 X65.588 Y106.779 E2093.1009
G0 F11700 X65.588 Y107.628
G1 F1170 X68.208 Y110.248 E2093.27281
G0 F11700 X68.208 Y111.096
G1 F1170 X65.588 Y108.477 E2093.4447
G0 F11700 X65.588 Y109.325
G1 F1170 X68.208 Y111.945 E2093.61661
G0 F11700 X68.208 Y112.793
G1 F1170 X65.588 Y110.174 E2093.78849
G0 F11700 X65.588 Y111.022
G1 F1170 X68.208 Y113.642 E2093.96041
G0 F11700 X68.208 Y114.49
G1 F1170 X65.588 Y111.871 E2094.13229
G0 F11700 X65.588 Y112.719
G1 F1170 X67.988 Y115.12 E2094.2898
G0 F11700 X67.14 Y115.12
G1 F1170 X65.588 Y113.568 E2094.39164
G0 F11700 X65.588 Y114.416
G1 F1170 X66.291 Y115.12 E2094.4378
G0 F11700 X68.315 Y53
G0 X68.475 Y52.865
;TYPE:SKIN
G1 F2340 X68.319 Y53.02 E2094.45311
G0 F11700 X67.471 Y53.02
G1 F2340 X68.475 Y52.016 E2094.55193
G0 F11700 X68.205 Y51.438
G1 F2340 X66.622 Y53.02 E2094.70768
G0 F11700 X65.774 Y53.02
G1 F2340 X67.356 Y51.438 E2094.86339
G0 F11700 X66.508 Y51.438
G1 F2340 X65.318 Y52.627 E2094.98047
G0 F11700 X65.318 Y51.779
G1 F2340 X65.659 Y51.438 E2095.01403
G1 F2400 E2088.51403
G1 F1200 Z7.26
G0 F11700 X66.008 Y53.53
G0 X68.153 Y41.307
G1 F1200 Z6.66
G1 F2400 E2095.23022
G1 F2340 X68.476 Y40.985 E2095.26196
G0 F11700 X68.476 Y40.136
G1 F2340 X67.305 Y41.307 E2095.37722
G0 F11700 X66.456 Y41.307
G1 F2340 X68.04 Y39.723 E2095.53312
G0 F11700 X67.191 Y39.723
G1 F2340 X65.607 Y41.307 E2095.68903
G0 F11700 X65.318 Y40.748
G1 F2340 X66.343 Y39.723 E2095.78991
G0 F11700 X65.494 Y39.723
G1 F2340 X65.318 Y39.899 E2095.80724
G0 F11700 X65.832 Y39.213
G1 F2400 E2089.30724
G1 F1200 Z7.26
;MESH:guia de montagem rolamento Y.stl
G0 F11700 X66.008 Y39.213
G0 X76.785 Y41.517
;TYPE:WALL-INNER
G1 F1200 Z6.66
G1 F2400 E2096.02343
G1 F3480 X76.784 Y37.548 E2096.29966
G1 X73.208 Y37.548 E2096.54854
G1 X73.208 Y41.516 E2096.8247
G1 X76.462 Y41.517 E2097.05116
G0 F3132 X76.785 Y41.517
G0 F11700 X77.144 Y42.116
G1 F3480 X77.385 Y42.285 E2097.07165
G1 X77.384 Y36.948 E2097.44309
G1 X72.608 Y36.948 E2097.77548
G1 X72.608 Y42.278 E2098.14643
G1 X72.832 Y42.116 E2098.16567
G1 X76.821 Y42.116 E2098.44329
G0 F3132 X77.144 Y42.116
G1 F2400 E2091.94329
G1 F1200 Z7.26
G0 F11700 X76.788 Y115.6
G1 F1200 Z6.66
G1 F2400 E2098.65949
G1 F3480 X76.785 Y51.228 E2103.13957
G1 X73.208 Y51.228 E2103.38852
G1 X73.208 Y115.6 E2107.86861
G1 X76.465 Y115.6 E2108.09529
G0 F3132 X76.788 Y115.6
G1 F2400 E2101.59529
G1 F1200 Z7.26
G0 F11700 X75.887 Y114.875
G0 X77.144 Y50.628
G1 F1200 Z6.66
G1 F2400 E2108.31148
G1 F3480 X72.852 Y50.628 E2108.61019
G1 X72.608 Y50.458 E2108.63088
G1 X72.608 Y116.2 E2113.20632
G1 X77.388 Y116.2 E2113.53899
G1 X77.385 Y50.489 E2118.11227
G0 F3132 X77.385 Y50.46
G0 X77.144 Y50.628
G0 F11700 X77.519 Y49.866
;TYPE:WALL-OUTER
G1 F2100 X77.144 Y50.128 E2118.14234
G1 X72.852 Y50.128 E2118.42445
G1 X72.476 Y49.866 E2118.45457
G1 X72.108 Y48.859 E2118.52505
G1 X72.108 Y116.7 E2122.98426
G1 X77.888 Y116.7 E2123.36418
G1 X77.885 Y48.875 E2127.82234
G1 X77.637 Y49.545 E2127.8693
G0 F1890 X77.519 Y49.866
G0 F11700 X77.437 Y49.923
G1 F2400 E2121.3693
G1 F1200 Z7.26
G0 F11700 X77.982 Y48.012
G1 F1200 Z6.66
G1 F2400 E2128.08549
G1 F2258.1 X78.03 Y47.453 E2128.11979
G1 F2603.3 X78.056 Y46.931 E2128.1475
G1 F2825.1 X78.068 Y46.268 E2128.1799
G1 F2763.2 X78.046 Y45.58 E2128.21428
G1 F2390.9 X77.997 Y44.855 E2128.25624
G1 F2400 E2121.75624
G1 F1200 Z7.26
G0 F11700 X77.519 Y42.878
G1 F1200 Z6.66
G1 F2400 E2128.47243
G1 F2100 X77.885 Y43.874 E2128.54218
G1 X77.884 Y36.448 E2129.03029
G1 X72.108 Y36.448 E2129.40995
G1 X72.108 Y43.935 E2129.90207
G1 X72.452 Y42.891 E2129.97432
G1 X72.832 Y42.616 E2130.00515
G1 X77.144 Y42.616 E2130.28858
G1 X77.239 Y42.682 E2130.29619
G0 F1890 X77.519 Y42.878
G0 F11700 X77.553 Y42.971
G1 F2400 E2123.79619
G1 F1200 Z7.26
G0 F11700 X72.01 Y44.746
G1 F1200 Z6.66
G1 F2400 E2130.51238
G1 F2303.5 X71.952 Y45.448 E2130.55459
G1 F2721.4 X71.926 Y46.246 E2130.59509
G1 F2812.5 X71.938 Y46.917 E2130.62802
G1 F2592.6 X71.964 Y47.407 E2130.65415
G1 F3058.3 X71.964 Y48.031 E2130.68231
G1 F4025.6 X72.062 Y48.02 E2130.68569
G1 F3058.3 X71.964 Y47.407 E2130.71371
G1 F2400 E2124.21371
G1 F1200 Z7.26
G0 F11700 X74.999 Y54.635
;TYPE:FILL
G1 F1200 Z6.66
G1 F2400 E2130.9299
G1 F1170 X76.306 Y55.941 E2131.01563
G0 F11700 X76.306 Y56.79
G1 F1170 X74.575 Y55.059 E2131.12921
G0 F11700 X74.151 Y55.483
G1 F1170 X76.306 Y57.638 E2131.27062
G0 F11700 X76.306 Y58.487
G1 F1170 X73.688 Y55.869 E2131.4424
G0 F11700 X73.688 Y56.717
G1 F1170 X76.306 Y59.335 E2131.61419
G0 F11700 X76.306 Y60.184
G1 F1170 X73.688 Y57.566 E2131.78597
G0 F11700 X73.688 Y58.414
G1 F1170 X76.306 Y61.033 E2131.95779
G0 F11700 X76.306 Y61.881
G1 F1170 X73.688 Y59.263 E2132.12957
G0 F11700 X73.688 Y60.111
G1 F1170 X76.306 Y62.73 E2132.30139
G0 F11700 X76.306 Y63.578
G1 F1170 X73.688 Y60.96 E2132.47317
G0 F11700 X73.688 Y61.808
G1 F1170 X76.306 Y64.427 E2132.64499
G0 F11700 X76.306 Y65.275
G1 F1170 X73.688 Y62.657 E2132.81677
G0 F11700 X73.688 Y63.505
G1 F1170 X76.306 Y66.124 E2132.98859
G0 F11700 X76.306 Y66.972
G1 F1170 X73.688 Y64.354 E2133.16037
G0 F11700 X73.688 Y65.202
G1 F1170 X76.306 Y67.821 E2133.33219
G0 F11700 X76.306 Y68.669
G1 F1170 X73.688 Y66.051 E2133.50397
G0 F11700 X73.688 Y66.899
G1 F1170 X76.306 Y69.518 E2133.67579
G0 F11700 X76.306 Y70.366
G1 F1170 X73.688 Y67.748 E2133.84757
G0 F11700 X73.688 Y68.596
G1 F1170 X76.307 Y71.216 E2134.01946
G0 F11700 X76.307 Y72.064
G1 F1170 X73.688 Y69.445 E2134.19131
G0 F11700 X73.688 Y70.293
G1 F1170 X76.307 Y72.913 E2134.36319
G0 F11700 X76.307 Y73.761
G1 F1170 X73.688 Y71.142 E2134.53504
G0 F11700 X73.688 Y71.991
G1 F1170 X76.307 Y74.61 E2134.70689
G0 F11700 X76.307 Y75.458
G1 F1170 X73.688 Y72.839 E2134.87874
G0 F11700 X73.688 Y73.688
G1 F1170 X76.307 Y76.307 E2135.05059
G0 F11700 X76.307 Y77.155
G1 F1170 X73.688 Y74.536 E2135.22244
G0 F11700 X73.688 Y75.385
G1 F1170 X76.307 Y78.004 E2135.39429
G0 F11700 X76.307 Y78.852
G1 F1170 X73.688 Y76.233 E2135.56614
G0 F11700 X73.688 Y77.082
G1 F1170 X76.307 Y79.701 E2135.73799
G0 F11700 X76.307 Y80.549
G1 F1170 X73.688 Y77.93 E2135.90984
G0 F11700 X73.688 Y78.779
G1 F1170 X76.307 Y81.398 E2136.08169
G0 F11700 X76.307 Y82.246
G1 F1170 X73.688 Y79.627 E2136.25354
G0 F11700 X73.688 Y80.476
G1 F1170 X76.307 Y83.095 E2136.42539
G0 F11700 X76.307 Y83.943
G1 F1170 X73.688 Y81.324 E2136.59724
G0 F11700 X73.688 Y82.173
G1 F1170 X76.307 Y84.792 E2136.76908
G0 F11700 X76.307 Y85.641
G1 F1170 X73.688 Y83.021 E2136.94097
G0 F11700 X73.688 Y83.87
G1 F1170 X76.307 Y86.49 E2137.11285
G0 F11700 X76.307 Y87.338
G1 F1170 X73.688 Y84.718 E2137.28473
G0 F11700 X73.688 Y85.567
G1 F1170 X76.307 Y88.187 E2137.45661
G0 F11700 X76.307 Y89.035
G1 F1170 X73.688 Y86.416 E2137.62846
G0 F11700 X73.688 Y87.264
G1 F1170 X76.307 Y89.884 E2137.80035
G0 F11700 X76.307 Y90.732
G1 F1170 X73.688 Y88.113 E2137.9722
G0 F11700 X73.688 Y88.961
G1 F1170 X76.307 Y91.581 E2138.14408
G0 F11700 X76.307 Y92.429
G1 F1170 X73.688 Y89.81 E2138.31593
G0 F11700 X73.688 Y90.658
G1 F1170 X76.307 Y93.278 E2138.48781
G0 F11700 X76.307 Y94.127
G1 F1170 X73.688 Y91.507 E2138.65969
G0 F11700 X73.688 Y92.355
G1 F1170 X76.307 Y94.975 E2138.83158
G0 F11700 X76.307 Y95.824
G1 F1170 X73.688 Y93.204 E2139.00346
G0 F11700 X73.688 Y94.052
G1 F1170 X76.307 Y96.672 E2139.17534
G0 F11700 X76.307 Y97.521
G1 F1170 X73.688 Y94.901 E2139.34722
G0 F11700 X73.688 Y95.749
G1 F1170 X76.307 Y98.369 E2139.51911
G0 F11700 X76.307 Y99.218
G1 F1170 X73.688 Y96.598 E2139.69099
G0 F11700 X73.688 Y97.446
G1 F1170 X76.307 Y100.066 E2139.86287
G0 F11700 X76.308 Y100.915
G1 F1170 X73.688 Y98.295 E2140.03479
G0 F11700 X73.688 Y99.143
G1 F1170 X76.308 Y101.764 E2140.20673
G0 F11700 X76.308 Y102.613
G1 F1170 X73.688 Y99.992 E2140.37868
G0 F11700 X73.688 Y100.84
G1 F1170 X76.308 Y103.461 E2140.55063
G0 F11700 X76.308 Y104.31
G1 F1170 X73.688 Y101.689 E2140.72258
G0 F11700 X73.688 Y102.538
G1 F1170 X76.308 Y105.158 E2140.89449
G0 F11700 X76.308 Y106.007
G1 F1170 X73.688 Y103.386 E2141.06644
G0 F11700 X73.688 Y104.235
G1 F1170 X76.308 Y106.855 E2141.23836
G0 F11700 X76.308 Y107.704
G1 F1170 X73.688 Y105.083 E2141.41031
G0 F11700 X73.688 Y105.932
G1 F1170 X76.308 Y108.552 E2141.58222
G0 F11700 X76.308 Y109.401
G1 F1170 X73.688 Y106.78 E2141.75417
G0 F11700 X73.688 Y107.629
G1 F1170 X76.308 Y110.249 E2141.92608
G0 F11700 X76.308 Y111.098
G1 F1170 X73.688 Y108.477 E2142.09803
G0 F11700 X73.688 Y109.326
G1 F1170 X76.308 Y111.946 E2142.26995
G0 F11700 X76.308 Y112.795
G1 F1170 X73.688 Y110.174 E2142.4419
G0 F11700 X73.688 Y111.023
G1 F1170 X76.308 Y113.643 E2142.61381
G0 F11700 X76.308 Y114.492
G1 F1170 X73.688 Y111.871 E2142.78576
G0 F11700 X73.688 Y112.72
G1 F1170 X76.088 Y115.12 E2142.94324
G0 F11700 X75.239 Y115.12
G1 F1170 X73.688 Y113.568 E2143.04504
G0 F11700 X73.688 Y114.417
G1 F1170 X74.39 Y115.12 E2143.09114
G0 F11700 X75.956 Y53.03
G0 X75.956 Y53.02
;TYPE:SKIN
G1 F2340 X76.575 Y52.401 E2143.15206
G0 F11700 X76.575 Y51.552
G1 F2340 X75.107 Y53.02 E2143.29655
G0 F11700 X74.259 Y53.02
G1 F2340 X75.841 Y51.438 E2143.45226
G0 F11700 X74.993 Y51.438
G1 F2340 X73.418 Y53.013 E2143.60728
G0 F11700 X73.418 Y52.164
G1 F2340 X74.144 Y51.438 E2143.67873
G1 F2400 E2137.17873
G1 F1200 Z7.26
G0 F11700 X74.144 Y53.53
G0 X75.79 Y41.307
G1 F1200 Z6.66
G1 F2400 E2143.89493
G1 F2340 X76.575 Y40.522 E2143.97219
G0 F11700 X76.525 Y39.723
G1 F2340 X74.942 Y41.306 E2144.128
G0 F11700 X74.093 Y41.306
G1 F2340 X75.677 Y39.723 E2144.28385
G0 F11700 X74.828 Y39.723
G1 F2340 X73.418 Y41.133 E2144.42263
G0 F11700 X73.418 Y40.285
G1 F2340 X73.98 Y39.723 E2144.47794
G0 F11700 X74.108 Y39.213
G1 F2400 E2137.97794
G1 F1200 Z7.26
;MESH:NONMESH
G0 F11700 X69.044 Y41.484
;TIME_ELAPSED:947.882164
;LAYER:22
;MESH:guia de montagem rolamento Y.stl(1)
G0 Z7.57
;TYPE:WALL-INNER
G1 F1200 Z6.97
G1 F2400 E2144.69414
G1 F3480 X69.285 Y41.639 E2144.71408
G1 X69.284 Y36.948 E2145.04056
G1 X64.508 Y36.948 E2145.37295
G1 X64.509 Y41.642 E2145.69964
G1 X64.756 Y41.484 E2145.72005
G1 X68.721 Y41.484 E2145.996
G0 F3132 X69.044 Y41.484
G1 F2400 E2139.496
G1 F1200 Z7.57
G0 F11700 X69.044 Y51.26
G1 F1200 Z6.97
G1 F2400 E2146.21219
G1 F3480 X64.752 Y51.26 E2146.5109
G1 X64.508 Y51.103 E2146.53109
G1 X64.508 Y116.2 E2151.06164
G1 X69.288 Y116.2 E2151.39431
G1 X69.285 Y51.141 E2155.92221
G0 F3132 X69.285 Y51.105
G0 X69.044 Y51.26
G0 F11700 X69.409 Y50.525
;TYPE:WALL-OUTER
G1 F2100 X69.044 Y50.76 E2155.95074
G1 X64.752 Y50.76 E2156.23286
G1 X64.388 Y50.526 E2156.2613
G1 X64.007 Y49.684 E2156.32205
G1 X64.008 Y116.7 E2160.72703
G1 X69.788 Y116.7 E2161.10695
G1 X69.785 Y49.692 E2165.51141
G1 X69.55 Y50.214 E2165.54904
G0 F1890 X69.409 Y50.525
G0 F11700 X69.325 Y50.579
G1 F2400 E2159.04904
G1 F1200 Z7.57
G0 F11700 X69.975 Y48.524
G1 F1200 Z6.97
G1 F2400 E2165.76523
G1 F2978.7 X69.972 Y44.227 E2165.96435
G1 F2400 E2159.46435
G1 F1200 Z7.57
G0 F11700 X69.408 Y42.216
G1 F1200 Z6.97
G1 F2400 E2166.18054
G1 F2100 X69.785 Y43.042 E2166.24023
G1 X69.784 Y36.448 E2166.67365
G1 X64.008 Y36.448 E2167.05331
G1 X64.008 Y43.047 E2167.48706
G1 X64.392 Y42.216 E2167.54724
G1 X64.756 Y41.984 E2167.57561
G1 X69.044 Y41.984 E2167.85746
G1 X69.12 Y42.033 E2167.8634
G0 F1890 X69.408 Y42.216
G0 F11700 X69.449 Y42.306
G1 F2400 E2161.3634
G1 F1200 Z7.57
G0 F11700 X63.823 Y44.225
G1 F1200 Z6.97
G1 F2400 E2168.07959
G1 F2957.7 X63.819 Y48.488 E2168.27854
G1 F2400 E2161.77854
G1 F1200 Z7.57
G0 F11700 X68.071 Y53.464
;TYPE:FILL
G1 F1200 Z6.97
G1 F2400 E2168.49473
G1 F3900 X67.112 Y54.423 E2168.58912
G1 X67.112 Y55.72 E2168.67939
G1 X66.688 Y55.72 E2168.7089
G1 X66.688 Y54.423 E2168.79917
G1 X65.729 Y53.464 E2168.89356
G1 X68.805 Y53.464 E2169.10764
G1 X68.955 Y53.464
G1 F2400 E2162.60764
G1 F1200 Z7.57
G0 F11700 X68.385 Y53.884
G0 X68.678 Y39.28
G1 F1200 Z6.97
G1 F2400 E2169.32383
G1 F3900 X68.804 Y39.154 E2169.33623
G1 X68.805 Y39.281 E2169.34507
G1 X65.122 Y39.28 E2169.60139
G1 X64.988 Y39.146 E2169.61458
G1 X64.988 Y37.428 E2169.73415
G1 X68.804 Y37.428 E2169.99973
G1 X68.954 Y37.428
G0 F11700 X68.884 Y37.427
G0 X68.221 Y39.361
G0 X68.221 Y39.371
;TYPE:SKIN
G1 F2340 X69.075 Y40.225 E2170.08378
G0 F11700 X69.075 Y41.074
G1 F2340 X67.372 Y39.371 E2170.2514
G0 F11700 X66.524 Y39.371
G1 F2340 X68.427 Y41.275 E2170.43875
G0 F11700 X67.579 Y41.275
G1 F2340 X65.675 Y39.371 E2170.62615
G0 F11700 X64.827 Y39.371
G1 F2340 X66.73 Y41.275 E2170.81351
G0 F11700 X65.882 Y41.275
G1 F2340 X64.718 Y40.111 E2170.92807
G0 F11700 X64.718 Y40.959
G1 F2340 X65.033 Y41.275 E2170.95913
G1 F2400 E2164.45913
G1 F1200 Z7.57
G0 F11700 X65.408 Y38.861
G0 X68.44 Y51.47
G1 F1200 Z6.97
G1 F2400 E2171.17532
G1 F2340 X69.075 Y52.105 E2171.23782
G0 F11700 X69.075 Y52.953
G1 F2340 X67.592 Y51.47 E2171.38378
G0 F11700 X66.743 Y51.47
G1 F2340 X68.648 Y53.375 E2171.57128
G0 F11700 X67.8 Y53.375
G1 F2340 X65.895 Y51.47 E2171.75878
G0 F11700 X65.046 Y51.47
G1 F2340 X66.951 Y53.375 E2171.94628
G0 F11700 X66.102 Y53.375
G1 F2340 X64.718 Y51.99 E2172.08255
G0 F11700 X64.718 Y52.839
G1 F2340 X65.254 Y53.375 E2172.1353
G0 F11700 X65.254 Y53.384
G0 X68.538 Y55.8
G0 X68.538 Y55.81
G1 F2340 X69.076 Y56.348 E2172.18826
G0 F11700 X69.076 Y57.196
G1 F2340 X67.689 Y55.81 E2172.32472
G0 F11700 X66.841 Y55.81
G1 F2340 X69.076 Y58.045 E2172.5447
G0 F11700 X69.076 Y58.894
G1 F2340 X65.992 Y55.81 E2172.84824
G0 F11700 X65.144 Y55.81
G1 F2340 X69.076 Y59.742 E2173.23525
G0 F11700 X69.076 Y60.591
G1 F2340 X64.718 Y56.233 E2173.66418
G0 F11700 X64.718 Y57.081
G1 F2340 X69.076 Y61.439 E2174.09312
G0 F11700 X69.076 Y62.288
G1 F2340 X64.718 Y57.93 E2174.52205
G0 F11700 X64.718 Y58.778
G1 F2340 X69.076 Y63.136 E2174.95099
G0 F11700 X69.076 Y63.985
G1 F2340 X64.718 Y59.627 E2175.37993
G0 F11700 X64.718 Y60.475
G1 F2340 X69.076 Y64.833 E2175.80886
G0 F11700 X69.076 Y65.682
G1 F2340 X64.718 Y61.324 E2176.2378
G0 F11700 X64.718 Y62.172
G1 F2340 X69.076 Y66.53 E2176.66673
G0 F11700 X69.076 Y67.379
G1 F2340 X64.718 Y63.021 E2177.09567
G0 F11700 X64.718 Y63.869
G1 F2340 X69.076 Y68.227 E2177.5246
G0 F11700 X69.076 Y69.076
G1 F2340 X64.718 Y64.718 E2177.95354
G0 F11700 X64.718 Y65.566
G1 F2340 X69.076 Y69.924 E2178.38247
G0 F11700 X69.076 Y70.773
G1 F2340 X64.718 Y66.415 E2178.81141
G0 F11700 X64.718 Y67.264
G1 F2340 X69.077 Y71.622 E2179.24039
G0 F11700 X69.077 Y72.471
G1 F2340 X64.718 Y68.112 E2179.66942
G0 F11700 X64.718 Y68.961
G1 F2340 X69.077 Y73.319 E2180.09841
G0 F11700 X69.077 Y74.168
G1 F2340 X64.718 Y69.809 E2180.52744
G0 F11700 X64.718 Y70.658
G1 F2340 X69.077 Y75.016 E2180.95643
G0 F11700 X69.077 Y75.865
G1 F2340 X64.718 Y71.506 E2181.38546
G0 F11700 X64.718 Y72.355
G1 F2340 X69.077 Y76.713 E2181.81445
G0 F11700 X69.077 Y77.562
G1 F2340 X64.718 Y73.203 E2182.24348
G0 F11700 X64.718 Y74.052
G1 F2340 X69.077 Y78.41 E2182.67246
G0 F11700 X69.077 Y79.259
G1 F2340 X64.718 Y74.9 E2183.1015
G0 F11700 X64.718 Y75.749
G1 F2340 X69.077 Y80.107 E2183.53048
G0 F11700 X69.077 Y80.956
G1 F2340 X64.718 Y76.597 E2183.95952
G0 F11700 X64.718 Y77.446
G1 F2340 X69.077 Y81.804 E2184.3885
G0 F11700 X69.077 Y82.653
G1 F2340 X64.718 Y78.294 E2184.81753
G0 F11700 X64.718 Y79.143
G1 F2340 X69.077 Y83.502 E2185.24657
G0 F11700 X69.077 Y84.35
G1 F2340 X64.718 Y79.991 E2185.6756
G0 F11700 X64.718 Y80.84
G1 F2340 X69.077 Y85.199 E2186.10463
G0 F11700 X69.077 Y86.048
G1 F2340 X64.718 Y81.689 E2186.53367
G0 F11700 X64.718 Y82.537
G1 F2340 X69.077 Y86.896 E2186.9627
G0 F11700 X69.077 Y87.745
G1 F2340 X64.718 Y83.386 E2187.39173
G0 F11700 X64.718 Y84.234
G1 F2340 X69.077 Y88.593 E2187.82077
G0 F11700 X69.077 Y89.442
G1 F2340 X64.718 Y85.083 E2188.2498
G0 F11700 X64.718 Y85.931
G1 F2340 X69.077 Y90.29 E2188.67884
G0 F11700 X69.077 Y91.139
G1 F2340 X64.718 Y86.78 E2189.10787
G0 F11700 X64.718 Y87.628
G1 F2340 X69.077 Y91.988 E2189.53695
G0 F11700 X69.077 Y92.836
G1 F2340 X64.718 Y88.477 E2189.96599
G0 F11700 X64.718 Y89.325
G1 F2340 X69.077 Y93.685 E2190.39507
G0 F11700 X69.077 Y94.533
G1 F2340 X64.718 Y90.174 E2190.8241
G0 F11700 X64.718 Y91.022
G1 F2340 X69.077 Y95.382 E2191.25319
G0 F11700 X69.077 Y96.23
G1 F2340 X64.718 Y91.871 E2191.68222
G0 F11700 X64.718 Y92.719
G1 F2340 X69.077 Y97.079 E2192.1113
G0 F11700 X69.077 Y97.927
G1 F2340 X64.718 Y93.568 E2192.54034
G0 F11700 X64.718 Y94.416
G1 F2340 X69.077 Y98.776 E2192.96942
G0 F11700 X69.077 Y99.624
G1 F2340 X64.718 Y95.265 E2193.39845
G0 F11700 X64.718 Y96.113
G1 F2340 X69.077 Y100.473 E2193.82753
G0 F11700 X69.078 Y101.322
G1 F2340 X64.718 Y96.962 E2194.25667
G0 F11700 X64.718 Y97.811
G1 F2340 X69.078 Y102.171 E2194.6858
G0 F11700 X69.078 Y103.019
G1 F2340 X64.718 Y98.659 E2195.11493
G0 F11700 X64.718 Y99.508
G1 F2340 X69.078 Y103.868 E2195.54406
G0 F11700 X69.078 Y104.716
G1 F2340 X64.718 Y100.356 E2195.9732
G0 F11700 X64.718 Y101.205
G1 F2340 X69.078 Y105.565 E2196.40233
G0 F11700 X69.078 Y106.413
G1 F2340 X64.718 Y102.053 E2196.83146
G0 F11700 X64.718 Y102.902
G1 F2340 X69.078 Y107.262 E2197.26059
G0 F11700 X69.078 Y108.11
G1 F2340 X64.718 Y103.75 E2197.68972
G0 F11700 X64.718 Y104.599
G1 F2340 X69.078 Y108.959 E2198.11886
G0 F11700 X69.078 Y109.807
G1 F2340 X64.718 Y105.447 E2198.54799
G0 F11700 X64.718 Y106.296
G1 F2340 X69.078 Y110.656 E2198.97712
G0 F11700 X69.078 Y111.504
G1 F2340 X64.718 Y107.144 E2199.40625
G0 F11700 X64.718 Y107.993
G1 F2340 X69.078 Y112.353 E2199.83538
G0 F11700 X69.078 Y113.201
G1 F2340 X64.718 Y108.841 E2200.26452
G0 F11700 X64.718 Y109.69
G1 F2340 X69.078 Y114.05 E2200.69365
G0 F11700 X69.078 Y114.898
G1 F2340 X64.718 Y110.538 E2201.12278
G0 F11700 X64.718 Y111.387
G1 F2340 X69.078 Y115.747 E2201.55191
G0 F11700 X68.473 Y115.99
G1 F2340 X64.718 Y112.236 E2201.92145
G0 F11700 X64.718 Y113.084
G1 F2340 X67.624 Y115.99 E2202.20747
G0 F11700 X66.776 Y115.99
G1 F2340 X64.718 Y113.933 E2202.40998
G0 F11700 X64.718 Y114.781
G1 F2340 X65.927 Y115.99 E2202.52897
G0 F11700 X65.079 Y115.99
G1 F2340 X64.718 Y115.63 E2202.56446
G1 F2400 E2196.06446
G1 F1200 Z7.57
;MESH:guia de montagem rolamento Y.stl
G0 F11700 X77.144 Y51.26
;TYPE:WALL-INNER
G1 F1200 Z6.97
G1 F2400 E2202.78065
G1 F3480 X72.852 Y51.26 E2203.07936
G1 X72.608 Y51.103 E2203.09955
G1 X72.608 Y116.2 E2207.6301
G1 X77.388 Y116.2 E2207.96277
G1 X77.385 Y51.141 E2212.49067
G0 F3132 X77.385 Y51.105
G0 X77.144 Y51.26
G1 F2400 E2205.99067
G1 F1200 Z7.57
G0 F11700 X77.144 Y41.484
G1 F1200 Z6.97
G1 F2400 E2212.70686
G1 F3480 X77.385 Y41.639 E2212.7268
G1 X77.384 Y36.948 E2213.05328
G1 X72.608 Y36.948 E2213.38568
G1 X72.609 Y41.642 E2213.71236
G1 X72.856 Y41.484 E2213.73277
G1 X76.821 Y41.484 E2214.00872
G0 F3132 X77.144 Y41.484
G0 F11700 X77.508 Y42.216
;TYPE:WALL-OUTER
G1 F2100 X77.885 Y43.042 E2214.0684
G1 X77.884 Y36.448 E2214.50183
G1 X72.108 Y36.448 E2214.88149
G1 X72.108 Y43.047 E2215.31524
G1 X72.492 Y42.216 E2215.37541
G1 X72.856 Y41.984 E2215.40378
G1 X77.144 Y41.984 E2215.68564
G1 X77.22 Y42.033 E2215.69158
G0 F1890 X77.508 Y42.216
G0 F11700 X77.549 Y42.306
G1 F2400 E2209.19158
G1 F1200 Z7.57
G0 F11700 X78.072 Y44.227
G1 F1200 Z6.97
G1 F2400 E2215.90777
G1 F2978.7 X78.075 Y48.524 E2216.10689
G1 F2400 E2209.60689
G1 F1200 Z7.57
G0 F11700 X77.509 Y50.525
G1 F1200 Z6.97
G1 F2400 E2216.32308
G1 F2100 X77.144 Y50.76 E2216.35162
G1 X72.852 Y50.76 E2216.63373
G1 X72.488 Y50.526 E2216.66218
G1 X72.107 Y49.684 E2216.72292
G1 X72.108 Y116.7 E2221.12791
G1 X77.888 Y116.7 E2221.50783
G1 X77.885 Y49.692 E2225.91229
G1 X77.65 Y50.214 E2225.94992
G0 F1890 X77.509 Y50.525
G0 F11700 X77.425 Y50.579
G1 F2400 E2219.44992
G1 F1200 Z7.57
G0 F11700 X71.919 Y48.488
G1 F1200 Z6.97
G1 F2400 E2226.16611
G1 F2957.7 X71.923 Y44.225 E2226.36506
G1 F2400 E2219.86506
G1 F1200 Z7.57
G0 F11700 X76.778 Y39.281
;TYPE:FILL
G1 F1200 Z6.97
G1 F2400 E2226.58125
G1 F3900 X76.904 Y39.155 E2226.59365
G1 X76.905 Y39.281 E2226.60242
G1 X73.222 Y39.281 E2226.85874
G1 X73.088 Y39.147 E2226.87193
G1 X73.088 Y37.428 E2226.99157
G1 X76.904 Y37.428 E2227.25715
G1 X77.054 Y37.428
G1 F2400 E2220.75715
G1 F1200 Z7.57
G0 F11700 X76.484 Y37.848
G0 X76.905 Y53.464
G1 F1200 Z6.97
G1 F2400 E2227.47334
G1 F3900 X73.829 Y53.464 E2227.68742
G1 X74.788 Y54.423 E2227.78181
G1 X74.788 Y55.72 E2227.87208
G1 X75.212 Y55.72 E2227.90159
G1 X75.212 Y54.423 E2227.99185
G1 X76.171 Y53.464 E2228.08624
G1 X76.277 Y53.358
G1 F2400 E2221.58624
G1 F1200 Z7.57
G0 F11700 X76.277 Y53.884
G0 X76.926 Y51.47
;TYPE:SKIN
G1 F1200 Z6.97
G1 F2400 E2228.30243
G1 F2340 X77.175 Y51.719 E2228.32694
G0 F11700 X77.175 Y52.568
G1 F2340 X76.078 Y51.47 E2228.43496
G0 F11700 X75.229 Y51.47
G1 F2340 X77.133 Y53.374 E2228.62236
G0 F11700 X76.284 Y53.374
G1 F2340 X74.381 Y51.47 E2228.80971
G0 F11700 X73.532 Y51.47
G1 F2340 X75.436 Y53.374 E2228.99712
G0 F11700 X74.587 Y53.374
G1 F2340 X72.818 Y51.605 E2229.17123
G0 F11700 X72.818 Y52.453
G1 F2340 X73.739 Y53.374 E2229.26188
G1 X73.845 Y53.48
G0 F11700 X76.985 Y55.81
G0 X77.024 Y55.811
G1 F2340 X77.176 Y55.963 E2229.27684
G0 F11700 X77.176 Y56.811
G1 F2340 X76.175 Y55.811 E2229.37531
G0 F11700 X75.327 Y55.811
G1 F2340 X77.176 Y57.66 E2229.5573
G0 F11700 X77.176 Y58.508
G1 F2340 X74.478 Y55.811 E2229.8228
G0 F11700 X73.63 Y55.811
G1 F2340 X77.176 Y59.357 E2230.17182
G0 F11700 X77.176 Y60.205
G1 F2340 X72.818 Y55.847 E2230.60075
G0 F11700 X72.818 Y56.696
G1 F2340 X77.176 Y61.054 E2231.02969
G0 F11700 X77.176 Y61.902
G1 F2340 X72.818 Y57.544 E2231.45862
G0 F11700 X72.818 Y58.393
G1 F2340 X77.176 Y62.751 E2231.88756
G0 F11700 X77.176 Y63.599
G1 F2340 X72.818 Y59.241 E2232.31649
G0 F11700 X72.818 Y60.09
G1 F2340 X77.176 Y64.448 E2232.74543
G0 F11700 X77.176 Y65.296
G1 F2340 X72.818 Y60.938 E2233.17436
G0 F11700 X72.818 Y61.787
G1 F2340 X77.176 Y66.145 E2233.6033
G0 F11700 X77.176 Y66.993
G1 F2340 X72.818 Y62.636 E2234.03218
G0 F11700 X72.818 Y63.484
G1 F2340 X77.176 Y67.842 E2234.46112
G0 F11700 X77.176 Y68.69
G1 F2340 X72.818 Y64.333 E2234.89
G0 F11700 X72.818 Y65.181
G1 F2340 X77.176 Y69.539 E2235.31894
G0 F11700 X77.176 Y70.388
G1 F2340 X72.818 Y66.03 E2235.74787
G0 F11700 X72.818 Y66.878
G1 F2340 X77.176 Y71.237 E2236.17686
G0 F11700 X77.176 Y72.085
G1 F2340 X72.818 Y67.727 E2236.60579
G0 F11700 X72.818 Y68.575
G1 F2340 X77.176 Y72.934 E2237.03478
G0 F11700 X77.176 Y73.782
G1 F2340 X72.818 Y69.424 E2237.46371
G0 F11700 X72.818 Y70.272
G1 F2340 X77.176 Y74.631 E2237.8927
G0 F11700 X77.176 Y75.479
G1 F2340 X72.818 Y71.121 E2238.32163
G0 F11700 X72.818 Y71.969
G1 F2340 X77.176 Y76.328 E2238.75062
G0 F11700 X77.176 Y77.176
G1 F2340 X72.818 Y72.818 E2239.17955
G0 F11700 X72.818 Y73.666
G1 F2340 X77.176 Y78.025 E2239.60854
G0 F11700 X77.176 Y78.874
G1 F2340 X72.818 Y74.515 E2240.03752
G0 F11700 X72.818 Y75.363
G1 F2340 X77.176 Y79.722 E2240.46651
G0 F11700 X77.176 Y80.571
G1 F2340 X72.818 Y76.212 E2240.89549
G0 F11700 X72.818 Y77.06
G1 F2340 X77.176 Y81.419 E2241.32448
G0 F11700 X77.176 Y82.268
G1 F2340 X72.818 Y77.909 E2241.75346
G0 F11700 X72.818 Y78.758
G1 F2340 X77.176 Y83.116 E2242.1824
G0 F11700 X77.176 Y83.965
G1 F2340 X72.818 Y79.606 E2242.61138
G0 F11700 X72.818 Y80.455
G1 F2340 X77.176 Y84.813 E2243.04031
G0 F11700 X77.176 Y85.662
G1 F2340 X72.818 Y81.303 E2243.4693
G0 F11700 X72.818 Y82.152
G1 F2340 X77.177 Y86.511 E2243.89833
G0 F11700 X77.177 Y87.36
G1 F2340 X72.818 Y83 E2244.32742
G0 F11700 X72.818 Y83.849
G1 F2340 X77.177 Y88.208 E2244.75645
G0 F11700 X77.177 Y89.057
G1 F2340 X72.818 Y84.697 E2245.18553
G0 F11700 X72.818 Y85.546
G1 F2340 X77.177 Y89.905 E2245.61457
G0 F11700 X77.177 Y90.754
G1 F2340 X72.818 Y86.394 E2246.04365
G0 F11700 X72.818 Y87.243
G1 F2340 X77.177 Y91.602 E2246.47268
G0 F11700 X77.177 Y92.451
G1 F2340 X72.818 Y88.091 E2246.90177
G0 F11700 X72.818 Y88.94
G1 F2340 X77.177 Y93.299 E2247.3308
G0 F11700 X77.177 Y94.148
G1 F2340 X72.818 Y89.788 E2247.75988
G0 F11700 X72.818 Y90.637
G1 F2340 X77.177 Y94.996 E2248.18892
G0 F11700 X77.177 Y95.845
G1 F2340 X72.818 Y91.485 E2248.618
G0 F11700 X72.818 Y92.334
G1 F2340 X77.177 Y96.693 E2249.04703
G0 F11700 X77.177 Y97.542
G1 F2340 X72.818 Y93.183 E2249.47607
G0 F11700 X72.818 Y94.031
G1 F2340 X77.177 Y98.39 E2249.9051
G0 F11700 X77.177 Y99.239
G1 F2340 X72.818 Y94.88 E2250.33413
G0 F11700 X72.818 Y95.728
G1 F2340 X77.177 Y100.087 E2250.76317
G0 F11700 X77.177 Y100.936
G1 F2340 X72.818 Y96.577 E2251.1922
G0 F11700 X72.818 Y97.425
G1 F2340 X77.178 Y101.785 E2251.62133
G0 F11700 X77.178 Y102.634
G1 F2340 X72.818 Y98.274 E2252.05046
G0 F11700 X72.818 Y99.122
G1 F2340 X77.178 Y103.482 E2252.4796
G0 F11700 X77.178 Y104.331
G1 F2340 X72.818 Y99.971 E2252.90873
G0 F11700 X72.818 Y100.819
G1 F2340 X77.178 Y105.179 E2253.33786
G0 F11700 X77.178 Y106.028
G1 F2340 X72.818 Y101.668 E2253.76699
G0 F11700 X72.818 Y102.516
G1 F2340 X77.178 Y106.876 E2254.19612
G0 F11700 X77.178 Y107.725
G1 F2340 X72.818 Y103.365 E2254.62526
G0 F11700 X72.818 Y104.213
G1 F2340 X77.178 Y108.573 E2255.05439
G0 F11700 X77.178 Y109.422
G1 F2340 X72.818 Y105.062 E2255.48352
G0 F11700 X72.818 Y105.91
G1 F2340 X77.178 Y110.27 E2255.91265
G0 F11700 X77.178 Y111.119
G1 F2340 X72.818 Y106.759 E2256.34178
G0 F11700 X72.818 Y107.608
G1 F2340 X77.178 Y111.968 E2256.77092
G0 F11700 X77.178 Y112.816
G1 F2340 X72.818 Y108.456 E2257.20005
G0 F11700 X72.818 Y109.305
G1 F2340 X77.178 Y113.665 E2257.62918
G0 F11700 X77.178 Y114.513
G1 F2340 X72.818 Y110.153 E2258.05831
G0 F11700 X72.818 Y111.002
G1 F2340 X77.178 Y115.362 E2258.48744
G0 F11700 X76.957 Y115.99
G1 F2340 X72.818 Y111.85 E2258.89487
G0 F11700 X72.818 Y112.699
G1 F2340 X76.109 Y115.99 E2259.21879
G0 F11700 X75.26 Y115.99
G1 F2340 X72.818 Y113.547 E2259.45919
G0 F11700 X72.818 Y114.396
G1 F2340 X74.412 Y115.99 E2259.61608
G0 F11700 X73.563 Y115.99
G1 F2340 X72.818 Y115.244 E2259.68946
G1 F2400 E2253.18946
G1 F1200 Z7.57
G0 F11700 X72.818 Y40.574
G1 F1200 Z6.97
G1 F2400 E2259.90565
G1 F2340 X73.518 Y41.274 E2259.97455
G0 F11700 X74.366 Y41.274
G1 F2340 X72.818 Y39.725 E2260.12696
G0 F11700 X73.312 Y39.371
G1 F2340 X75.216 Y41.275 E2260.31436
G0 F11700 X76.064 Y41.275
G1 F2340 X74.161 Y39.371 E2260.50171
G0 F11700 X75.009 Y39.371
G1 F2340 X76.913 Y41.275 E2260.68911
G0 F11700 X77.175 Y40.688
G1 F2340 X75.858 Y39.371 E2260.81874
G0 F11700 X76.706 Y39.371
G1 F2340 X77.175 Y39.84 E2260.8649
G0 F11700 X76.484 Y39.036
G1 F2400 E2254.3649
G1 F1200 Z7.57
;MESH:NONMESH
G0 F11700 X76.484 Y38.861
G0 X68.685 Y40.357
;TIME_ELAPSED:1006.454846
;LAYER:23
;MESH:guia de montagem rolamento Y.stl(1)
G0 Z7.88
;TYPE:WALL-INNER
G1 F1200 Z7.28
G1 F2400 E2261.08109
G1 F3480 X68.684 Y37.548 E2261.27658
G1 X65.108 Y37.548 E2261.52546
G1 X65.108 Y40.356 E2261.72089
G1 X68.362 Y40.357 E2261.94736
G0 F3132 X68.685 Y40.357
G0 F11700 X69.056 Y40.956
G1 F3480 X69.285 Y41.1 E2261.96619
G1 X69.284 Y36.948 E2262.25515
G1 X64.508 Y36.948 E2262.58755
G1 X64.508 Y41.101 E2262.87658
G1 X64.74 Y40.956 E2262.89562
G1 X68.733 Y40.956 E2263.17352
G0 F3132 X69.056 Y40.956
G1 F2400 E2256.67352
G1 F1200 Z7.88
G0 F11700 X67.784 Y39.632
G0 X68.688 Y115.6
G1 F1200 Z7.28
G1 F2400 E2263.38971
G1 F3480 X68.685 Y52.384 E2267.78935
G1 X65.108 Y52.384 E2268.0383
G1 X65.108 Y115.6 E2272.43793
G1 X68.365 Y115.6 E2272.66461
G0 F3132 X68.688 Y115.6
G1 F2400 E2266.16461
G1 F1200 Z7.88
G0 F11700 X69.052 Y51.784
G1 F1200 Z7.28
G1 F2400 E2272.8808
G1 F3480 X64.744 Y51.784 E2273.18062
G1 X64.508 Y51.638 E2273.19993
G1 X64.508 Y116.2 E2277.69324
G1 X69.288 Y116.2 E2278.02592
G1 X69.285 Y51.689 E2282.51568
G0 F3132 X69.285 Y51.64
G0 X69.052 Y51.784
G0 F11700 X69.412 Y51.061
;TYPE:WALL-OUTER
G1 F2100 X69.052 Y51.284 E2282.54351
G1 X64.744 Y51.284 E2282.82668
G1 X64.385 Y51.061 E2282.85446
G1 X64.008 Y50.293 E2282.91069
G1 X64.008 Y116.7 E2287.27565
G1 X69.788 Y116.7 E2287.65557
G1 X69.785 Y50.301 E2292.02
G1 X69.562 Y50.755 E2292.05325
G0 F1890 X69.412 Y51.061
G0 F11700 X69.327 Y51.113
G1 F2400 E2285.55325
G1 F1200 Z7.88
G0 F11700 X67.961 Y53.284
G0 X69.975 Y49.372
G1 F1200 Z7.28
G1 F2400 E2292.26944
G1 F2909.9 X69.962 Y46.225 E2292.41872
G1 F2916.7 X69.974 Y43.748 E2292.53594
G0 F1890 X69.976 Y43.406
G1 F2400 E2286.03594
G1 F1200 Z7.88
G0 F11700 X69.415 Y41.681
G1 F1200 Z7.28
G1 F2400 E2292.75214
G1 F2100 X69.785 Y42.44 E2292.80764
G1 X69.784 Y36.448 E2293.20149
G1 X64.008 Y36.448 E2293.58115
G1 X64.008 Y42.448 E2293.97553
G1 X64.38 Y41.68 E2294.03162
G1 X64.74 Y41.456 E2294.05949
G1 X69.056 Y41.456 E2294.34319
G1 X69.126 Y41.5 E2294.34862
G0 F1890 X69.415 Y41.681
G0 F11700 X69.458 Y41.77
G1 F2400 E2287.84862
G1 F1200 Z7.88
G0 F11700 X63.818 Y43.406
G1 F1200 Z7.28
G1 F2400 E2294.56481
G1 F2896.6 X63.834 Y46.568 E2294.7155
G1 F2883.3 X63.821 Y49.03 E2294.83336
G0 F1890 X63.819 Y49.372
G1 F2400 E2288.33336
G1 F1200 Z7.88
G0 F11700 X65.588 Y53.322
;TYPE:FILL
G1 F1200 Z7.28
G1 F2400 E2295.04955
G1 F3900 X67.985 Y55.72 E2295.28553
G1 X68.205 Y55.72 E2295.30084
G1 X68.205 Y53.33 E2295.46718
G1 X65.815 Y55.72 E2295.70241
G1 X65.588 Y55.72 E2295.71821
G1 X65.588 Y52.864 E2295.91698
G1 X68.205 Y52.864 E2296.09911
G1 X68.355 Y52.864
G1 F2400 E2289.59911
G1 F1200 Z7.88
G0 F11700 X67.785 Y53.284
G0 X68.081 Y39.877
G1 F1200 Z7.28
G1 F2400 E2296.3153
G1 F3900 X68.205 Y39.754 E2296.32746
G1 X68.205 Y39.877 E2296.33602
G1 X65.718 Y39.876 E2296.50911
G1 X65.588 Y39.746 E2296.5219
G1 X65.588 Y38.028 E2296.64147
G1 X68.204 Y38.028 E2296.82354
G1 X68.354 Y38.028
G1 F2400 E2290.32354
G1 F1200 Z7.88
G0 F11700 X67.784 Y38.448
G0 X65.318 Y56.021
;TYPE:SKIN
G1 F1200 Z7.28
G1 F2400 E2297.03973
G1 F2340 X65.53 Y55.81 E2297.06054
G0 F11700 X66.378 Y55.81
G1 F2340 X65.318 Y56.87 E2297.16487
G0 F11700 X65.318 Y57.718
G1 F2340 X67.227 Y55.81 E2297.35272
G0 F11700 X68.075 Y55.81
G1 F2340 X65.318 Y58.567 E2297.62407
G0 F11700 X65.318 Y59.415
G1 F2340 X68.476 Y56.258 E2297.93485
G0 F11700 X68.476 Y57.107
G1 F2340 X65.318 Y60.264 E2298.24563
G0 F11700 X65.318 Y61.112
G1 F2340 X68.476 Y57.955 E2298.5564
G0 F11700 X68.476 Y58.804
G1 F2340 X65.318 Y61.961 E2298.86718
G0 F11700 X65.318 Y62.809
G1 F2340 X68.476 Y59.652 E2299.17796
G0 F11700 X68.476 Y60.501
G1 F2340 X65.318 Y63.658 E2299.48873
G0 F11700 X65.318 Y64.507
G1 F2340 X68.476 Y61.349 E2299.79956
G0 F11700 X68.476 Y62.198
G1 F2340 X65.318 Y65.355 E2300.11033
G0 F11700 X65.318 Y66.204
G1 F2340 X68.476 Y63.046 E2300.42116
G0 F11700 X68.476 Y63.895
G1 F2340 X65.318 Y67.052 E2300.73194
G0 F11700 X65.318 Y67.901
G1 F2340 X68.476 Y64.743 E2301.04276
G0 F11700 X68.476 Y65.592
G1 F2340 X65.318 Y68.749 E2301.35354
G0 F11700 X65.318 Y69.598
G1 F2340 X68.476 Y66.44 E2301.66436
G0 F11700 X68.476 Y67.289
G1 F2340 X65.318 Y70.446 E2301.97514
G0 F11700 X65.318 Y71.295
G1 F2340 X68.476 Y68.138 E2302.28592
G0 F11700 X68.476 Y68.986
G1 F2340 X65.318 Y72.143 E2302.59669
G0 F11700 X65.318 Y72.992
G1 F2340 X68.476 Y69.835 E2302.90747
G0 F11700 X68.476 Y70.683
G1 F2340 X65.318 Y73.84 E2303.21824
G0 F11700 X65.318 Y74.689
G1 F2340 X68.476 Y71.532 E2303.52902
G0 F11700 X68.476 Y72.38
G1 F2340 X65.318 Y75.537 E2303.8398
G0 F11700 X65.318 Y76.386
G1 F2340 X68.476 Y73.229 E2304.15057
G0 F11700 X68.476 Y74.077
G1 F2340 X65.318 Y77.234 E2304.46135
G0 F11700 X65.318 Y78.083
G1 F2340 X68.476 Y74.926 E2304.77213
G0 F11700 X68.476 Y75.774
G1 F2340 X65.318 Y78.932 E2305.08295
G0 F11700 X65.318 Y79.78
G1 F2340 X68.476 Y76.622 E2305.39378
G0 F11700 X68.476 Y77.471
G1 F2340 X65.318 Y80.629 E2305.7046
G0 F11700 X65.318 Y81.477
G1 F2340 X68.476 Y78.319 E2306.01543
G0 F11700 X68.476 Y79.168
G1 F2340 X65.318 Y82.326 E2306.32625
G0 F11700 X65.318 Y83.174
G1 F2340 X68.476 Y80.016 E2306.63708
G0 F11700 X68.476 Y80.865
G1 F2340 X65.318 Y84.023 E2306.9479
G0 F11700 X65.318 Y84.871
G1 F2340 X68.476 Y81.713 E2307.25873
G0 F11700 X68.476 Y82.562
G1 F2340 X65.318 Y85.72 E2307.56955
G0 F11700 X65.318 Y86.568
G1 F2340 X68.476 Y83.41 E2307.88038
G0 F11700 X68.476 Y84.259
G1 F2340 X65.318 Y87.417 E2308.19121
G0 F11700 X65.318 Y88.265
G1 F2340 X68.476 Y85.107 E2308.50203
G0 F11700 X68.476 Y85.956
G1 F2340 X65.318 Y89.114 E2308.81286
G0 F11700 X65.318 Y89.962
G1 F2340 X68.476 Y86.804 E2309.12368
G0 F11700 X68.476 Y87.653
G1 F2340 X65.318 Y90.811 E2309.43451
G0 F11700 X65.318 Y91.659
G1 F2340 X68.476 Y88.501 E2309.74533
G0 F11700 X68.476 Y89.35
G1 F2340 X65.318 Y92.508 E2310.05616
G0 F11700 X65.318 Y93.356
G1 F2340 X68.476 Y90.199 E2310.36693
G0 F11700 X68.476 Y91.047
G1 F2340 X65.318 Y94.205 E2310.67776
G0 F11700 X65.318 Y95.054
G1 F2340 X68.476 Y91.896 E2310.98859
G0 F11700 X68.476 Y92.744
G1 F2340 X65.318 Y95.902 E2311.29941
G0 F11700 X65.318 Y96.751
G1 F2340 X68.476 Y93.593 E2311.61024
G0 F11700 X68.476 Y94.441
G1 F2340 X65.318 Y97.599 E2311.92106
G0 F11700 X65.318 Y98.448
G1 F2340 X68.476 Y95.29 E2312.23189
G0 F11700 X68.477 Y96.138
G1 F2340 X65.318 Y99.296 E2312.54276
G0 F11700 X65.318 Y100.145
G1 F2340 X68.477 Y96.986 E2312.85369
G0 F11700 X68.477 Y97.835
G1 F2340 X65.318 Y100.993 E2313.16456
G0 F11700 X65.318 Y101.842
G1 F2340 X68.477 Y98.683 E2313.47548
G0 F11700 X68.477 Y99.532
G1 F2340 X65.318 Y102.69 E2313.78636
G0 F11700 X65.318 Y103.539
G1 F2340 X68.477 Y100.38 E2314.09728
G0 F11700 X68.477 Y101.229
G1 F2340 X65.318 Y104.387 E2314.40816
G0 F11700 X65.318 Y105.236
G1 F2340 X68.477 Y102.077 E2314.71908
G0 F11700 X68.477 Y102.926
G1 F2340 X65.318 Y106.084 E2315.02996
G0 F11700 X65.318 Y106.933
G1 F2340 X68.477 Y103.774 E2315.34088
G0 F11700 X68.477 Y104.623
G1 F2340 X65.318 Y107.781 E2315.65175
G0 F11700 X65.318 Y108.63
G1 F2340 X68.477 Y105.471 E2315.96268
G0 F11700 X68.477 Y106.32
G1 F2340 X65.318 Y109.479 E2316.2736
G0 F11700 X65.318 Y110.327
G1 F2340 X68.477 Y107.168 E2316.58453
G0 F11700 X68.477 Y108.017
G1 F2340 X65.318 Y111.176 E2316.89545
G0 F11700 X65.318 Y112.024
G1 F2340 X68.477 Y108.865 E2317.20637
G0 F11700 X68.477 Y109.714
G1 F2340 X65.318 Y112.873 E2317.5173
G0 F11700 X65.318 Y113.721
G1 F2340 X68.477 Y110.563 E2317.82817
G0 F11700 X68.477 Y111.411
G1 F2340 X65.318 Y114.57 E2318.1391
G0 F11700 X65.347 Y115.39
G1 F2340 X68.477 Y112.26 E2318.44717
G0 F11700 X68.477 Y113.108
G1 F2340 X66.195 Y115.39 E2318.67177
G0 F11700 X67.044 Y115.39
G1 F2340 X68.477 Y113.957 E2318.81281
G0 F11700 X68.477 Y114.805
G1 F2340 X67.892 Y115.39 E2318.87039
G1 F2400 E2312.37039
G1 F1200 Z7.88
;MESH:guia de montagem rolamento Y.stl
G0 F11700 X76.788 Y115.6
;TYPE:WALL-INNER
G1 F1200 Z7.28
G1 F2400 E2319.08658
G1 F3480 X76.785 Y52.384 E2323.48622
G1 X73.208 Y52.384 E2323.73517
G1 X73.208 Y115.6 E2328.1348
G1 X76.465 Y115.6 E2328.36148
G0 F3132 X76.788 Y115.6
G1 F2400 E2321.86148
G1 F1200 Z7.88
G0 F11700 X77.152 Y51.784
G1 F1200 Z7.28
G1 F2400 E2328.57767
G1 F3480 X72.844 Y51.784 E2328.87749
G1 X72.608 Y51.638 E2328.8968
G1 X72.608 Y116.2 E2333.39011
G1 X77.388 Y116.2 E2333.72279
G1 X77.385 Y51.689 E2338.21255
G0 F3132 X77.385 Y51.64
G0 X77.152 Y51.784
G1 F2400 E2331.71255
G1 F1200 Z7.88
G0 F11700 X76.061 Y53.284
G0 X76.785 Y40.357
G1 F1200 Z7.28
G1 F2400 E2338.42874
G1 F3480 X76.784 Y37.548 E2338.62424
G1 X73.208 Y37.548 E2338.87311
G1 X73.208 Y40.356 E2339.06854
G1 X76.462 Y40.357 E2339.29501
G0 F3132 X76.785 Y40.357
G0 F11700 X77.156 Y40.956
G1 F3480 X77.385 Y41.1 E2339.31384
G1 X77.384 Y36.948 E2339.6028
G1 X72.608 Y36.948 E2339.9352
G1 X72.608 Y41.101 E2340.22423
G1 X72.84 Y40.956 E2340.24327
G1 X76.833 Y40.956 E2340.52117
G0 F3132 X77.156 Y40.956
G0 F11700 X77.515 Y41.681
;TYPE:WALL-OUTER
G1 F2100 X77.885 Y42.44 E2340.57668
G1 X77.884 Y36.448 E2340.97053
G1 X72.108 Y36.448 E2341.35019
G1 X72.108 Y42.448 E2341.74457
G1 X72.48 Y41.68 E2341.80066
G1 X72.84 Y41.456 E2341.82853
G1 X77.156 Y41.456 E2342.11223
G1 X77.226 Y41.5 E2342.11766
G0 F1890 X77.515 Y41.681
G0 F11700 X77.558 Y41.77
G1 F2400 E2335.61766
G1 F1200 Z7.88
G0 F11700 X78.076 Y43.406
G1 F1200 Z7.28
G1 F2400 E2342.33385
G1 F2916.7 X78.062 Y46.225 E2342.46726
G1 F2909.9 X78.074 Y49.03 E2342.60032
G0 F1890 X78.075 Y49.372
G1 F2400 E2336.10032
G1 F1200 Z7.88
G0 F11700 X77.512 Y51.061
G1 F1200 Z7.28
G1 F2400 E2342.81651
G1 F2100 X77.152 Y51.284 E2342.84435
G1 X72.844 Y51.284 E2343.12751
G1 X72.485 Y51.061 E2343.15529
G1 X72.108 Y50.293 E2343.21153
G1 X72.108 Y116.7 E2347.57648
G1 X77.888 Y116.7 E2347.9564
G1 X77.885 Y50.301 E2352.32083
G1 X77.662 Y50.755 E2352.35408
G0 F1890 X77.512 Y51.061
G0 F11700 X77.427 Y51.113
G1 F2400 E2345.85408
G1 F1200 Z7.88
G0 F11700 X76.061 Y53.284
G0 X71.919 Y49.372
G1 F1200 Z7.28
G1 F2400 E2352.57027
G1 F2883.3 X71.934 Y46.568 E2352.70451
G1 F2896.6 X71.92 Y43.748 E2352.8389
G0 F1890 X71.918 Y43.406
G1 F2400 E2346.3389
G1 F1200 Z7.88
G0 F11700 X76.182 Y39.877
;TYPE:FILL
G1 F1200 Z7.28
G1 F2400 E2353.05509
G1 F3900 X76.304 Y39.755 E2353.0671
G1 X76.305 Y39.877 E2353.07559
G1 X73.817 Y39.876 E2353.24874
G1 X73.688 Y39.746 E2353.26149
G1 X73.688 Y38.028 E2353.38106
G1 X76.304 Y38.028 E2353.56312
G1 X76.454 Y38.028
G1 F2400 E2347.06312
G1 F1200 Z7.88
G0 F11700 X75.884 Y38.448
G0 X76.305 Y52.864
G1 F1200 Z7.28
G1 F2400 E2353.77931
G1 F3900 X73.688 Y52.864 E2353.96145
G1 X73.688 Y55.72 E2354.16022
G1 X73.915 Y55.72 E2354.17602
G1 X76.305 Y53.331 E2354.4112
G1 X76.305 Y55.72 E2354.57747
G1 X76.085 Y55.72 E2354.59278
G1 X73.688 Y53.323 E2354.8287
G1 X73.582 Y53.217
G0 F11700 X73.608 Y53.217
G0 X73.578 Y55.83
G0 X73.418 Y56.407
;TYPE:SKIN
G1 F2340 X74.015 Y55.81 E2354.88746
G0 F11700 X74.864 Y55.81
G1 F2340 X73.418 Y57.255 E2355.02974
G0 F11700 X73.418 Y58.104
G1 F2340 X75.712 Y55.81 E2355.25552
G0 F11700 X76.561 Y55.81
G1 F2340 X73.418 Y58.952 E2355.56482
G0 F11700 X73.418 Y59.801
G1 F2340 X76.575 Y56.644 E2355.87555
G0 F11700 X76.575 Y57.493
G1 F2340 X73.418 Y60.649 E2356.18623
G0 F11700 X73.418 Y61.498
G1 F2340 X76.575 Y58.341 E2356.49696
G0 F11700 X76.575 Y59.19
G1 F2340 X73.418 Y62.346 E2356.80763
G0 F11700 X73.418 Y63.195
G1 F2340 X76.575 Y60.038 E2357.11836
G0 F11700 X76.575 Y60.887
G1 F2340 X73.418 Y64.043 E2357.42904
G0 F11700 X73.418 Y64.892
G1 F2340 X76.575 Y61.735 E2357.73977
G0 F11700 X76.575 Y62.584
G1 F2340 X73.418 Y65.74 E2358.05044
G0 F11700 X73.418 Y66.589
G1 F2340 X76.575 Y63.432 E2358.36117
G0 F11700 X76.575 Y64.281
G1 F2340 X73.418 Y67.437 E2358.67185
G0 F11700 X73.418 Y68.286
G1 F2340 X76.575 Y65.129 E2358.98258
G0 F11700 X76.575 Y65.978
G1 F2340 X73.418 Y69.135 E2359.2933
G0 F11700 X73.418 Y69.983
G1 F2340 X76.575 Y66.827 E2359.60398
G0 F11700 X76.575 Y67.675
G1 F2340 X73.418 Y70.832 E2359.91471
G0 F11700 X73.418 Y71.68
G1 F2340 X76.575 Y68.523 E2360.22543
G0 F11700 X76.575 Y69.371
G1 F2340 X73.418 Y72.529 E2360.53621
G0 F11700 X73.418 Y73.377
G1 F2340 X76.575 Y70.22 E2360.84694
G0 F11700 X76.575 Y71.068
G1 F2340 X73.418 Y74.226 E2361.15771
G0 F11700 X73.418 Y75.074
G1 F2340 X76.575 Y71.917 E2361.46844
G0 F11700 X76.575 Y72.766
G1 F2340 X73.418 Y75.923 E2361.77917
G0 F11700 X73.418 Y76.771
G1 F2340 X76.575 Y73.614 E2362.0899
G0 F11700 X76.575 Y74.463
G1 F2340 X73.418 Y77.62 E2362.40062
G0 F11700 X73.418 Y78.468
G1 F2340 X76.575 Y75.311 E2362.71135
G0 F11700 X76.575 Y76.16
G1 F2340 X73.418 Y79.317 E2363.02208
G0 F11700 X73.418 Y80.165
G1 F2340 X76.575 Y77.008 E2363.3328
G0 F11700 X76.575 Y77.857
G1 F2340 X73.418 Y81.014 E2363.64353
G0 F11700 X73.418 Y81.862
G1 F2340 X76.575 Y78.705 E2363.95426
G0 F11700 X76.575 Y79.554
G1 F2340 X73.418 Y82.711 E2364.26498
G0 F11700 X73.418 Y83.56
G1 F2340 X76.576 Y80.402 E2364.57581
G0 F11700 X76.576 Y81.25
G1 F2340 X73.418 Y84.408 E2364.88664
G0 F11700 X73.418 Y85.257
G1 F2340 X76.576 Y82.099 E2365.19746
G0 F11700 X76.576 Y82.947
G1 F2340 X73.418 Y86.105 E2365.50829
G0 F11700 X73.418 Y86.954
G1 F2340 X76.576 Y83.796 E2365.81911
G0 F11700 X76.576 Y84.644
G1 F2340 X73.418 Y87.802 E2366.12994
G0 F11700 X73.418 Y88.651
G1 F2340 X76.576 Y85.493 E2366.44076
G0 F11700 X76.576 Y86.341
G1 F2340 X73.418 Y89.499 E2366.75159
G0 F11700 X73.418 Y90.348
G1 F2340 X76.576 Y87.19 E2367.06241
G0 F11700 X76.576 Y88.038
G1 F2340 X73.418 Y91.196 E2367.37324
G0 F11700 X73.418 Y92.045
G1 F2340 X76.576 Y88.887 E2367.68406
G0 F11700 X76.576 Y89.735
G1 F2340 X73.418 Y92.893 E2367.99489
G0 F11700 X73.418 Y93.742
G1 F2340 X76.576 Y90.584 E2368.30572
G0 F11700 X76.576 Y91.432
G1 F2340 X73.418 Y94.59 E2368.61654
G0 F11700 X73.418 Y95.439
G1 F2340 X76.577 Y92.28 E2368.92746
G0 F11700 X76.577 Y93.129
G1 F2340 X73.418 Y96.287 E2369.23834
G0 F11700 X73.418 Y97.136
G1 F2340 X76.577 Y93.977 E2369.54926
G0 F11700 X76.577 Y94.826
G1 F2340 X73.418 Y97.984 E2369.86014
G0 F11700 X73.418 Y98.833
G1 F2340 X76.577 Y95.674 E2370.17106
G0 F11700 X76.577 Y96.523
G1 F2340 X73.418 Y99.682 E2370.48199
G0 F11700 X73.418 Y100.53
G1 F2340 X76.577 Y97.371 E2370.79291
G0 F11700 X76.577 Y98.22
G1 F2340 X73.418 Y101.379 E2371.10383
G0 F11700 X73.418 Y102.227
G1 F2340 X76.577 Y99.068 E2371.41476
G0 F11700 X76.577 Y99.917
G1 F2340 X73.418 Y103.076 E2371.72568
G0 F11700 X73.418 Y103.924
G1 F2340 X76.577 Y100.766 E2372.03656
G0 F11700 X76.577 Y101.614
G1 F2340 X73.418 Y104.773 E2372.34748
G0 F11700 X73.418 Y105.621
G1 F2340 X76.577 Y102.463 E2372.65835
G0 F11700 X76.577 Y103.311
G1 F2340 X73.418 Y106.47 E2372.96928
G0 F11700 X73.418 Y107.318
G1 F2340 X76.578 Y104.159 E2373.28025
G0 F11700 X76.578 Y105.007
G1 F2340 X73.418 Y108.167 E2373.59127
G0 F11700 X73.418 Y109.015
G1 F2340 X76.578 Y105.856 E2373.90225
G0 F11700 X76.578 Y106.705
G1 F2340 X73.418 Y109.864 E2374.21322
G0 F11700 X73.418 Y110.712
G1 F2340 X76.578 Y107.553 E2374.52419
G0 F11700 X76.578 Y108.402
G1 F2340 X73.418 Y111.561 E2374.83517
G0 F11700 X73.418 Y112.409
G1 F2340 X76.578 Y109.25 E2375.14614
G0 F11700 X76.578 Y110.099
G1 F2340 X73.418 Y113.258 E2375.45711
G0 F11700 X73.418 Y114.107
G1 F2340 X76.578 Y110.947 E2375.76814
G0 F11700 X76.578 Y111.796
G1 F2340 X73.418 Y114.955 E2376.07911
G0 F11700 X73.832 Y115.39
G1 F2340 X76.578 Y112.644 E2376.34938
G0 F11700 X76.578 Y113.493
G1 F2340 X74.68 Y115.39 E2376.53614
G0 F11700 X75.529 Y115.39
G1 F2340 X76.578 Y114.341 E2376.63939
G0 F11700 X76.578 Y115.19
G1 F2340 X76.377 Y115.39 E2376.65913
G1 F2400 E2370.15913
G1 F1200 Z7.88
;MESH:NONMESH
G0 F11700 X69.056 Y40.504
;TIME_ELAPSED:1062.384926
;LAYER:24
;MESH:guia de montagem rolamento Y.stl(1)
G0 Z8.19
;TYPE:WALL-INNER
G1 F1200 Z7.59
G1 F2400 E2376.87532
G1 F3480 X69.285 Y40.641 E2376.89389
G1 X69.284 Y36.948 E2377.15091
G1 X64.508 Y36.948 E2377.4833
G1 X64.508 Y40.642 E2377.74039
G1 X64.74 Y40.504 E2377.75918
G1 X68.733 Y40.504 E2378.03708
G0 F3132 X69.056 Y40.504
G1 F2400 E2371.53708
G1 F1200 Z8.19
G0 F11700 X68.384 Y38.436
G0 X69.044 Y52.236
G1 F1200 Z7.59
G1 F2400 E2378.25327
G1 F3480 X64.744 Y52.236 E2378.55254
G1 X64.508 Y52.096 E2378.57164
G1 X64.508 Y116.2 E2383.03307
G1 X69.288 Y116.2 E2383.36574
G1 X69.285 Y52.14 E2387.82412
G0 F3132 X69.285 Y52.096
G0 X69.044 Y52.236
G0 F11700 X69.391 Y51.535
;TYPE:WALL-OUTER
G1 F2100 X69.044 Y51.736 E2387.85048
G1 X64.744 Y51.736 E2388.13312
G1 X64.392 Y51.528 E2388.15999
G1 X64.008 Y50.823 E2388.21276
G1 X64.008 Y116.7 E2392.54288
G1 X69.788 Y116.7 E2392.9228
G1 X69.785 Y50.848 E2397.25127
G1 X69.561 Y51.239 E2397.28089
G0 F1890 X69.391 Y51.535
G0 F11700 X69.305 Y51.585
G1 F2400 E2390.78089
G1 F1200 Z8.19
G0 F11700 X69.975 Y50.02
G1 F1200 Z7.59
G1 F2400 E2397.49708
G1 F2857.1 X69.954 Y46.044 E2397.68917
G1 F2863.6 X69.974 Y43.062 E2397.83292
G0 F1890 X69.976 Y42.72
G1 F2400 E2391.33292
G1 F1200 Z8.19
G0 F11700 X69.408 Y41.213
G1 F1200 Z7.59
G1 F2400 E2398.04911
G1 F2100 X69.785 Y41.909 E2398.10114
G1 X69.784 Y36.448 E2398.46009
G1 X64.008 Y36.448 E2398.83975
G1 X64.009 Y41.914 E2399.19903
G1 X64.388 Y41.213 E2399.25141
G1 X64.74 Y41.004 E2399.27832
G1 X69.056 Y41.004 E2399.56201
G1 X69.114 Y41.038 E2399.56643
G0 F1890 X69.408 Y41.213
G0 F11700 X69.455 Y41.3
G1 F2400 E2393.06643
G1 F1200 Z8.19
G0 F11700 X63.818 Y42.72
G1 F1200 Z7.59
G1 F2400 E2399.78262
G1 F2857.1 X63.84 Y46.76 E2399.9778
G1 F2831.5 X63.823 Y49.678 E2400.12006
G0 F1890 X63.821 Y50.02
G1 F2400 E2393.62006
G1 F1200 Z8.19
G0 F11700 X67.473 Y54.062
;TYPE:FILL
G1 F1200 Z7.59
G1 F2400 E2400.33625
G1 F3900 X67.112 Y54.423 E2400.37178
G1 X67.112 Y55.72 E2400.46205
G1 X66.688 Y55.72 E2400.49156
G1 X66.688 Y54.423 E2400.58182
G1 X66.327 Y54.062 E2400.61735
G1 X68.805 Y54.062 E2400.78982
G1 X68.955 Y54.062
G0 F11700 X69.074 Y52.952
;TYPE:SKIN
G1 F2340 X68.568 Y52.446 E2400.83962
G0 F11700 X67.72 Y52.446
G1 F2340 X69.074 Y53.801 E2400.97293
G0 F11700 X68.397 Y53.972
G1 F2340 X66.871 Y52.446 E2401.12313
G0 F11700 X66.023 Y52.446
G1 F2340 X67.548 Y53.972 E2401.27328
G0 F11700 X66.7 Y53.972
G1 F2340 X65.174 Y52.446 E2401.42347
G0 F11700 X64.718 Y52.839
G1 F2340 X65.851 Y53.972 E2401.53499
G0 F11700 X65.003 Y53.972
G1 F2340 X64.718 Y53.687 E2401.56304
G0 F11700 X64.878 Y53.952
G0 X68.538 Y55.8
G0 X68.538 Y55.81
G1 F2340 X69.076 Y56.348 E2401.61599
G0 F11700 X69.076 Y57.196
G1 F2340 X67.689 Y55.81 E2401.75246
G0 F11700 X66.841 Y55.81
G1 F2340 X69.076 Y58.045 E2401.97244
G0 F11700 X69.076 Y58.894
G1 F2340 X65.992 Y55.81 E2402.27598
G0 F11700 X65.144 Y55.81
G1 F2340 X69.076 Y59.742 E2402.66299
G0 F11700 X69.076 Y60.591
G1 F2340 X64.718 Y56.233 E2403.09192
G0 F11700 X64.718 Y57.081
G1 F2340 X69.076 Y61.439 E2403.52086
G0 F11700 X69.076 Y62.288
G1 F2340 X64.718 Y57.93 E2403.94979
G0 F11700 X64.718 Y58.778
G1 F2340 X69.076 Y63.136 E2404.37873
G0 F11700 X69.076 Y63.985
G1 F2340 X64.718 Y59.627 E2404.80766
G0 F11700 X64.718 Y60.475
G1 F2340 X69.076 Y64.833 E2405.2366
G0 F11700 X69.076 Y65.682
G1 F2340 X64.718 Y61.324 E2405.66553
G0 F11700 X64.718 Y62.172
G1 F2340 X69.076 Y66.53 E2406.09447
G0 F11700 X69.076 Y67.379
G1 F2340 X64.718 Y63.021 E2406.5234
G0 F11700 X64.718 Y63.869
G1 F2340 X69.076 Y68.227 E2406.95234
G0 F11700 X69.076 Y69.076
G1 F2340 X64.718 Y64.718 E2407.38127
G0 F11700 X64.718 Y65.566
G1 F2340 X69.076 Y69.924 E2407.81021
G0 F11700 X69.076 Y70.773
G1 F2340 X64.718 Y66.415 E2408.23914
G0 F11700 X64.718 Y67.264
G1 F2340 X69.077 Y71.622 E2408.66813
G0 F11700 X69.077 Y72.471
G1 F2340 X64.718 Y68.112 E2409.09716
G0 F11700 X64.718 Y68.961
G1 F2340 X69.077 Y73.319 E2409.52615
G0 F11700 X69.077 Y74.168
G1 F2340 X64.718 Y69.809 E2409.95518
G0 F11700 X64.718 Y70.658
G1 F2340 X69.077 Y75.016 E2410.38416
G0 F11700 X69.077 Y75.865
G1 F2340 X64.718 Y71.506 E2410.8132
G0 F11700 X64.718 Y72.355
G1 F2340 X69.077 Y76.713 E2411.24218
G0 F11700 X69.077 Y77.562
G1 F2340 X64.718 Y73.203 E2411.67122
G0 F11700 X64.718 Y74.052
G1 F2340 X69.077 Y78.41 E2412.1002
G0 F11700 X69.077 Y79.259
G1 F2340 X64.718 Y74.9 E2412.52923
G0 F11700 X64.718 Y75.749
G1 F2340 X69.077 Y80.107 E2412.95822
G0 F11700 X69.077 Y80.956
G1 F2340 X64.718 Y76.597 E2413.38725
G0 F11700 X64.718 Y77.446
G1 F2340 X69.077 Y81.804 E2413.81624
G0 F11700 X69.077 Y82.653
G1 F2340 X64.718 Y78.294 E2414.24527
G0 F11700 X64.718 Y79.143
G1 F2340 X69.077 Y83.502 E2414.6743
G0 F11700 X69.077 Y84.35
G1 F2340 X64.718 Y79.991 E2415.10334
G0 F11700 X64.718 Y80.84
G1 F2340 X69.077 Y85.199 E2415.53237
G0 F11700 X69.077 Y86.048
G1 F2340 X64.718 Y81.689 E2415.96141
G0 F11700 X64.718 Y82.537
G1 F2340 X69.077 Y86.896 E2416.39044
G0 F11700 X69.077 Y87.745
G1 F2340 X64.718 Y83.386 E2416.81947
G0 F11700 X64.718 Y84.234
G1 F2340 X69.077 Y88.593 E2417.24851
G0 F11700 X69.077 Y89.442
G1 F2340 X64.718 Y85.083 E2417.67754
G0 F11700 X64.718 Y85.931
G1 F2340 X69.077 Y90.29 E2418.10657
G0 F11700 X69.077 Y91.139
G1 F2340 X64.718 Y86.78 E2418.53561
G0 F11700 X64.718 Y87.628
G1 F2340 X69.077 Y91.988 E2418.96469
G0 F11700 X69.077 Y92.836
G1 F2340 X64.718 Y88.477 E2419.39372
G0 F11700 X64.718 Y89.325
G1 F2340 X69.077 Y93.685 E2419.82281
G0 F11700 X69.077 Y94.533
G1 F2340 X64.718 Y90.174 E2420.25184
G0 F11700 X64.718 Y91.022
G1 F2340 X69.077 Y95.382 E2420.68092
G0 F11700 X69.077 Y96.23
G1 F2340 X64.718 Y91.871 E2421.10996
G0 F11700 X64.718 Y92.719
G1 F2340 X69.077 Y97.079 E2421.53904
G0 F11700 X69.077 Y97.927
G1 F2340 X64.718 Y93.568 E2421.96807
G0 F11700 X64.718 Y94.416
G1 F2340 X69.077 Y98.776 E2422.39716
G0 F11700 X69.077 Y99.624
G1 F2340 X64.718 Y95.265 E2422.82619
G0 F11700 X64.718 Y96.113
G1 F2340 X69.077 Y100.473 E2423.25527
G0 F11700 X69.078 Y101.322
G1 F2340 X64.718 Y96.962 E2423.6844
G0 F11700 X64.718 Y97.811
G1 F2340 X69.078 Y102.171 E2424.11354
G0 F11700 X69.078 Y103.019
G1 F2340 X64.718 Y98.659 E2424.54267
G0 F11700 X64.718 Y99.508
G1 F2340 X69.078 Y103.868 E2424.9718
G0 F11700 X69.078 Y104.716
G1 F2340 X64.718 Y100.356 E2425.40093
G0 F11700 X64.718 Y101.205
G1 F2340 X69.078 Y105.565 E2425.83006
G0 F11700 X69.078 Y106.413
G1 F2340 X64.718 Y102.053 E2426.2592
G0 F11700 X64.718 Y102.902
G1 F2340 X69.078 Y107.262 E2426.68833
G0 F11700 X69.078 Y108.11
G1 F2340 X64.718 Y103.75 E2427.11746
G0 F11700 X64.718 Y104.599
G1 F2340 X69.078 Y108.959 E2427.54659
G0 F11700 X69.078 Y109.807
G1 F2340 X64.718 Y105.447 E2427.97573
G0 F11700 X64.718 Y106.296
G1 F2340 X69.078 Y110.656 E2428.40486
G0 F11700 X69.078 Y111.504
G1 F2340 X64.718 Y107.144 E2428.83399
G0 F11700 X64.718 Y107.993
G1 F2340 X69.078 Y112.353 E2429.26312
G0 F11700 X69.078 Y113.201
G1 F2340 X64.718 Y108.841 E2429.69225
G0 F11700 X64.718 Y109.69
G1 F2340 X69.078 Y114.05 E2430.12139
G0 F11700 X69.078 Y114.898
G1 F2340 X64.718 Y110.538 E2430.55052
G0 F11700 X64.718 Y111.387
G1 F2340 X69.078 Y115.747 E2430.97965
G0 F11700 X68.473 Y115.99
G1 F2340 X64.718 Y112.236 E2431.34919
G0 F11700 X64.718 Y113.084
G1 F2340 X67.624 Y115.99 E2431.63521
G0 F11700 X66.776 Y115.99
G1 F2340 X64.718 Y113.933 E2431.83772
G0 F11700 X64.718 Y114.781
G1 F2340 X65.927 Y115.99 E2431.95671
G0 F11700 X65.079 Y115.99
G1 F2340 X64.718 Y115.63 E2431.99219
G1 F2400 E2425.49219
G1 F1200 Z8.19
G0 F11700 X64.718 Y40.111
G1 F1200 Z7.59
G1 F2400 E2432.20839
G1 F2340 X64.902 Y40.294 E2432.22645
G0 F11700 X65.75 Y40.294
G1 F2340 X64.718 Y39.262 E2432.32802
G0 F11700 X65.076 Y38.771
G1 F2340 X66.599 Y40.294 E2432.47792
G0 F11700 X67.447 Y40.294
G1 F2340 X65.924 Y38.771 E2432.62782
G0 F11700 X66.773 Y38.771
G1 F2340 X68.296 Y40.294 E2432.77772
G0 F11700 X69.075 Y40.225
G1 F2340 X67.621 Y38.771 E2432.92083
G0 F11700 X68.47 Y38.771
G1 F2340 X69.075 Y39.377 E2432.98043
G0 F11700 X68.384 Y38.436
G1 F2400 E2426.48043
G1 F1200 Z8.19
;MESH:guia de montagem rolamento Y.stl
G0 F11700 X68.384 Y38.261
G0 X77.156 Y40.504
;TYPE:WALL-INNER
G1 F1200 Z7.59
G1 F2400 E2433.19662
G1 F3480 X77.385 Y40.641 E2433.21519
G1 X77.384 Y36.948 E2433.47221
G1 X72.608 Y36.948 E2433.80461
G1 X72.608 Y40.642 E2434.0617
G1 X72.84 Y40.504 E2434.08049
G1 X76.833 Y40.504 E2434.35839
G0 F3132 X77.156 Y40.504
G1 F2400 E2427.85839
G1 F1200 Z8.19
G0 F11700 X76.484 Y38.436
G0 X77.144 Y52.236
G1 F1200 Z7.59
G1 F2400 E2434.57458
G1 F3480 X72.844 Y52.236 E2434.87384
G1 X72.608 Y52.096 E2434.89294
G1 X72.608 Y116.2 E2439.35438
G1 X77.388 Y116.2 E2439.68705
G1 X77.385 Y52.14 E2444.14542
G0 F3132 X77.385 Y52.096
G0 X77.144 Y52.236
G0 F11700 X77.491 Y51.535
;TYPE:WALL-OUTER
G1 F2100 X77.144 Y51.736 E2444.17178
G1 X72.844 Y51.736 E2444.45442
G1 X72.492 Y51.528 E2444.4813
G1 X72.108 Y50.823 E2444.53406
G1 X72.108 Y116.7 E2448.86418
G1 X77.888 Y116.7 E2449.2441
G1 X77.885 Y50.848 E2453.57258
G1 X77.661 Y51.239 E2453.6022
G0 F1890 X77.491 Y51.535
G0 F11700 X77.405 Y51.585
G1 F2400 E2447.1022
G1 F1200 Z8.19
G0 F11700 X78.075 Y50.02
G1 F1200 Z7.59
G1 F2400 E2453.81839
G1 F2857.1 X78.054 Y46.044 E2454.01048
G1 F2863.6 X78.074 Y43.062 E2454.15422
G0 F1890 X78.076 Y42.72
G1 F2400 E2447.65422
G1 F1200 Z8.19
G0 F11700 X77.508 Y41.213
G1 F1200 Z7.59
G1 F2400 E2454.37041
G1 F2100 X77.885 Y41.909 E2454.42244
G1 X77.884 Y36.448 E2454.78139
G1 X72.108 Y36.448 E2455.16105
G1 X72.109 Y41.914 E2455.52033
G1 X72.488 Y41.213 E2455.57271
G1 X72.84 Y41.004 E2455.59962
G1 X77.156 Y41.004 E2455.88331
G1 X77.214 Y41.038 E2455.88773
G0 F1890 X77.508 Y41.213
G0 F11700 X77.555 Y41.3
G1 F2400 E2449.38773
G1 F1200 Z8.19
G0 F11700 X71.918 Y42.72
G1 F1200 Z7.59
G1 F2400 E2456.10392
G1 F2857.1 X71.94 Y46.76 E2456.29911
G1 F2831.5 X71.923 Y49.678 E2456.44136
G0 F1890 X71.921 Y50.02
G1 F2400 E2449.94136
G1 F1200 Z8.19
G0 F11700 X75.573 Y54.063
;TYPE:FILL
G1 F1200 Z7.59
G1 F2400 E2456.65755
G1 F3900 X75.211 Y54.425 E2456.69318
G1 X75.211 Y55.72 E2456.78331
G1 X74.789 Y55.72 E2456.81268
G1 X74.789 Y54.425 E2456.90281
G1 X74.427 Y54.063 E2456.93844
G1 X76.905 Y54.062 E2457.1109
G1 X77.055 Y54.062
G1 F2400 E2450.6109
G1 F1200 Z8.19
G0 F11700 X76.485 Y54.482
G0 X77.053 Y52.446
;TYPE:SKIN
G1 F1200 Z7.59
G1 F2400 E2457.32709
G1 F2340 X77.175 Y52.568 E2457.3391
G0 F11700 X77.175 Y53.416
G1 F2340 X76.205 Y52.446 E2457.43457
G0 F11700 X75.356 Y52.446
G1 F2340 X76.882 Y53.972 E2457.58477
G0 F11700 X76.034 Y53.972
G1 F2340 X74.508 Y52.446 E2457.73496
G0 F11700 X73.659 Y52.446
G1 F2340 X75.185 Y53.972 E2457.88516
G0 F11700 X74.337 Y53.972
G1 F2340 X72.818 Y52.453 E2458.03467
G0 F11700 X72.818 Y53.302
G1 F2340 X73.488 Y53.972 E2458.10061
G0 F11700 X73.488 Y53.982
G0 X76.985 Y55.81
G0 X77.024 Y55.811
G1 F2340 X77.176 Y55.963 E2458.11557
G0 F11700 X77.176 Y56.811
G1 F2340 X76.175 Y55.811 E2458.21404
G0 F11700 X75.327 Y55.811
G1 F2340 X77.176 Y57.66 E2458.39603
G0 F11700 X77.176 Y58.508
G1 F2340 X74.478 Y55.811 E2458.66153
G0 F11700 X73.63 Y55.811
G1 F2340 X77.176 Y59.357 E2459.01055
G0 F11700 X77.176 Y60.205
G1 F2340 X72.818 Y55.847 E2459.43948
G0 F11700 X72.818 Y56.696
G1 F2340 X77.176 Y61.054 E2459.86842
G0 F11700 X77.176 Y61.902
G1 F2340 X72.818 Y57.544 E2460.29735
G0 F11700 X72.818 Y58.393
G1 F2340 X77.176 Y62.751 E2460.72629
G0 F11700 X77.176 Y63.599
G1 F2340 X72.818 Y59.241 E2461.15522
G0 F11700 X72.818 Y60.09
G1 F2340 X77.176 Y64.448 E2461.58416
G0 F11700 X77.176 Y65.296
G1 F2340 X72.818 Y60.938 E2462.01309
G0 F11700 X72.818 Y61.787
G1 F2340 X77.176 Y66.145 E2462.44203
G0 F11700 X77.176 Y66.993
G1 F2340 X72.818 Y62.636 E2462.87091
G0 F11700 X72.818 Y63.484
G1 F2340 X77.176 Y67.842 E2463.29985
G0 F11700 X77.176 Y68.69
G1 F2340 X72.818 Y64.333 E2463.72874
G0 F11700 X72.818 Y65.181
G1 F2340 X77.176 Y69.539 E2464.15767
G0 F11700 X77.176 Y70.388
G1 F2340 X72.818 Y66.03 E2464.58661
G0 F11700 X72.818 Y66.878
G1 F2340 X77.176 Y71.237 E2465.01559
G0 F11700 X77.176 Y72.085
G1 F2340 X72.818 Y67.727 E2465.44453
G0 F11700 X72.818 Y68.575
G1 F2340 X77.176 Y72.934 E2465.87351
G0 F11700 X77.176 Y73.782
G1 F2340 X72.818 Y69.424 E2466.30245
G0 F11700 X72.818 Y70.272
G1 F2340 X77.176 Y74.631 E2466.73143
G0 F11700 X77.176 Y75.479
G1 F2340 X72.818 Y71.121 E2467.16037
G0 F11700 X72.818 Y71.969
G1 F2340 X77.176 Y76.328 E2467.58935
G0 F11700 X77.176 Y77.176
G1 F2340 X72.818 Y72.818 E2468.01828
G0 F11700 X72.818 Y73.666
G1 F2340 X77.176 Y78.025 E2468.44727
G0 F11700 X77.176 Y78.874
G1 F2340 X72.818 Y74.515 E2468.87625
G0 F11700 X72.818 Y75.363
G1 F2340 X77.176 Y79.722 E2469.30524
G0 F11700 X77.176 Y80.571
G1 F2340 X72.818 Y76.212 E2469.73422
G0 F11700 X72.818 Y77.06
G1 F2340 X77.176 Y81.419 E2470.16321
G0 F11700 X77.176 Y82.268
G1 F2340 X72.818 Y77.909 E2470.59219
G0 F11700 X72.818 Y78.758
G1 F2340 X77.176 Y83.116 E2471.02113
G0 F11700 X77.176 Y83.965
G1 F2340 X72.818 Y79.606 E2471.45011
G0 F11700 X72.818 Y80.455
G1 F2340 X77.176 Y84.813 E2471.87905
G0 F11700 X77.176 Y85.662
G1 F2340 X72.818 Y81.303 E2472.30803
G0 F11700 X72.818 Y82.152
G1 F2340 X77.177 Y86.511 E2472.73706
G0 F11700 X77.177 Y87.36
G1 F2340 X72.818 Y83 E2473.16615
G0 F11700 X72.818 Y83.849
G1 F2340 X77.177 Y88.208 E2473.59518
G0 F11700 X77.177 Y89.057
G1 F2340 X72.818 Y84.697 E2474.02426
G0 F11700 X72.818 Y85.546
G1 F2340 X77.177 Y89.905 E2474.4533
G0 F11700 X77.177 Y90.754
G1 F2340 X72.818 Y86.394 E2474.88238
G0 F11700 X72.818 Y87.243
G1 F2340 X77.177 Y91.602 E2475.31141
G0 F11700 X77.177 Y92.451
G1 F2340 X72.818 Y88.091 E2475.7405
G0 F11700 X72.818 Y88.94
G1 F2340 X77.177 Y93.299 E2476.16953
G0 F11700 X77.177 Y94.148
G1 F2340 X72.818 Y89.788 E2476.59861
G0 F11700 X72.818 Y90.637
G1 F2340 X77.177 Y94.996 E2477.02765
G0 F11700 X77.177 Y95.845
G1 F2340 X72.818 Y91.485 E2477.45673
G0 F11700 X72.818 Y92.334
G1 F2340 X77.177 Y96.693 E2477.88576
G0 F11700 X77.177 Y97.542
G1 F2340 X72.818 Y93.183 E2478.3148
G0 F11700 X72.818 Y94.031
G1 F2340 X77.177 Y98.39 E2478.74383
G0 F11700 X77.177 Y99.239
G1 F2340 X72.818 Y94.88 E2479.17286
G0 F11700 X72.818 Y95.728
G1 F2340 X77.177 Y100.087 E2479.6019
G0 F11700 X77.177 Y100.936
G1 F2340 X72.818 Y96.577 E2480.03093
G0 F11700 X72.818 Y97.425
G1 F2340 X77.178 Y101.785 E2480.46006
G0 F11700 X77.178 Y102.634
G1 F2340 X72.818 Y98.274 E2480.8892
G0 F11700 X72.818 Y99.122
G1 F2340 X77.178 Y103.482 E2481.31833
G0 F11700 X77.178 Y104.331
G1 F2340 X72.818 Y99.971 E2481.74746
G0 F11700 X72.818 Y100.819
G1 F2340 X77.178 Y105.179 E2482.17659
G0 F11700 X77.178 Y106.028
G1 F2340 X72.818 Y101.668 E2482.60572
G0 F11700 X72.818 Y102.516
G1 F2340 X77.178 Y106.876 E2483.03486
G0 F11700 X77.178 Y107.725
G1 F2340 X72.818 Y103.365 E2483.46399
G0 F11700 X72.818 Y104.213
G1 F2340 X77.178 Y108.573 E2483.89312
G0 F11700 X77.178 Y109.422
G1 F2340 X72.818 Y105.062 E2484.32225
G0 F11700 X72.818 Y105.91
G1 F2340 X77.178 Y110.27 E2484.75138
G0 F11700 X77.178 Y111.119
G1 F2340 X72.818 Y106.759 E2485.18052
G0 F11700 X72.818 Y107.608
G1 F2340 X77.178 Y111.968 E2485.60965
G0 F11700 X77.178 Y112.816
G1 F2340 X72.818 Y108.456 E2486.03878
G0 F11700 X72.818 Y109.305
G1 F2340 X77.178 Y113.665 E2486.46791
G0 F11700 X77.178 Y114.513
G1 F2340 X72.818 Y110.153 E2486.89704
G0 F11700 X72.818 Y111.002
G1 F2340 X77.178 Y115.362 E2487.32618
G0 F11700 X76.957 Y115.99
G1 F2340 X72.818 Y111.85 E2487.73361
G0 F11700 X72.818 Y112.699
G1 F2340 X76.109 Y115.99 E2488.05752
G0 F11700 X75.26 Y115.99
G1 F2340 X72.818 Y113.547 E2488.29792
G0 F11700 X72.818 Y114.396
G1 F2340 X74.412 Y115.99 E2488.45481
G0 F11700 X73.563 Y115.99
G1 F2340 X72.818 Y115.244 E2488.52819
G1 F2400 E2482.02819
G1 F1200 Z8.19
G0 F11700 X73.386 Y40.294
G1 F1200 Z7.59
G1 F2400 E2488.74438
G1 F2340 X72.818 Y39.725 E2488.80033
G0 F11700 X72.818 Y38.877
G1 F2340 X74.235 Y40.294 E2488.9398
G0 F11700 X75.084 Y40.294
G1 F2340 X73.56 Y38.771 E2489.08975
G0 F11700 X74.409 Y38.771
G1 F2340 X75.933 Y40.294 E2489.2397
G0 F11700 X76.781 Y40.294
G1 F2340 X75.257 Y38.771 E2489.38965
G0 F11700 X76.106 Y38.771
G1 F2340 X77.175 Y39.84 E2489.49487
G0 F11700 X77.175 Y38.991
G1 F2340 X76.954 Y38.771 E2489.51657
G0 F11700 X76.484 Y38.26
G1 F2400 E2483.01657
G1 F1200 Z8.19
;MESH:NONMESH
G0 F11700 X68.688 Y39.512
;TIME_ELAPSED:1118.629452
;LAYER:25
;MESH:guia de montagem rolamento Y.stl(1)
G0 Z8.5
;TYPE:WALL-INNER
G1 F1200 Z7.9
G1 F2400 E2489.73276
G1 F3480 X68.688 Y37.548 E2489.86945
G1 X65.108 Y37.548 E2490.11861
G1 X65.108 Y39.512 E2490.2553
G1 X68.365 Y39.512 E2490.48197
G0 F3132 X68.688 Y39.512
G0 F11700 X69.044 Y40.112
G1 F3480 X69.288 Y40.248 E2490.50141
G1 X69.288 Y36.948 E2490.73108
G1 X64.508 Y36.948 E2491.06376
G1 X64.508 Y40.25 E2491.29356
G1 X64.756 Y40.112 E2491.31332
G1 X68.721 Y40.112 E2491.58927
G0 F3132 X69.044 Y40.112
G1 F2400 E2485.08927
G1 F1200 Z8.5
G0 F11700 X67.788 Y38.788
G0 X68.688 Y115.6
G1 F1200 Z7.9
G1 F2400 E2491.80546
G1 F3480 X68.688 Y53.228 E2496.14635
G1 X65.108 Y53.228 E2496.39551
G1 X65.108 Y115.6 E2500.7364
G1 X68.365 Y115.6 E2500.96308
G0 F3132 X68.688 Y115.6
G1 F2400 E2494.46308
G1 F1200 Z8.5
G0 F11700 X69.044 Y52.628
G1 F1200 Z7.9
G1 F2400 E2501.17927
G1 F3480 X64.752 Y52.628 E2501.47798
G1 X64.508 Y52.493 E2501.49739
G1 X64.508 Y116.2 E2505.93119
G1 X69.288 Y116.2 E2506.26387
G1 X69.288 Y52.539 E2510.69447
G0 F3132 X69.288 Y52.494
G0 X69.044 Y52.628
G0 F11700 X69.384 Y51.941
;TYPE:WALL-OUTER
G1 F2100 X69.044 Y52.128 E2510.71998
G1 X64.752 Y52.128 E2511.00209
G1 X64.413 Y51.941 E2511.02754
G1 X64.008 Y51.28 E2511.07849
G1 X64.008 Y116.7 E2515.37857
G1 X69.788 Y116.7 E2515.75849
G1 X69.788 Y51.283 E2520.05838
G1 X69.563 Y51.65 E2520.08667
G0 F1890 X69.384 Y51.941
G0 F11700 X69.297 Y51.989
G1 F2400 E2513.58667
G1 F1200 Z8.5
G0 F11700 X67.964 Y54.128
G0 X69.977 Y50.548
G1 F1200 Z7.9
G1 F2400 E2520.30286
G1 F2844.2 X69.956 Y48.297 E2520.41211
G1 F2669.5 X69.948 Y46.108 E2520.5253
G1 F2692.3 X69.96 Y43.884 E2520.63932
G1 F2876.7 X69.974 Y42.542 E2520.70372
G0 F1890 X69.978 Y42.2
G1 F2400 E2514.20372
G1 F1200 Z8.5
G0 F11700 X69.386 Y40.803
G1 F1200 Z7.9
G1 F2400 E2520.91991
G1 F2100 X69.788 Y41.462 E2520.97065
G1 X69.788 Y36.448 E2521.30022
G1 X64.008 Y36.448 E2521.68015
G1 X64.008 Y41.465 E2522.00991
G1 X64.415 Y40.802 E2522.06105
G1 X64.756 Y40.612 E2522.08671
G1 X69.044 Y40.612 E2522.36856
G1 X69.088 Y40.637 E2522.37189
G0 F1890 X69.386 Y40.803
G0 F11700 X69.438 Y40.888
G1 F2400 E2515.87189
G1 F1200 Z8.5
G0 F11700 X67.788 Y38.788
G0 X63.818 Y42.2
G1 F1200 Z7.9
G1 F2400 E2522.58808
G1 F2831.5 X63.842 Y44.507 E2522.70055
G1 F2663.8 X63.846 Y47.155 E2522.83776
G1 F2787.6 X63.824 Y50.206 E2522.98884
G0 F1890 X63.821 Y50.548
G1 F2400 E2516.48884
G1 F1200 Z8.5
G0 F11700 X65.974 Y53.708
;TYPE:FILL
G1 F1200 Z7.9
G1 F2400 E2523.20503
G1 F3900 X68.208 Y53.708 E2523.36051
G1 X67.826 Y53.708 E2523.3871
G1 X67.112 Y54.422 E2523.45737
G1 X67.112 Y55.72 E2523.54771
G1 X66.688 Y55.72 E2523.57722
G1 X66.688 Y54.422 E2523.66756
G1 X65.974 Y53.708 E2523.73783
G1 F2400 E2517.23783
G1 F1200 Z8.5
G0 F11700 X66.008 Y54.128
G0 X66.027 Y57.01
;TYPE:SKIN
G1 F1200 Z7.9
G1 F2400 E2523.95402
G1 X65.318 Y57.718 E2524.0315
G0 F11700 X65.318 Y58.567
G1 F2400 X66.875 Y57.01 E2524.20178
G0 F11700 X67.724 Y57.01
G1 F2400 X65.318 Y59.415 E2524.46485
G0 F11700 X65.318 Y60.264
G1 F2400 X68.478 Y57.105 E2524.81037
G0 F11700 X68.478 Y57.953
G1 F2400 X65.318 Y61.112 E2525.1559
G0 F11700 X65.318 Y61.961
G1 F2400 X68.478 Y58.802 E2525.50142
G0 F11700 X68.478 Y59.65
G1 F2400 X65.318 Y62.809 E2525.84695
G0 F11700 X65.318 Y63.658
G1 F2400 X68.478 Y60.499 E2526.19248
G0 F11700 X68.478 Y61.347
G1 F2400 X65.318 Y64.507 E2526.53806
G0 F11700 X65.318 Y65.355
G1 F2400 X68.478 Y62.196 E2526.88358
G0 F11700 X68.478 Y63.044
G1 F2400 X65.318 Y66.204 E2527.22916
G0 F11700 X65.318 Y67.052
G1 F2400 X68.478 Y63.893 E2527.57469
G0 F11700 X68.478 Y64.741
G1 F2400 X65.318 Y67.901 E2527.92027
G0 F11700 X65.318 Y68.749
G1 F2400 X68.478 Y65.59 E2528.26579
G0 F11700 X68.478 Y66.438
G1 F2400 X65.318 Y69.598 E2528.61137
G0 F11700 X65.318 Y70.446
G1 F2400 X68.478 Y67.287 E2528.9569
G0 F11700 X68.478 Y68.135
G1 F2400 X65.318 Y71.295 E2529.30248
G0 F11700 X65.318 Y72.143
G1 F2400 X68.478 Y68.984 E2529.64801
G0 F11700 X68.478 Y69.832
G1 F2400 X65.318 Y72.992 E2529.99359
G0 F11700 X65.318 Y73.84
G1 F2400 X68.478 Y70.681 E2530.33911
G0 F11700 X68.478 Y71.53
G1 F2400 X65.318 Y74.689 E2530.68464
G0 F11700 X65.318 Y75.537
G1 F2400 X68.478 Y72.378 E2531.03016
G0 F11700 X68.478 Y73.227
G1 F2400 X65.318 Y76.386 E2531.37569
G0 F11700 X65.318 Y77.234
G1 F2400 X68.478 Y74.075 E2531.72121
G0 F11700 X68.478 Y74.924
G1 F2400 X65.318 Y78.083 E2532.06674
G0 F11700 X65.318 Y78.932
G1 F2400 X68.478 Y75.772 E2532.41232
G0 F11700 X68.478 Y76.621
G1 F2400 X65.318 Y79.78 E2532.75785
G0 F11700 X65.318 Y80.629
G1 F2400 X68.478 Y77.469 E2533.10343
G0 F11700 X68.478 Y78.318
G1 F2400 X65.318 Y81.477 E2533.44895
G0 F11700 X65.318 Y82.326
G1 F2400 X68.478 Y79.166 E2533.79453
G0 F11700 X68.478 Y80.015
G1 F2400 X65.318 Y83.174 E2534.14006
G0 F11700 X65.318 Y84.023
G1 F2400 X68.478 Y80.863 E2534.48564
G0 F11700 X68.478 Y81.712
G1 F2400 X65.318 Y84.871 E2534.83116
G0 F11700 X65.318 Y85.72
G1 F2400 X68.478 Y82.56 E2535.17674
G0 F11700 X68.478 Y83.409
G1 F2400 X65.318 Y86.568 E2535.52227
G0 F11700 X65.318 Y87.417
G1 F2400 X68.478 Y84.257 E2535.86785
G0 F11700 X68.478 Y85.106
G1 F2400 X65.318 Y88.265 E2536.21338
G0 F11700 X65.318 Y89.114
G1 F2400 X68.478 Y85.954 E2536.55896
G0 F11700 X68.478 Y86.803
G1 F2400 X65.318 Y89.962 E2536.90448
G0 F11700 X65.318 Y90.811
G1 F2400 X68.478 Y87.652 E2537.25001
G0 F11700 X68.478 Y88.5
G1 F2400 X65.318 Y91.659 E2537.59553
G0 F11700 X65.318 Y92.508
G1 F2400 X68.478 Y89.349 E2537.94106
G0 F11700 X68.478 Y90.197
G1 F2400 X65.318 Y93.356 E2538.28658
G0 F11700 X65.318 Y94.205
G1 F2400 X68.478 Y91.046 E2538.63211
G0 F11700 X68.478 Y91.894
G1 F2400 X65.318 Y95.054 E2538.97769
G0 F11700 X65.318 Y95.902
G1 F2400 X68.478 Y92.743 E2539.32322
G0 F11700 X68.478 Y93.591
G1 F2400 X65.318 Y96.751 E2539.6688
G0 F11700 X65.318 Y97.599
G1 F2400 X68.478 Y94.44 E2540.01432
G0 F11700 X68.478 Y95.288
G1 F2400 X65.318 Y98.448 E2540.3599
G0 F11700 X65.318 Y99.296
G1 F2400 X68.478 Y96.137 E2540.70543
G0 F11700 X68.478 Y96.985
G1 F2400 X65.318 Y100.145 E2541.05101
G0 F11700 X65.318 Y100.993
G1 F2400 X68.478 Y97.834 E2541.39653
G0 F11700 X68.478 Y98.682
G1 F2400 X65.318 Y101.842 E2541.74211
G0 F11700 X65.318 Y102.69
G1 F2400 X68.478 Y99.531 E2542.08764
G0 F11700 X68.478 Y100.379
G1 F2400 X65.318 Y103.539 E2542.43322
G0 F11700 X65.318 Y104.387
G1 F2400 X68.478 Y101.228 E2542.77875
G0 F11700 X68.478 Y102.077
G1 F2400 X65.318 Y105.236 E2543.12427
G0 F11700 X65.318 Y106.084
G1 F2400 X68.478 Y102.925 E2543.4698
G0 F11700 X68.478 Y103.774
G1 F2400 X65.318 Y106.933 E2543.81532
G0 F11700 X65.318 Y107.781
G1 F2400 X68.478 Y104.622 E2544.16085
G0 F11700 X68.478 Y105.471
G1 F2400 X65.318 Y108.63 E2544.50637
G0 F11700 X65.318 Y109.479
G1 F2400 X68.478 Y106.319 E2544.85196
G0 F11700 X68.478 Y107.168
G1 F2400 X65.318 Y110.327 E2545.19748
G0 F11700 X65.318 Y111.176
G1 F2400 X68.478 Y108.016 E2545.54306
G0 F11700 X68.478 Y108.865
G1 F2400 X65.318 Y112.024 E2545.88859
G0 F11700 X65.318 Y112.873
G1 F2400 X68.478 Y109.713 E2546.23417
G0 F11700 X68.478 Y110.562
G1 F2400 X65.318 Y113.721 E2546.57969
G0 F11700 X65.318 Y114.57
G1 F2400 X68.478 Y111.41 E2546.92527
G0 F11700 X68.478 Y112.259
G1 F2400 X65.347 Y115.39 E2547.26768
G0 F11700 X66.195 Y115.39
G1 F2400 X68.478 Y113.107 E2547.51735
G0 F11700 X68.478 Y113.956
G1 F2400 X67.044 Y115.39 E2547.67418
G0 F11700 X67.892 Y115.39
G1 F2400 X68.478 Y114.804 E2547.73826
G1 F2400 E2541.23826
G1 F1200 Z8.5
G0 F11700 X68.392 Y57.19
G1 F1200 Z7.9
G1 F2400 E2547.95445
G1 F2340 X68.478 Y57.104 E2547.96292
G0 F11700 X67.634 Y57.1
G1 F2340 X68.478 Y56.255 E2548.04604
G0 F11700 X68.075 Y55.81
G1 F2340 X66.786 Y57.1 E2548.17296
G0 F11700 X65.937 Y57.1
G1 F2340 X67.227 Y55.81 E2548.29992
G0 F11700 X66.378 Y55.81
G1 F2340 X65.318 Y56.87 E2548.40425
G0 F11700 X65.318 Y56.022
G1 F2340 X65.53 Y55.81 E2548.42512
G0 F11700 X66.008 Y55.3
G1 F2400 E2541.92512
G1 F1200 Z8.5
;MESH:guia de montagem rolamento Y.stl
G0 F11700 X76.788 Y39.512
;TYPE:WALL-INNER
G1 F1200 Z7.9
G1 F2400 E2548.64131
G1 F3480 X76.788 Y37.548 E2548.778
G1 X73.208 Y37.548 E2549.02716
G1 X73.208 Y39.512 E2549.16384
G1 X76.465 Y39.512 E2549.39052
G0 F3132 X76.788 Y39.512
G0 F11700 X77.144 Y40.112
G1 F3480 X77.388 Y40.248 E2549.40996
G1 X77.388 Y36.948 E2549.63963
G1 X72.608 Y36.948 E2549.9723
G1 X72.608 Y40.25 E2550.20211
G1 X72.856 Y40.112 E2550.22187
G1 X76.821 Y40.112 E2550.49782
G0 F3132 X77.144 Y40.112
G1 F2400 E2543.99782
G1 F1200 Z8.5
G0 F11700 X75.888 Y38.788
G0 X76.788 Y115.6
G1 F1200 Z7.9
G1 F2400 E2550.71401
G1 F3480 X76.788 Y53.228 E2555.0549
G1 X73.208 Y53.228 E2555.30406
G1 X73.208 Y115.6 E2559.64495
G1 X76.465 Y115.6 E2559.87163
G0 F3132 X76.788 Y115.6
G1 F2400 E2553.37163
G1 F1200 Z8.5
G0 F11700 X77.144 Y52.628
G1 F1200 Z7.9
G1 F2400 E2560.08782
G1 F3480 X72.852 Y52.628 E2560.38653
G1 X72.608 Y52.493 E2560.40594
G1 X72.608 Y116.2 E2564.83974
G1 X77.388 Y116.2 E2565.17242
G1 X77.388 Y52.539 E2569.60302
G0 F3132 X77.388 Y52.494
G0 X77.144 Y52.628
G0 F11700 X77.484 Y51.941
;TYPE:WALL-OUTER
G1 F2100 X77.144 Y52.128 E2569.62852
G1 X72.852 Y52.128 E2569.91064
G1 X72.513 Y51.941 E2569.93609
G1 X72.108 Y51.28 E2569.98704
G1 X72.108 Y116.7 E2574.28712
G1 X77.888 Y116.7 E2574.66704
G1 X77.888 Y51.283 E2578.96692
G1 X77.663 Y51.65 E2578.99522
G0 F1890 X77.484 Y51.941
G0 F11700 X77.397 Y51.989
G1 F2400 E2572.49522
G1 F1200 Z8.5
G0 F11700 X76.064 Y54.128
G0 X78.077 Y50.548
G1 F1200 Z7.9
G1 F2400 E2579.21141
G1 F2844.2 X78.056 Y48.297 E2579.32066
G1 F2669.5 X78.048 Y46.108 E2579.43385
G1 F2692.3 X78.06 Y43.884 E2579.54787
G1 F2876.7 X78.074 Y42.542 E2579.61227
G0 F1890 X78.078 Y42.2
G1 F2400 E2573.11227
G1 F1200 Z8.5
G0 F11700 X77.486 Y40.803
G1 F1200 Z7.9
G1 F2400 E2579.82846
G1 F2100 X77.888 Y41.462 E2579.8792
G1 X77.888 Y36.448 E2580.20877
G1 X72.108 Y36.448 E2580.58869
G1 X72.108 Y41.465 E2580.91846
G1 X72.515 Y40.802 E2580.9696
G1 X72.856 Y40.612 E2580.99526
G1 X77.144 Y40.612 E2581.27711
G1 X77.188 Y40.637 E2581.28043
G0 F1890 X77.486 Y40.803
G0 F11700 X77.538 Y40.888
G1 F2400 E2574.78043
G1 F1200 Z8.5
G0 F11700 X75.888 Y38.788
G0 X71.918 Y42.2
G1 F1200 Z7.9
G1 F2400 E2581.49663
G1 F2831.5 X71.942 Y44.507 E2581.6091
G1 F2663.8 X71.946 Y47.155 E2581.74631
G1 F2787.6 X71.924 Y50.206 E2581.89739
G0 F1890 X71.921 Y50.548
G1 F2400 E2575.39739
G1 F1200 Z8.5
G0 F11700 X74.073 Y53.708
;TYPE:FILL
G1 F1200 Z7.9
G1 F2400 E2582.11358
G1 F3900 X76.308 Y53.708 E2582.26913
G1 X75.928 Y53.708 E2582.29558
G1 X75.212 Y54.424 E2582.36605
G1 X75.212 Y55.72 E2582.45625
G1 X74.788 Y55.72 E2582.48576
G1 X74.788 Y54.423 E2582.57602
G1 X74.073 Y53.708 E2582.6464
G1 F2400 E2576.1464
G1 F1200 Z8.5
G0 F11700 X74.108 Y54.128
G0 X73.664 Y57.01
;TYPE:SKIN
G1 F1200 Z7.9
G1 F2400 E2582.86259
G1 X73.418 Y57.255 E2582.88944
G0 F11700 X73.418 Y58.104
G1 F2400 X74.512 Y57.01 E2583.00908
G0 F11700 X75.361 Y57.01
G1 F2400 X73.418 Y58.952 E2583.22151
G0 F11700 X73.418 Y59.801
G1 F2400 X76.209 Y57.01 E2583.52674
G0 F11700 X76.578 Y57.489
G1 F2400 X73.418 Y60.649 E2583.87232
G0 F11700 X73.418 Y61.498
G1 F2400 X76.578 Y58.338 E2584.2179
G0 F11700 X76.578 Y59.186
G1 F2400 X73.418 Y62.346 E2584.56348
G0 F11700 X73.418 Y63.195
G1 F2400 X76.578 Y60.035 E2584.90906
G0 F11700 X76.578 Y60.883
G1 F2400 X73.418 Y64.043 E2585.25464
G0 F11700 X73.418 Y64.892
G1 F2400 X76.578 Y61.732 E2585.60022
G0 F11700 X76.578 Y62.58
G1 F2400 X73.418 Y65.74 E2585.9458
G0 F11700 X73.418 Y66.589
G1 F2400 X76.578 Y63.429 E2586.29138
G0 F11700 X76.578 Y64.277
G1 F2400 X73.418 Y67.437 E2586.63696
G0 F11700 X73.418 Y68.286
G1 F2400 X76.578 Y65.126 E2586.98254
G0 F11700 X76.578 Y65.974
G1 F2400 X73.418 Y69.135 E2587.32817
G0 F11700 X73.418 Y69.983
G1 F2400 X76.578 Y66.823 E2587.67376
G0 F11700 X76.578 Y67.672
G1 F2400 X73.418 Y70.832 E2588.01934
G0 F11700 X73.418 Y71.68
G1 F2400 X76.578 Y68.52 E2588.36492
G0 F11700 X76.578 Y69.369
G1 F2400 X73.418 Y72.529 E2588.7105
G0 F11700 X73.418 Y73.377
G1 F2400 X76.578 Y70.217 E2589.05608
G0 F11700 X76.578 Y71.066
G1 F2400 X73.418 Y74.226 E2589.40166
G0 F11700 X73.418 Y75.074
G1 F2400 X76.578 Y71.914 E2589.74724
G0 F11700 X76.578 Y72.763
G1 F2400 X73.418 Y75.923 E2590.09282
G0 F11700 X73.418 Y76.771
G1 F2400 X76.578 Y73.611 E2590.4384
G0 F11700 X76.578 Y74.46
G1 F2400 X73.418 Y77.62 E2590.78398
G0 F11700 X73.418 Y78.468
G1 F2400 X76.578 Y75.308 E2591.12956
G0 F11700 X76.578 Y76.157
G1 F2400 X73.418 Y79.317 E2591.47514
G0 F11700 X73.418 Y80.165
G1 F2400 X76.578 Y77.005 E2591.82072
G0 F11700 X76.578 Y77.854
G1 F2400 X73.418 Y81.014 E2592.1663
G0 F11700 X73.418 Y81.862
G1 F2400 X76.578 Y78.702 E2592.51188
G0 F11700 X76.578 Y79.551
G1 F2400 X73.418 Y82.711 E2592.85746
G0 F11700 X73.418 Y83.56
G1 F2400 X76.578 Y80.399 E2593.2031
G0 F11700 X76.578 Y81.248
G1 F2400 X73.418 Y84.408 E2593.54868
G0 F11700 X73.418 Y85.257
G1 F2400 X76.578 Y82.097 E2593.89426
G0 F11700 X76.578 Y82.945
G1 F2400 X73.418 Y86.105 E2594.23984
G0 F11700 X73.418 Y86.954
G1 F2400 X76.578 Y83.794 E2594.58542
G0 F11700 X76.578 Y84.642
G1 F2400 X73.418 Y87.802 E2594.931
G0 F11700 X73.418 Y88.651
G1 F2400 X76.578 Y85.491 E2595.27658
G0 F11700 X76.578 Y86.339
G1 F2400 X73.418 Y89.499 E2595.62216
G0 F11700 X73.418 Y90.348
G1 F2400 X76.578 Y87.188 E2595.96774
G0 F11700 X76.578 Y88.036
G1 F2400 X73.418 Y91.196 E2596.31332
G0 F11700 X73.418 Y92.045
G1 F2400 X76.578 Y88.885 E2596.6589
G0 F11700 X76.578 Y89.733
G1 F2400 X73.418 Y92.893 E2597.00448
G0 F11700 X73.418 Y93.742
G1 F2400 X76.578 Y90.582 E2597.35006
G0 F11700 X76.578 Y91.43
G1 F2400 X73.418 Y94.59 E2597.69564
G0 F11700 X73.418 Y95.439
G1 F2400 X76.578 Y92.279 E2598.04122
G0 F11700 X76.578 Y93.127
G1 F2400 X73.418 Y96.287 E2598.3868
G0 F11700 X73.418 Y97.136
G1 F2400 X76.578 Y93.976 E2598.73238
G0 F11700 X76.578 Y94.824
G1 F2400 X73.418 Y97.984 E2599.07796
G0 F11700 X73.418 Y98.833
G1 F2400 X76.578 Y95.673 E2599.42354
G0 F11700 X76.578 Y96.521
G1 F2400 X73.418 Y99.682 E2599.76918
G0 F11700 X73.418 Y100.53
G1 F2400 X76.578 Y97.37 E2600.11476
G0 F11700 X76.578 Y98.219
G1 F2400 X73.418 Y101.379 E2600.46034
G0 F11700 X73.418 Y102.227
G1 F2400 X76.578 Y99.067 E2600.80592
G0 F11700 X76.578 Y99.916
G1 F2400 X73.418 Y103.076 E2601.1515
G0 F11700 X73.418 Y103.924
G1 F2400 X76.578 Y100.764 E2601.49708
G0 F11700 X76.578 Y101.613
G1 F2400 X73.418 Y104.773 E2601.84266
G0 F11700 X73.418 Y105.621
G1 F2400 X76.578 Y102.461 E2602.18824
G0 F11700 X76.578 Y103.31
G1 F2400 X73.418 Y106.47 E2602.53382
G0 F11700 X73.418 Y107.318
G1 F2400 X76.578 Y104.158 E2602.8794
G0 F11700 X76.578 Y105.007
G1 F2400 X73.418 Y108.167 E2603.22498
G0 F11700 X73.418 Y109.015
G1 F2400 X76.578 Y105.855 E2603.57056
G0 F11700 X76.578 Y106.704
G1 F2400 X73.418 Y109.864 E2603.91614
G0 F11700 X73.418 Y110.712
G1 F2400 X76.578 Y107.552 E2604.26172
G0 F11700 X76.578 Y108.401
G1 F2400 X73.418 Y111.561 E2604.6073
G0 F11700 X73.418 Y112.409
G1 F2400 X76.578 Y109.249 E2604.95288
G0 F11700 X76.578 Y110.098
G1 F2400 X73.418 Y113.258 E2605.29846
G0 F11700 X73.418 Y114.107
G1 F2400 X76.578 Y110.946 E2605.6441
G0 F11700 X76.578 Y111.795
G1 F2400 X73.418 Y114.955 E2605.98968
G0 F11700 X73.832 Y115.39
G1 F2400 X76.578 Y112.644 E2606.28998
G0 F11700 X76.578 Y113.492
G1 F2400 X74.68 Y115.39 E2606.49755
G0 F11700 X75.529 Y115.39
G1 F2400 X76.578 Y114.341 E2606.61227
G0 F11700 X76.578 Y115.189
G1 F2400 X76.377 Y115.39 E2606.63425
G1 F2400 E2600.13425
G1 F1200 Z8.5
G0 F11700 X76.119 Y57.1
G1 F1200 Z7.9
G1 F2400 E2606.85044
G1 F2340 X76.578 Y56.641 E2606.89562
G0 F11700 X76.561 Y55.81
G1 F2340 X75.27 Y57.1 E2607.02264
G0 F11700 X74.422 Y57.1
G1 F2340 X75.712 Y55.81 E2607.1496
G0 F11700 X74.864 Y55.81
G1 F2340 X73.573 Y57.1 E2607.27662
G0 F11700 X73.418 Y56.407
G1 F2340 X74.015 Y55.81 E2607.33538
G0 F11700 X74.108 Y55.3
G1 F2400 E2600.83538
G1 F1200 Z8.5
;MESH:NONMESH
G0 F11700 X69.044 Y39.76
;TIME_ELAPSED:1174.720585
;LAYER:26
;MESH:guia de montagem rolamento Y.stl(1)
G0 Z8.81
;TYPE:WALL-INNER
G1 F1200 Z8.21
G1 F2400 E2607.55157
G1 F3480 X69.288 Y39.89 E2607.57081
G1 X69.288 Y36.948 E2607.77557
G1 X64.508 Y36.948 E2608.10824
G1 X64.508 Y39.891 E2608.31306
G1 X64.756 Y39.76 E2608.33258
G1 X68.721 Y39.76 E2608.60853
G0 F3132 X69.044 Y39.76
G1 F2400 E2602.10853
G1 F1200 Z8.81
G0 F11700 X68.388 Y39.036
G0 X69.044 Y52.984
G1 F1200 Z8.21
G1 F2400 E2608.82473
G1 F3480 X64.756 Y52.984 E2609.12316
G1 X64.509 Y52.851 E2609.14268
G1 X64.508 Y56.2 E2609.37576
G1 X69.288 Y56.2 E2609.70843
G1 X69.288 Y52.899 E2609.93817
G0 F3132 X69.288 Y52.853
G0 X69.044 Y52.984
G0 F11700 X69.379 Y52.304
;TYPE:WALL-OUTER
G1 F2100 X69.044 Y52.484 E2609.96317
G1 X64.756 Y52.484 E2610.24502
G1 X64.421 Y52.305 E2610.26999
G1 X64.009 Y51.677 E2610.31936
G1 X64.008 Y56.7 E2610.64952
G1 X69.788 Y56.7 E2611.02944
G1 X69.788 Y51.679 E2611.35947
G1 X69.566 Y52.018 E2611.38611
G0 F1890 X69.379 Y52.304
G0 F11700 X69.291 Y52.351
G1 F2400 E2604.88611
G1 F1200 Z8.81
G0 F11700 X68.388 Y53.708
G0 X69.977 Y51.016
G1 F1200 Z8.21
G1 F2400 E2611.6023
G1 F2870.2 X69.96 Y49.631 E2611.66891
G1 F2669.5 X69.944 Y47.614 E2611.77321
G1 F2603.3 X69.948 Y44.395 E2611.94389
G1 F2800 X69.974 Y42.131 E2612.05551
G0 F1890 X69.978 Y41.789
G1 F2400 E2605.55551
G1 F1200 Z8.81
G0 F11700 X69.375 Y40.436
G1 F1200 Z8.21
G1 F2400 E2612.2717
G1 F2100 X69.788 Y41.06 E2612.32088
G1 X69.788 Y36.448 E2612.62403
G1 X64.008 Y36.448 E2613.00395
G1 X64.008 Y41.048 E2613.30631
G1 X64.424 Y40.435 E2613.35501
G1 X64.756 Y40.26 E2613.37968
G1 X69.044 Y40.26 E2613.66153
G1 X69.074 Y40.276 E2613.66376
G0 F1890 X69.375 Y40.436
G0 F11700 X69.43 Y40.519
G1 F2400 E2607.16376
G1 F1200 Z8.81
G0 F11700 X68.388 Y39.036
G0 X63.818 Y41.79
G1 F1200 Z8.21
G1 F2400 E2613.87995
G1 F2837.8 X63.84 Y43.417 E2613.9591
G1 F2619.5 X63.856 Y46.456 E2614.11924
G1 F2582 X63.848 Y48.428 E2614.22466
G1 F2787.6 X63.823 Y50.674 E2614.33589
G0 F1890 X63.819 Y51.016
G1 F2400 E2607.83589
G1 F1200 Z8.81
G0 F11700 X68.071 Y53.464
;TYPE:FILL
G1 F1200 Z8.21
G1 F2400 E2614.55208
G1 F3900 X67.112 Y54.423 E2614.64647
G1 X67.112 Y55.72 E2614.73673
G1 X66.688 Y55.72 E2614.76624
G1 X66.688 Y54.423 E2614.85651
G1 X65.729 Y53.464 E2614.9509
G1 X68.808 Y53.464 E2615.16519
G1 X68.958 Y53.464
G1 F2400 E2608.66519
G1 F1200 Z8.81
G0 F11700 X68.388 Y53.884
G0 X68.678 Y39.28
G1 F1200 Z8.21
G1 F2400 E2615.38138
G1 F3900 X68.808 Y39.15 E2615.39417
G1 X68.808 Y39.28 E2615.40322
G1 X65.122 Y39.28 E2615.65975
G1 X64.988 Y39.146 E2615.67294
G1 X64.988 Y37.428 E2615.79251
G1 X68.808 Y37.428 E2616.05837
G1 X68.958 Y37.428
G0 F11700 X68.388 Y37.848
G1 F2400 E2609.55837
G1 F1200 Z8.81
;MESH:guia de montagem rolamento Y.stl
G0 F11700 X77.144 Y39.76
;TYPE:WALL-INNER
G1 F1200 Z8.21
G1 F2400 E2616.27456
G1 F3480 X77.388 Y39.89 E2616.2938
G1 X77.388 Y36.948 E2616.49856
G1 X72.608 Y36.948 E2616.83123
G1 X72.608 Y39.891 E2617.03605
G1 X72.856 Y39.76 E2617.05557
G1 X76.821 Y39.76 E2617.33153
G0 F3132 X77.144 Y39.76
G1 F2400 E2610.83153
G1 F1200 Z8.81
G0 F11700 X76.488 Y39.036
G0 X77.144 Y52.984
G1 F1200 Z8.21
G1 F2400 E2617.54772
G1 F3480 X72.856 Y52.984 E2617.84615
G1 X72.609 Y52.851 E2617.86567
G1 X72.608 Y56.2 E2618.09875
G1 X77.388 Y56.2 E2618.43142
G1 X77.388 Y52.899 E2618.66116
G0 F3132 X77.388 Y52.853
G0 X77.144 Y52.984
G0 F11700 X77.479 Y52.304
;TYPE:WALL-OUTER
G1 F2100 X77.144 Y52.484 E2618.68616
G1 X72.856 Y52.484 E2618.96801
G1 X72.521 Y52.305 E2618.99298
G1 X72.109 Y51.677 E2619.04235
G1 X72.108 Y56.7 E2619.37251
G1 X77.888 Y56.7 E2619.75243
G1 X77.888 Y51.679 E2620.08246
G1 X77.666 Y52.018 E2620.1091
G0 F1890 X77.479 Y52.304
G0 F11700 X77.391 Y52.351
G1 F2400 E2613.6091
G1 F1200 Z8.81
G0 F11700 X76.488 Y53.708
G0 X78.077 Y51.016
G1 F1200 Z8.21
G1 F2400 E2620.32529
G1 F2870.2 X78.06 Y49.631 E2620.3919
G1 F2669.5 X78.044 Y47.614 E2620.4962
G1 F2603.3 X78.048 Y44.395 E2620.66688
G1 F2800 X78.074 Y42.131 E2620.7785
G0 F1890 X78.078 Y41.789
G1 F2400 E2614.2785
G1 F1200 Z8.81
G0 F11700 X77.475 Y40.436
G1 F1200 Z8.21
G1 F2400 E2620.99469
G1 F2100 X77.888 Y41.06 E2621.04388
G1 X77.888 Y36.448 E2621.34702
G1 X72.108 Y36.448 E2621.72694
G1 X72.108 Y41.048 E2622.0293
G1 X72.524 Y40.435 E2622.078
G1 X72.856 Y40.26 E2622.10267
G1 X77.144 Y40.26 E2622.38452
G1 X77.174 Y40.276 E2622.38675
G0 F1890 X77.475 Y40.436
G0 F11700 X77.53 Y40.519
G1 F2400 E2615.88675
G1 F1200 Z8.81
G0 F11700 X76.488 Y39.036
G0 X71.918 Y41.79
G1 F1200 Z8.21
G1 F2400 E2622.60295
G1 F2837.8 X71.94 Y43.417 E2622.68209
G1 F2619.5 X71.956 Y46.456 E2622.84223
G1 F2582 X71.948 Y48.428 E2622.94765
G1 F2787.6 X71.923 Y50.674 E2623.05888
G0 F1890 X71.919 Y51.016
G1 F2400 E2616.55888
G1 F1200 Z8.81
G0 F11700 X76.171 Y53.464
;TYPE:FILL
G1 F1200 Z8.21
G1 F2400 E2623.27507
G1 F3900 X75.212 Y54.423 E2623.36946
G1 X75.212 Y55.72 E2623.45972
G1 X74.788 Y55.72 E2623.48923
G1 X74.788 Y54.423 E2623.5795
G1 X73.829 Y53.464 E2623.67389
G1 X76.908 Y53.464 E2623.88818
G1 X77.058 Y53.464
G1 F2400 E2617.38818
G1 F1200 Z8.81
G0 F11700 X76.488 Y53.884
G0 X76.779 Y39.28
G1 F1200 Z8.21
G1 F2400 E2624.10437
G1 F3900 X76.908 Y39.151 E2624.11707
G1 X76.908 Y39.28 E2624.12604
G1 X73.221 Y39.28 E2624.38265
G1 X73.088 Y39.147 E2624.39574
G1 X73.088 Y37.428 E2624.51537
G1 X76.908 Y37.428 E2624.78123
G1 X77.058 Y37.428
G0 F11700 X76.488 Y37.848
G1 F2400 E2618.28123
G1 F1200 Z8.81
;MESH:NONMESH
G0 F11700 X68.688 Y55.6
;TIME_ELAPSED:1190.442582
;LAYER:27
;MESH:guia de montagem rolamento Y.stl(1)
G0 Z9.12
;TYPE:WALL-INNER
G1 F1200 Z8.52
G1 F2400 E2624.99743
G1 F3480 X68.688 Y53.896 E2625.11602
G1 X65.108 Y53.896 E2625.36517
G1 X65.108 Y55.6 E2625.48377
G1 X68.365 Y55.6 E2625.71044
G0 F3132 X68.688 Y55.6
G1 F2400 E2619.21044
G1 F1200 Z9.12
G0 F11700 X67.788 Y54.876
G0 X69.044 Y53.296
G1 F1200 Z8.52
G1 F2400 E2625.92664
G1 F3480 X64.756 Y53.296 E2626.22507
G1 X64.508 Y53.168 E2626.24449
G1 X64.508 Y56.2 E2626.45551
G1 X69.288 Y56.2 E2626.78818
G1 X69.288 Y53.218 E2626.99572
G0 F3132 X69.288 Y53.17
G0 X69.044 Y53.296
G0 F11700 X69.372 Y52.627
;TYPE:WALL-OUTER
G1 F2100 X69.044 Y52.796 E2627.01997
G1 X64.756 Y52.796 E2627.30182
G1 X64.429 Y52.628 E2627.32599
G1 X64.009 Y52.034 E2627.37381
G1 X64.008 Y56.7 E2627.6805
G1 X69.788 Y56.7 E2628.06042
G1 X69.788 Y52.033 E2628.36719
G1 X69.568 Y52.347 E2628.39239
G0 F1890 X69.372 Y52.627
G0 F11700 X69.284 Y52.672
G1 F2400 E2621.89239
G1 F1200 Z9.12
G0 F11700 X67.788 Y54.62
G0 X69.977 Y51.38
G1 F1200 Z8.52
G1 F2400 E2628.60858
G1 F2863.6 X69.96 Y49.896 E2628.68012
G1 F2658.2 X69.942 Y48.412 E2628.75718
G1 F2535.2 X69.937 Y47.23 E2628.82154
G1 F2400 E2622.32154
G1 F1200 Z9.12
G0 F11700 X63.86 Y47.231
G1 F1200 Z8.52
G1 F2400 E2629.03773
G1 F2582 X63.844 Y49.519 E2629.16005
G1 F2800 X63.821 Y51.38 E2629.2518
G1 F2400 E2622.7518
G1 F1200 Z9.12
G0 F11700 X67.159 Y54.376
;TYPE:FILL
G1 F1200 Z8.52
G1 F2400 E2629.46799
G1 F3900 X67.112 Y54.423 E2629.47262
G1 X67.112 Y55.12 E2629.52113
G1 X66.688 Y55.12 E2629.55064
G1 X66.688 Y54.423 E2629.59914
G1 X66.641 Y54.376 E2629.60377
G1 X68.208 Y54.376 E2629.71283
G1 X68.358 Y54.376
G0 F11700 X67.788 Y54.796
G1 F2400 E2623.21283
G1 F1200 Z9.12
G0 F11700 X68.688 Y38.844
;TYPE:WALL-INNER
G1 F1200 Z8.52
G1 F2400 E2629.92902
G1 F3480 X68.688 Y37.548 E2630.01922
G1 X65.108 Y37.548 E2630.26837
G1 X65.108 Y38.844 E2630.35857
G1 X68.365 Y38.844 E2630.58525
G0 F3132 X68.688 Y38.844
G0 F11700 X69.044 Y39.444
G1 F3480 X69.288 Y39.57 E2630.60436
G1 X69.288 Y36.948 E2630.78684
G1 X64.508 Y36.948 E2631.11952
G1 X64.509 Y39.572 E2631.30214
G1 X64.756 Y39.444 E2631.3215
G1 X68.721 Y39.444 E2631.59745
G0 F3132 X69.044 Y39.444
G0 F11700 X69.372 Y40.114
;TYPE:WALL-OUTER
G1 F2100 X69.788 Y40.707 E2631.64506
G1 X69.788 Y36.448 E2631.92501
G1 X64.008 Y36.448 E2632.30493
G1 X64.009 Y40.709 E2632.58501
G1 X64.428 Y40.113 E2632.6329
G1 X64.756 Y39.944 E2632.65715
G1 X69.044 Y39.944 E2632.939
G1 X69.068 Y39.957 E2632.94079
G0 F1890 X69.372 Y40.114
G0 F11700 X69.429 Y40.195
G1 F2400 E2626.44079
G1 F1200 Z9.12
G0 F11700 X67.964 Y38.448
G0 X69.978 Y41.381
G1 F1200 Z8.52
G1 F2400 E2633.15699
G1 F2775.3 X69.944 Y44.08 E2633.29123
G1 F2545.5 X69.937 Y45.515 E2633.36905
G1 F2400 E2626.86905
G1 F1200 Z9.12
G0 F11700 X63.859 Y45.517
G1 F1200 Z8.52
G1 F2400 E2633.58524
G1 F2530.1 X63.854 Y44.2 E2633.65709
G1 F2647.1 X63.836 Y42.79 E2633.73062
G1 F2876.7 X63.818 Y41.38 E2633.79829
G1 F2400 E2627.29829
G1 F1200 Z9.12
;MESH:guia de montagem rolamento Y.stl
G0 F11700 X76.788 Y55.6
;TYPE:WALL-INNER
G1 F1200 Z8.52
G1 F2400 E2634.01448
G1 F3480 X76.788 Y53.896 E2634.13307
G1 X73.208 Y53.896 E2634.38223
G1 X73.208 Y55.6 E2634.50082
G1 X76.465 Y55.6 E2634.7275
G0 F3132 X76.788 Y55.6
G1 F2400 E2628.2275
G1 F1200 Z9.12
G0 F11700 X75.888 Y54.876
G0 X77.144 Y53.296
G1 F1200 Z8.52
G1 F2400 E2634.94369
G1 F3480 X72.856 Y53.296 E2635.24212
G1 X72.608 Y53.168 E2635.26154
G1 X72.608 Y56.2 E2635.47256
G1 X77.388 Y56.2 E2635.80523
G1 X77.388 Y53.218 E2636.01277
G0 F3132 X77.388 Y53.17
G0 X77.144 Y53.296
G0 F11700 X77.472 Y52.627
;TYPE:WALL-OUTER
G1 F2100 X77.144 Y52.796 E2636.03702
G1 X72.856 Y52.796 E2636.31888
G1 X72.529 Y52.628 E2636.34304
G1 X72.109 Y52.034 E2636.39086
G1 X72.108 Y56.7 E2636.69756
G1 X77.888 Y56.7 E2637.07748
G1 X77.888 Y52.033 E2637.38424
G1 X77.668 Y52.347 E2637.40944
G0 F1890 X77.472 Y52.627
G0 F11700 X77.384 Y52.672
G1 F2400 E2630.90944
G1 F1200 Z9.12
G0 F11700 X75.888 Y54.62
G0 X78.077 Y51.38
G1 F1200 Z8.52
G1 F2400 E2637.62563
G1 F2863.6 X78.06 Y49.896 E2637.69717
G1 F2658.2 X78.042 Y48.412 E2637.77423
G1 F2535.2 X78.037 Y47.23 E2637.83859
G1 F2400 E2631.33859
G1 F1200 Z9.12
G0 F11700 X71.96 Y47.231
G1 F1200 Z8.52
G1 F2400 E2638.05478
G1 F2582 X71.944 Y49.519 E2638.1771
G1 F2800 X71.921 Y51.38 E2638.26885
G1 F2400 E2631.76885
G1 F1200 Z9.12
G0 F11700 X75.259 Y54.376
;TYPE:FILL
G1 F1200 Z8.52
G1 F2400 E2638.48504
G1 F3900 X75.211 Y54.424 E2638.48977
G1 X75.211 Y55.12 E2638.53821
G1 X74.787 Y55.12 E2638.56772
G1 X74.787 Y54.423 E2638.61623
G1 X74.741 Y54.377 E2638.62075
G1 X76.308 Y54.376 E2638.72981
G1 X76.458 Y54.376
G0 F11700 X75.888 Y54.796
G1 F2400 E2632.22981
G1 F1200 Z9.12
G0 F11700 X76.788 Y38.844
;TYPE:WALL-INNER
G1 F1200 Z8.52
G1 F2400 E2638.946
G1 F3480 X76.788 Y37.548 E2639.0362
G1 X73.208 Y37.548 E2639.28536
G1 X73.208 Y38.844 E2639.37555
G1 X76.465 Y38.844 E2639.60223
G0 F3132 X76.788 Y38.844
G0 F11700 X77.144 Y39.444
G1 F3480 X77.388 Y39.57 E2639.62134
G1 X77.388 Y36.948 E2639.80383
G1 X72.608 Y36.948 E2640.1365
G1 X72.609 Y39.572 E2640.31912
G1 X72.856 Y39.444 E2640.33848
G1 X76.821 Y39.444 E2640.61443
G0 F3132 X77.144 Y39.444
G0 F11700 X77.472 Y40.114
;TYPE:WALL-OUTER
G1 F2100 X77.888 Y40.707 E2640.66205
G1 X77.888 Y36.448 E2640.94199
G1 X72.108 Y36.448 E2641.32191
G1 X72.109 Y40.709 E2641.60199
G1 X72.528 Y40.113 E2641.64988
G1 X72.856 Y39.944 E2641.67413
G1 X77.144 Y39.944 E2641.95598
G1 X77.168 Y39.957 E2641.95778
G0 F1890 X77.472 Y40.114
G0 F11700 X77.529 Y40.195
G1 F2400 E2635.45778
G1 F1200 Z9.12
G0 F11700 X76.064 Y38.448
G0 X78.078 Y41.381
G1 F1200 Z8.52
G1 F2400 E2642.17397
G1 F2775.3 X78.044 Y44.08 E2642.30822
G1 F2545.5 X78.037 Y45.515 E2642.38603
G1 F2400 E2635.88603
G1 F1200 Z9.12
G0 F11700 X71.959 Y45.517
G1 F1200 Z8.52
G1 F2400 E2642.60222
G1 F2530.1 X71.954 Y44.2 E2642.67407
G1 F2647.1 X71.936 Y42.79 E2642.74761
G1 F2876.7 X71.918 Y41.38 E2642.81527
G1 F2400 E2636.31527
G1 F1200 Z9.12
;MESH:NONMESH
G0 F11700 X69.044 Y53.58
;TIME_ELAPSED:1207.631704
;LAYER:28
;MESH:guia de montagem rolamento Y.stl(1)
G0 Z9.43
;TYPE:WALL-INNER
G1 F1200 Z8.83
G1 F2400 E2643.03146
G1 F3480 X64.756 Y53.58 E2643.32989
G1 X64.508 Y53.456 E2643.34919
G1 X64.508 Y56.2 E2643.54016
G1 X69.288 Y56.2 E2643.87283
G1 X69.288 Y53.508 E2644.06019
G0 F3132 X69.288 Y53.458
G0 X69.044 Y53.58
G0 F11700 X69.044 Y53.08
;TYPE:WALL-OUTER
G1 F2100 X64.756 Y53.08 E2644.34204
G1 X64.435 Y52.92 E2644.36562
G1 X64.009 Y52.342 E2644.41281
G1 X64.008 Y56.7 E2644.69927
G1 X69.788 Y56.7 E2645.07919
G1 X69.788 Y52.347 E2645.36531
G1 X69.365 Y52.92 E2645.41213
G1 X69.349 Y52.928 E2645.4133
G0 F1890 X69.044 Y53.08
G0 F11700 X68.944 Y53.08
G1 F2400 E2638.9133
G1 F1200 Z9.43
G0 F11700 X68.388 Y54.48
G0 X69.977 Y51.72
G1 F1200 Z8.83
G1 F2400 E2645.62949
G1 F2806.2 X69.95 Y49.87 E2645.7205
G1 F2582 X69.938 Y48.588 E2645.78904
G1 F2400 E2639.28904
G1 F1200 Z9.43
G0 F11700 X63.859 Y48.59
G1 F1200 Z8.83
G1 F2400 E2646.00523
G1 F2603.3 X63.84 Y50.155 E2646.08822
G1 F2825.1 X63.821 Y51.72 E2646.16469
G1 F2400 E2639.66469
G1 F1200 Z9.43
G0 F11700 X67.474 Y54.06
;TYPE:FILL
G1 F1200 Z8.83
G1 F2400 E2646.38088
G1 F3900 X67.112 Y54.422 E2646.41651
G1 X67.112 Y55.72 E2646.50684
G1 X66.688 Y55.72 E2646.53635
G1 X66.688 Y54.422 E2646.62669
G1 X66.326 Y54.06 E2646.66232
G1 X68.808 Y54.06 E2646.83506
G1 X68.958 Y54.06
G0 F11700 X68.388 Y54.48
G1 F2400 E2640.33506
G1 F1200 Z9.43
G0 F11700 X69.044 Y39.16
;TYPE:WALL-INNER
G1 F1200 Z8.83
G1 F2400 E2647.05125
G1 F3480 X69.288 Y39.282 E2647.07024
G1 X69.288 Y36.948 E2647.23268
G1 X64.508 Y36.948 E2647.56535
G1 X64.508 Y39.284 E2647.72793
G1 X64.756 Y39.16 E2647.74722
G1 X68.721 Y39.16 E2648.02318
G0 F3132 X69.044 Y39.16
G0 F11700 X69.044 Y39.66
;TYPE:WALL-OUTER
G1 F2100 X69.366 Y39.821 E2648.04684
G1 X69.788 Y40.394 E2648.09361
G1 X69.788 Y36.448 E2648.35299
G1 X64.008 Y36.448 E2648.73291
G1 X64.009 Y40.396 E2648.99241
G1 X64.435 Y39.821 E2649.03945
G1 X64.756 Y39.66 E2649.06305
G1 X68.702 Y39.66 E2649.32242
G0 F1890 X69.044 Y39.66
G0 F11700 X69.133 Y39.704
G1 F2400 E2642.82242
G1 F1200 Z9.43
G0 F11700 X68.388 Y38.436
G0 X69.978 Y41.065
G1 F1200 Z8.83
G1 F2400 E2649.53862
G1 F2863.6 X69.958 Y42.61 E2649.61309
G1 F2636 X69.939 Y44.155 E2649.694
G1 F2400 E2643.194
G1 F1200 Z9.43
G0 F11700 X63.859 Y44.153
G1 F1200 Z8.83
G1 F2400 E2649.9102
G1 F2566.2 X63.846 Y42.95 E2649.97491
G1 F2800 X63.818 Y41.062 E2650.06799
G1 F2400 E2643.56799
G1 F1200 Z9.43
;MESH:guia de montagem rolamento Y.stl
G0 F11700 X77.144 Y53.58
;TYPE:WALL-INNER
G1 F1200 Z8.83
G1 F2400 E2650.28418
G1 F3480 X72.856 Y53.58 E2650.58261
G1 X72.608 Y53.456 E2650.60191
G1 X72.608 Y56.2 E2650.79289
G1 X77.388 Y56.2 E2651.12556
G1 X77.388 Y53.508 E2651.31291
G0 F3132 X77.388 Y53.458
G0 X77.144 Y53.58
G0 F11700 X77.144 Y53.08
;TYPE:WALL-OUTER
G1 F2100 X72.856 Y53.08 E2651.59476
G1 X72.535 Y52.92 E2651.61834
G1 X72.109 Y52.342 E2651.66554
G1 X72.108 Y56.7 E2651.95199
G1 X77.888 Y56.7 E2652.33191
G1 X77.888 Y52.347 E2652.61803
G1 X77.465 Y52.92 E2652.66485
G1 X77.449 Y52.928 E2652.66602
G0 F1890 X77.144 Y53.08
G0 F11700 X77.044 Y53.08
G1 F2400 E2646.16602
G1 F1200 Z9.43
G0 F11700 X76.488 Y54.48
G0 X78.077 Y51.72
G1 F1200 Z8.83
G1 F2400 E2652.88222
G1 F2806.2 X78.05 Y49.87 E2652.97322
G1 F2582 X78.038 Y48.588 E2653.04176
G1 F2400 E2646.54176
G1 F1200 Z9.43
G0 F11700 X71.959 Y48.59
G1 F1200 Z8.83
G1 F2400 E2653.25795
G1 F2603.3 X71.94 Y50.155 E2653.34094
G1 F2825.1 X71.921 Y51.72 E2653.41741
G1 F2400 E2646.91741
G1 F1200 Z9.43
G0 F11700 X75.576 Y54.06
;TYPE:FILL
G1 F1200 Z8.83
G1 F2400 E2653.6336
G1 F3900 X75.211 Y54.425 E2653.66953
G1 X75.211 Y55.72 E2653.75965
G1 X74.789 Y55.72 E2653.78902
G1 X74.789 Y54.425 E2653.87915
G1 X74.424 Y54.06 E2653.91508
G1 X76.908 Y54.06 E2654.08796
G1 X77.058 Y54.06
G0 F11700 X76.488 Y54.48
G1 F2400 E2647.58796
G1 F1200 Z9.43
G0 F11700 X77.144 Y39.16
;TYPE:WALL-INNER
G1 F1200 Z8.83
G1 F2400 E2654.30415
G1 F3480 X77.388 Y39.282 E2654.32313
G1 X77.388 Y36.948 E2654.48557
G1 X72.608 Y36.948 E2654.81824
G1 X72.608 Y39.284 E2654.98082
G1 X72.856 Y39.16 E2655.00012
G1 X76.821 Y39.16 E2655.27607
G0 F3132 X77.144 Y39.16
G0 F11700 X77.144 Y39.66
;TYPE:WALL-OUTER
G1 F2100 X77.466 Y39.821 E2655.29974
G1 X77.888 Y40.394 E2655.34651
G1 X77.888 Y36.448 E2655.60588
G1 X72.108 Y36.448 E2655.9858
G1 X72.109 Y40.396 E2656.24531
G1 X72.535 Y39.821 E2656.29234
G1 X72.856 Y39.66 E2656.31595
G1 X76.802 Y39.66 E2656.57532
G0 F1890 X77.144 Y39.66
G0 F11700 X77.233 Y39.704
G1 F2400 E2650.07532
G1 F1200 Z9.43
G0 F11700 X76.488 Y38.436
G0 X78.078 Y41.065
G1 F1200 Z8.83
G1 F2400 E2656.79151
G1 F2863.6 X78.058 Y42.61 E2656.86599
G1 F2636 X78.039 Y44.155 E2656.9469
G1 F2400 E2650.4469
G1 F1200 Z9.43
G0 F11700 X71.959 Y44.153
G1 F1200 Z8.83
G1 F2400 E2657.16309
G1 F2566.2 X71.946 Y42.95 E2657.2278
G1 F2800 X71.918 Y41.062 E2657.32089
G1 F2400 E2650.82089
G1 F1200 Z9.43
;MESH:NONMESH
G0 F11700 X68.547 Y55.459
;TIME_ELAPSED:1222.298531
;LAYER:29
;MESH:guia de montagem rolamento Y.stl(1)
G0 Z9.74
;TYPE:WALL-INNER
G1 F1200 Z9.14
G1 F2400 E2657.53708
G1 F2367.3 X68.547 Y54.577 E2657.62731
G1 X65.249 Y54.577 E2657.96472
G1 X65.249 Y55.459 E2658.05496
G1 X68.224 Y55.459 E2658.35932
G0 F3132 X68.547 Y55.459
G1 F2400 E2651.85932
G1 F1200 Z9.74
G0 F11700 X69.044 Y53.836
G1 F1200 Z9.14
G1 F2400 E2658.57551
G1 F3480 X64.752 Y53.836 E2658.87422
G1 X64.508 Y53.715 E2658.89318
G1 X64.508 Y56.2 E2659.06613
G1 X69.288 Y56.2 E2659.3988
G1 X69.288 Y53.767 E2659.56813
G0 F3132 X69.288 Y53.716
G0 X69.044 Y53.836
G0 F11700 X69.044 Y53.336
;TYPE:WALL-OUTER
G1 F2100 X64.752 Y53.336 E2659.85024
G1 X64.434 Y53.179 E2659.87355
G1 X64.008 Y52.621 E2659.9197
G1 X64.008 Y56.7 E2660.18781
G1 X69.788 Y56.7 E2660.56773
G1 X69.788 Y52.622 E2660.83578
G1 X69.363 Y53.18 E2660.88189
G1 X69.351 Y53.186 E2660.88277
G0 F1890 X69.044 Y53.336
G0 F11700 X68.944 Y53.336
G1 F2400 E2654.38277
G1 F1200 Z9.74
G0 F11700 X69.977 Y52.024
G1 F1200 Z9.14
G1 F2400 E2661.09896
G1 F2863.6 X69.958 Y50.661 E2661.16467
G1 F2636 X69.94 Y49.298 E2661.23605
G1 F2400 E2654.73605
G1 F1200 Z9.74
G0 F11700 X63.858 Y49.3
G1 F1200 Z9.14
G1 F2400 E2661.45224
G1 F2619.5 X63.838 Y50.662 E2661.52401
G1 F2844.2 X63.819 Y52.024 E2661.59012
G1 F2400 E2655.09012
G1 F1200 Z9.74
G0 F11700 X68.649 Y38.265
;TYPE:WALL-INNER
G1 F1200 Z9.14
G1 F2400 E2661.80631
G1 F3079.6 X68.649 Y37.587 E2661.85963
G1 X65.147 Y37.587 E2662.13504
G1 X65.147 Y38.265 E2662.18837
G1 X68.326 Y38.265 E2662.43838
G0 F3132 X68.649 Y38.265
G0 F11700 X69.044 Y38.904
G1 F3480 X69.288 Y39.024 E2662.4573
G1 X69.288 Y36.948 E2662.60178
G1 X64.508 Y36.948 E2662.93446
G1 X64.508 Y39.025 E2663.07901
G1 X64.752 Y38.904 E2663.09796
G1 X68.721 Y38.904 E2663.37419
G0 F3132 X69.044 Y38.904
G0 F11700 X69.044 Y39.404
;TYPE:WALL-OUTER
G1 F2100 X69.363 Y39.56 E2663.39753
G1 X69.788 Y40.118 E2663.44364
G1 X69.788 Y36.448 E2663.68487
G1 X64.008 Y36.448 E2664.06479
G1 X64.008 Y40.119 E2664.30609
G1 X64.434 Y39.561 E2664.35223
G1 X64.752 Y39.404 E2664.37554
G1 X68.702 Y39.404 E2664.63518
G0 F1890 X69.044 Y39.404
G0 F11700 X69.133 Y39.447
G1 F2400 E2658.13518
G1 F1200 Z9.74
G0 F11700 X69.978 Y40.758
G1 F1200 Z9.14
G1 F2400 E2664.85137
G1 F2870.2 X69.959 Y42.101 E2664.91596
G1 F2641.5 X69.94 Y43.444 E2664.98615
G1 F2400 E2658.48615
G1 F1200 Z9.74
G0 F11700 X63.858 Y43.442
G1 F1200 Z9.14
G1 F2400 E2665.20234
G1 F2614.1 X63.838 Y42.1 E2665.27321
G1 F2863.6 X63.818 Y40.758 E2665.3379
G1 F2400 E2658.8379
G1 F1200 Z9.74
;MESH:guia de montagem rolamento Y.stl
G0 F11700 X76.647 Y55.459
;TYPE:WALL-INNER
G1 F1200 Z9.14
G1 F2400 E2665.5541
G1 F2367.3 X76.647 Y54.577 E2665.64433
G1 X73.349 Y54.577 E2665.98174
G1 X73.349 Y55.459 E2666.07197
G1 X76.324 Y55.459 E2666.37634
G0 F3132 X76.647 Y55.459
G1 F2400 E2659.87634
G1 F1200 Z9.74
G0 F11700 X77.144 Y53.836
G1 F1200 Z9.14
G1 F2400 E2666.59253
G1 F3480 X72.852 Y53.836 E2666.89124
G1 X72.608 Y53.715 E2666.91019
G1 X72.608 Y56.2 E2667.08314
G1 X77.388 Y56.2 E2667.41582
G1 X77.388 Y53.767 E2667.58514
G0 F3132 X77.388 Y53.716
G0 X77.144 Y53.836
G0 F11700 X77.144 Y53.336
;TYPE:WALL-OUTER
G1 F2100 X72.852 Y53.336 E2667.86726
G1 X72.534 Y53.179 E2667.89057
G1 X72.108 Y52.621 E2667.93671
G1 X72.108 Y56.7 E2668.20483
G1 X77.888 Y56.7 E2668.58475
G1 X77.888 Y52.622 E2668.8528
G1 X77.463 Y53.18 E2668.8989
G1 X77.451 Y53.186 E2668.89978
G0 F1890 X77.144 Y53.336
G0 F11700 X77.044 Y53.336
G1 F2400 E2662.39978
G1 F1200 Z9.74
G0 F11700 X78.077 Y52.024
G1 F1200 Z9.14
G1 F2400 E2669.11598
G1 F2863.6 X78.058 Y50.661 E2669.18168
G1 F2636 X78.04 Y49.298 E2669.25306
G1 F2400 E2662.75306
G1 F1200 Z9.74
G0 F11700 X71.958 Y49.3
G1 F1200 Z9.14
G1 F2400 E2669.46925
G1 F2619.5 X71.938 Y50.662 E2669.54103
G1 F2844.2 X71.919 Y52.024 E2669.60713
G1 F2400 E2663.10713
G1 F1200 Z9.74
G0 F11700 X76.749 Y38.265
;TYPE:WALL-INNER
G1 F1200 Z9.14
G1 F2400 E2669.82333
G1 F3079.6 X76.749 Y37.587 E2669.87665
G1 X73.247 Y37.587 E2670.15206
G1 X73.247 Y38.265 E2670.20538
G1 X76.426 Y38.265 E2670.45539
G0 F3132 X76.749 Y38.265
G0 F11700 X77.144 Y38.904
G1 F3480 X77.388 Y39.024 E2670.47432
G1 X77.388 Y36.948 E2670.6188
G1 X72.608 Y36.948 E2670.95147
G1 X72.608 Y39.025 E2671.09602
G1 X72.852 Y38.904 E2671.11498
G1 X76.821 Y38.904 E2671.39121
G0 F3132 X77.144 Y38.904
G0 F11700 X77.144 Y39.404
;TYPE:WALL-OUTER
G1 F2100 X77.463 Y39.56 E2671.41455
G1 X77.888 Y40.118 E2671.46065
G1 X77.888 Y36.448 E2671.70188
G1 X72.108 Y36.448 E2672.08181
G1 X72.108 Y40.119 E2672.3231
G1 X72.534 Y39.561 E2672.36925
G1 X72.852 Y39.404 E2672.39256
G1 X76.802 Y39.404 E2672.65219
G0 F1890 X77.144 Y39.404
G0 F11700 X77.233 Y39.447
G1 F2400 E2666.15219
G1 F1200 Z9.74
G0 F11700 X78.078 Y40.758
G1 F1200 Z9.14
G1 F2400 E2672.86838
G1 F2870.2 X78.059 Y42.101 E2672.93298
G1 F2641.5 X78.04 Y43.444 E2673.00316
G1 F2400 E2666.50316
G1 F1200 Z9.74
G0 F11700 X71.958 Y43.442
G1 F1200 Z9.14
G1 F2400 E2673.21936
G1 F2614.1 X71.938 Y42.1 E2673.29023
G1 F2863.6 X71.918 Y40.758 E2673.35492
G1 F2400 E2666.85492
G1 F1200 Z9.74
;MESH:NONMESH
G0 F11700 X69.044 Y38.668
;TIME_ELAPSED:1237.010031
;LAYER:30
;MESH:guia de montagem rolamento Y.stl(1)
G0 Z10.05
;TYPE:WALL-INNER
G1 F1200 Z9.45
G1 F2400 E2673.57111
G1 F3480 X69.288 Y38.785 E2673.58994
G1 X69.288 Y36.948 E2673.71779
G1 X64.508 Y36.948 E2674.05047
G1 X64.508 Y38.787 E2674.17845
G1 X64.756 Y38.668 E2674.1976
G1 X68.721 Y38.668 E2674.47355
G0 F3132 X69.044 Y38.668
G0 F11700 X69.044 Y39.168
;TYPE:WALL-OUTER
G1 F2100 X69.358 Y39.319 E2674.49645
G1 X69.788 Y39.863 E2674.54203
G1 X69.788 Y36.448 E2674.7665
G1 X64.008 Y36.448 E2675.14642
G1 X64.008 Y39.865 E2675.37102
G1 X64.443 Y39.318 E2675.41696
G1 X64.756 Y39.168 E2675.43977
G1 X68.702 Y39.168 E2675.69915
G0 F1890 X69.044 Y39.168
G0 F11700 X69.134 Y39.211
G1 F2400 E2669.19915
G1 F1200 Z10.05
G0 F11700 X68.388 Y37.944
G0 X69.978 Y40.491
G1 F1200 Z9.45
G1 F2400 E2675.91534
G1 F2739.1 X69.938 Y42.912 E2676.03736
G1 F2400 E2669.53736
G1 F1200 Z10.05
G0 F11700 X63.858 Y42.912
G1 F1200 Z9.45
G1 F2400 E2676.25355
G1 F2739.1 X63.818 Y40.487 E2676.37577
G1 F2400 E2669.87577
G1 F1200 Z10.05
G0 F11700 X69.044 Y54.072
;TYPE:WALL-INNER
G1 F1200 Z9.45
G1 F2400 E2676.59196
G1 F3480 X64.756 Y54.072 E2676.89039
G1 X64.508 Y53.953 E2676.90953
G1 X64.508 Y56.2 E2677.06592
G1 X69.288 Y56.2 E2677.39859
G1 X69.288 Y54.006 E2677.55128
G0 F3132 X69.288 Y53.954
G0 X69.044 Y54.072
G0 F11700 X69.044 Y53.572
;TYPE:WALL-OUTER
G1 F2100 X64.756 Y53.572 E2677.83314
G1 X64.442 Y53.422 E2677.85601
G1 X64.008 Y52.874 E2677.90196
G1 X64.008 Y56.7 E2678.15344
G1 X69.788 Y56.7 E2678.53336
G1 X69.788 Y52.877 E2678.78465
G1 X69.357 Y53.421 E2678.83027
G1 X69.351 Y53.424 E2678.83071
G0 F1890 X69.044 Y53.572
G0 F11700 X68.944 Y53.572
G1 F2400 E2672.33071
G1 F1200 Z10.05
G0 F11700 X68.388 Y54.972
G0 X69.977 Y52.296
G1 F1200 Z9.45
G1 F2400 E2679.0469
G1 F2733.2 X69.938 Y49.832 E2679.17136
G1 F2400 E2672.67136
G1 F1200 Z10.05
G0 F11700 X63.858 Y49.83
G1 F1200 Z9.45
G1 F2400 E2679.38755
G1 F2733.2 X63.819 Y52.292 E2679.5119
G1 F2400 E2673.0119
G1 F1200 Z10.05
G0 F11700 X66.983 Y54.552
;TYPE:FILL
G1 F1200 Z9.45
G1 F2400 E2679.72809
G1 F3900 X67.112 Y55.72 E2679.80988
G1 X67.985 Y55.72 E2679.87063
G1 X66.818 Y54.553 E2679.9855
G1 X68.808 Y54.552 E2680.12399
G1 X68.958 Y54.552
G0 F11700 X68.388 Y54.972
G1 F2400 E2673.62399
G1 F1200 Z10.05
;MESH:guia de montagem rolamento Y.stl
G0 F11700 X77.144 Y54.072
;TYPE:WALL-INNER
G1 F1200 Z9.45
G1 F2400 E2680.34018
G1 F3480 X72.856 Y54.072 E2680.63862
G1 X72.608 Y53.953 E2680.65776
G1 X72.608 Y56.2 E2680.81414
G1 X77.388 Y56.2 E2681.14682
G1 X77.388 Y54.006 E2681.29951
G0 F3132 X77.388 Y53.954
G0 X77.144 Y54.072
G0 F11700 X77.144 Y53.572
;TYPE:WALL-OUTER
G1 F2100 X72.856 Y53.572 E2681.58136
G1 X72.542 Y53.422 E2681.60424
G1 X72.108 Y52.874 E2681.65019
G1 X72.108 Y56.7 E2681.90167
G1 X77.888 Y56.7 E2682.28159
G1 X77.888 Y52.877 E2682.53288
G1 X77.457 Y53.421 E2682.5785
G1 X77.451 Y53.424 E2682.57894
G0 F1890 X77.144 Y53.572
G0 F11700 X77.044 Y53.572
G1 F2400 E2676.07894
G1 F1200 Z10.05
G0 F11700 X76.488 Y54.972
G0 X78.077 Y52.296
G1 F1200 Z9.45
G1 F2400 E2682.79513
G1 F2733.2 X78.038 Y49.832 E2682.91958
G1 F2400 E2676.41958
G1 F1200 Z10.05
G0 F11700 X71.958 Y49.83
G1 F1200 Z9.45
G1 F2400 E2683.13578
G1 F2733.2 X71.919 Y52.292 E2683.26013
G1 F2400 E2676.76013
G1 F1200 Z10.05
G0 F11700 X75.083 Y54.552
;TYPE:FILL
G1 F1200 Z9.45
G1 F2400 E2683.47632
G1 F3900 X75.212 Y55.72 E2683.5581
G1 X76.085 Y55.72 E2683.61886
G1 X74.917 Y54.552 E2683.73382
G1 X76.908 Y54.552 E2683.87239
G1 X77.058 Y54.552
G0 F11700 X76.488 Y54.972
G1 F2400 E2677.37239
G1 F1200 Z10.05
G0 F11700 X77.144 Y38.668
;TYPE:WALL-INNER
G1 F1200 Z9.45
G1 F2400 E2684.08858
G1 F3480 X77.388 Y38.785 E2684.10741
G1 X77.388 Y36.948 E2684.23526
G1 X72.608 Y36.948 E2684.56793
G1 X72.608 Y38.787 E2684.69592
G1 X72.856 Y38.668 E2684.71507
G1 X76.821 Y38.668 E2684.99102
G0 F3132 X77.144 Y38.668
G0 F11700 X77.144 Y39.168
;TYPE:WALL-OUTER
G1 F2100 X77.458 Y39.319 E2685.01392
G1 X77.888 Y39.863 E2685.0595
G1 X77.888 Y36.448 E2685.28397
G1 X72.108 Y36.448 E2685.66389
G1 X72.108 Y39.865 E2685.88849
G1 X72.543 Y39.318 E2685.93443
G1 X72.856 Y39.168 E2685.95724
G1 X76.802 Y39.168 E2686.21661
G0 F1890 X77.144 Y39.168
G0 F11700 X77.234 Y39.211
G1 F2400 E2679.71661
G1 F1200 Z10.05
G0 F11700 X76.488 Y37.944
G0 X78.078 Y40.491
G1 F1200 Z9.45
G1 F2400 E2686.43281
G1 F2739.1 X78.038 Y42.912 E2686.55482
G1 F2400 E2680.05482
G1 F1200 Z10.05
G0 F11700 X71.958 Y42.912
G1 F1200 Z9.45
G1 F2400 E2686.77101
G1 F2739.1 X71.918 Y40.487 E2686.89324
G1 F2400 E2680.39324
G1 F1200 Z10.05
;MESH:NONMESH
G0 F11700 X68.761 Y37.929
;TIME_ELAPSED:1251.200512
;LAYER:31
;MESH:guia de montagem rolamento Y.stl(1)
G0 Z10.36
;TYPE:WALL-INNER
G1 F1200 Z9.76
G1 F2400 E2687.10943
G1 F4599.1 X68.761 Y37.475 E2687.13333
G1 X65.035 Y37.475 E2687.32955
G1 X65.035 Y37.929 E2687.35346
G1 X68.438 Y37.929 E2687.53267
G0 F3132 X68.761 Y37.929
G0 F11700 X69.044 Y38.456
G1 F3480 X69.288 Y38.571 E2687.55144
G1 X69.288 Y36.948 E2687.6644
G1 X64.508 Y36.948 E2687.99707
G1 X64.508 Y38.573 E2688.11016
G1 X64.756 Y38.456 E2688.12925
G1 X68.721 Y38.456 E2688.4052
G0 F3132 X69.044 Y38.456
G0 F11700 X69.044 Y38.956
;TYPE:WALL-OUTER
G1 F2100 X69.354 Y39.102 E2688.42772
G1 X69.788 Y39.633 E2688.4728
G1 X69.788 Y36.448 E2688.68215
G1 X64.008 Y36.448 E2689.06207
G1 X64.008 Y39.634 E2689.27149
G1 X64.447 Y39.101 E2689.31688
G1 X64.756 Y38.956 E2689.33931
G1 X68.702 Y38.956 E2689.59869
G0 F1890 X69.044 Y38.956
G0 F11700 X69.134 Y38.998
G1 F2400 E2683.09869
G1 F1200 Z10.36
G0 F11700 X69.978 Y40.247
G1 F1200 Z9.76
G1 F2400 E2689.81488
G1 F2745.1 X69.939 Y42.484 E2689.92738
G1 F2400 E2683.42738
G1 F1200 Z10.36
G0 F11700 X63.857 Y42.484
G1 F1200 Z9.76
G1 F2400 E2690.14357
G1 F2733.2 X63.818 Y40.247 E2690.25656
G1 F2400 E2683.75656
G1 F1200 Z10.36
G0 F11700 X68.659 Y55.571
;TYPE:WALL-INNER
G1 F1200 Z9.76
G1 F2400 E2690.47275
G1 F3173.3 X68.659 Y54.913 E2690.52297
G1 X65.137 Y54.913 E2690.79179
G1 X65.137 Y55.571 E2690.84201
G1 X68.336 Y55.571 E2691.08617
G0 F3132 X68.659 Y55.571
G1 F2400 E2684.58617
G1 F1200 Z10.36
G0 F11700 X69.044 Y54.284
G1 F1200 Z9.76
G1 F2400 E2691.30236
G1 F3480 X64.756 Y54.284 E2691.60079
G1 X64.508 Y54.167 E2691.61988
G1 X64.508 Y56.2 E2691.76137
G1 X69.288 Y56.2 E2692.09404
G1 X69.288 Y54.222 E2692.2317
G0 F3132 X69.288 Y54.169
G0 X69.044 Y54.284
G0 F11700 X69.044 Y53.784
;TYPE:WALL-OUTER
G1 F2100 X64.756 Y53.784 E2692.51356
G1 X64.447 Y53.639 E2692.53599
G1 X64.008 Y53.106 E2692.58138
G1 X64.008 Y56.7 E2692.81761
G1 X69.788 Y56.7 E2693.19754
G1 X69.788 Y53.109 E2693.43357
G1 X69.353 Y53.638 E2693.47859
G0 F1890 X69.044 Y53.784
G0 F11700 X68.944 Y53.784
G1 F2400 E2686.97859
G1 F1200 Z10.36
G0 F11700 X69.977 Y52.54
G1 F1200 Z9.76
G1 F2400 E2693.69478
G1 F2733.2 X69.938 Y50.258 E2693.81005
G1 F2400 E2687.31005
G1 F1200 Z10.36
G0 F11700 X63.857 Y50.258
G1 F1200 Z9.76
G1 F2400 E2694.02624
G1 F2733.2 X63.819 Y52.536 E2694.1413
G1 F2400 E2687.6413
G1 F1200 Z10.36
;MESH:guia de montagem rolamento Y.stl
G0 F11700 X76.759 Y55.571
;TYPE:WALL-INNER
G1 F1200 Z9.76
G1 F2400 E2694.35749
G1 F3173.3 X76.759 Y54.913 E2694.40771
G1 X73.237 Y54.913 E2694.67653
G1 X73.237 Y55.571 E2694.72675
G1 X76.436 Y55.571 E2694.97091
G0 F3132 X76.759 Y55.571
G1 F2400 E2688.47091
G1 F1200 Z10.36
G0 F11700 X77.144 Y54.284
G1 F1200 Z9.76
G1 F2400 E2695.1871
G1 F3480 X72.856 Y54.284 E2695.48553
G1 X72.608 Y54.167 E2695.50462
G1 X72.608 Y56.2 E2695.64611
G1 X77.388 Y56.2 E2695.97878
G1 X77.388 Y54.222 E2696.11644
G0 F3132 X77.388 Y54.169
G0 X77.144 Y54.284
G0 F11700 X77.144 Y53.784
;TYPE:WALL-OUTER
G1 F2100 X72.856 Y53.784 E2696.39829
G1 X72.547 Y53.639 E2696.42073
G1 X72.108 Y53.106 E2696.46612
G1 X72.108 Y56.7 E2696.70235
G1 X77.888 Y56.7 E2697.08227
G1 X77.888 Y53.109 E2697.31831
G1 X77.453 Y53.638 E2697.36333
G0 F1890 X77.144 Y53.784
G0 F11700 X77.044 Y53.784
G1 F2400 E2690.86333
G1 F1200 Z10.36
G0 F11700 X78.077 Y52.54
G1 F1200 Z9.76
G1 F2400 E2697.57952
G1 F2733.2 X78.038 Y50.258 E2697.69478
G1 F2400 E2691.19478
G1 F1200 Z10.36
G0 F11700 X71.957 Y50.258
G1 F1200 Z9.76
G1 F2400 E2697.91097
G1 F2733.2 X71.919 Y52.536 E2698.02604
G1 F2400 E2691.52604
G1 F1200 Z10.36
G0 F11700 X76.861 Y37.929
;TYPE:WALL-INNER
G1 F1200 Z9.76
G1 F2400 E2698.24223
G1 F4599.1 X76.861 Y37.475 E2698.26613
G1 X73.135 Y37.475 E2698.46235
G1 X73.135 Y37.929 E2698.48626
G1 X76.538 Y37.929 E2698.66547
G0 F3132 X76.861 Y37.929
G0 F11700 X77.144 Y38.456
G1 F3480 X77.388 Y38.571 E2698.68424
G1 X77.388 Y36.948 E2698.7972
G1 X72.608 Y36.948 E2699.12987
G1 X72.608 Y38.573 E2699.24296
G1 X72.856 Y38.456 E2699.26205
G1 X76.821 Y38.456 E2699.538
G0 F3132 X77.144 Y38.456
G0 F11700 X77.144 Y38.956
;TYPE:WALL-OUTER
G1 F2100 X77.454 Y39.102 E2699.56052
G1 X77.888 Y39.633 E2699.6056
G1 X77.888 Y36.448 E2699.81495
G1 X72.108 Y36.448 E2700.19487
G1 X72.108 Y39.634 E2700.40429
G1 X72.547 Y39.101 E2700.44968
G1 X72.856 Y38.956 E2700.47211
G1 X76.802 Y38.956 E2700.73149
G0 F1890 X77.144 Y38.956
G0 F11700 X77.234 Y38.998
G1 F2400 E2694.23149
G1 F1200 Z10.36
G0 F11700 X78.078 Y40.247
G1 F1200 Z9.76
G1 F2400 E2700.94768
G1 F2745.1 X78.039 Y42.484 E2701.06018
G1 F2400 E2694.56018
G1 F1200 Z10.36
G0 F11700 X71.957 Y42.484
G1 F1200 Z9.76
G1 F2400 E2701.27637
G1 F2733.2 X71.918 Y40.247 E2701.38936
G1 F2400 E2694.88936
G1 F1200 Z10.36
;MESH:NONMESH
G0 F11700 X69.04 Y38.264
;TIME_ELAPSED:1265.457752
;LAYER:32
;MESH:guia de montagem rolamento Y.stl(1)
G0 Z10.67
;TYPE:WALL-INNER
G1 F1200 Z10.07
G1 F2400 E2701.60555
G1 F3480 X69.288 Y38.379 E2701.62458
G1 X69.288 Y36.948 E2701.72417
G1 X64.508 Y36.948 E2702.05684
G1 X64.508 Y38.378 E2702.15637
G1 X64.756 Y38.264 E2702.17536
G1 X68.717 Y38.264 E2702.45104
G0 F3132 X69.04 Y38.264
G0 F11700 X69.04 Y38.764
;TYPE:WALL-OUTER
G1 F2100 X69.345 Y38.905 E2702.47312
G1 X69.788 Y39.426 E2702.51807
G1 X69.788 Y36.448 E2702.71382
G1 X64.008 Y36.448 E2703.09374
G1 X64.009 Y39.423 E2703.28929
G1 X64.452 Y38.904 E2703.33414
G1 X64.756 Y38.764 E2703.35614
G1 X68.698 Y38.764 E2703.61525
G0 F1890 X69.04 Y38.764
G0 F11700 X69.13 Y38.805
G1 F2400 E2697.11525
G1 F1200 Z10.67
G0 F11700 X68.564 Y37.848
G0 X69.978 Y40.027
G1 F1200 Z10.07
G1 F2400 E2703.83144
G1 F2757.1 X69.941 Y42.126 E2703.93654
G1 F2400 E2697.43654
G1 F1200 Z10.67
G0 F11700 X63.855 Y42.126
G1 F1200 Z10.07
G1 F2400 E2704.15273
G1 F2751.1 X63.818 Y40.023 E2704.25826
G1 F2400 E2697.75826
G1 F1200 Z10.67
G0 F11700 X69.04 Y54.476
;TYPE:WALL-INNER
G1 F1200 Z10.07
G1 F2400 E2704.47446
G1 F3480 X64.756 Y54.476 E2704.77261
G1 X64.509 Y54.362 E2704.79154
G1 X64.508 Y56.2 E2704.91946
G1 X69.288 Y56.2 E2705.25213
G1 X69.288 Y54.411 E2705.37664
G0 F3132 X69.288 Y54.361
G0 X69.04 Y54.476
G0 F11700 X69.04 Y53.976
;TYPE:WALL-OUTER
G1 F2100 X64.756 Y53.976 E2705.65823
G1 X64.451 Y53.836 E2705.68029
G1 X64.009 Y53.315 E2705.7252
G1 X64.008 Y56.7 E2705.9477
G1 X69.788 Y56.7 E2706.32762
G1 X69.788 Y53.314 E2706.55018
G1 X69.349 Y53.831 E2706.59476
G0 F1890 X69.345 Y53.835
G0 X69.04 Y53.976
G0 F11700 X68.94 Y53.976
G1 F2400 E2700.09476
G1 F1200 Z10.67
G0 F11700 X68.388 Y55.376
G0 X69.977 Y52.756
G1 F1200 Z10.07
G1 F2400 E2706.81095
G1 F2751.1 X69.941 Y50.614 E2706.91844
G1 F2400 E2700.41844
G1 F1200 Z10.67
G0 F11700 X63.855 Y50.614
G1 F1200 Z10.07
G1 F2400 E2707.13463
G1 F2745.1 X63.819 Y52.756 E2707.24235
G1 F2400 E2700.74235
G1 F1200 Z10.67
G0 F11700 X67.221 Y54.956
;TYPE:FILL
G1 F1200 Z10.07
G1 F2400 E2707.45854
G1 F3900 X67.985 Y55.72 E2707.53374
G1 X65.815 Y55.72 E2707.68477
G1 X66.579 Y54.956 E2707.75996
G1 X68.808 Y54.956 E2707.91509
G1 X68.958 Y54.956
G0 F11700 X68.388 Y55.376
G1 F2400 E2701.41509
G1 F1200 Z10.67
;MESH:guia de montagem rolamento Y.stl
G0 F11700 X77.14 Y54.476
;TYPE:WALL-INNER
G1 F1200 Z10.07
G1 F2400 E2708.13128
G1 F3480 X72.856 Y54.476 E2708.42944
G1 X72.609 Y54.362 E2708.44837
G1 X72.608 Y56.2 E2708.57629
G1 X77.388 Y56.2 E2708.90896
G1 X77.388 Y54.411 E2709.03347
G0 F3132 X77.388 Y54.361
G0 X77.14 Y54.476
G0 F11700 X77.14 Y53.976
;TYPE:WALL-OUTER
G1 F2100 X72.856 Y53.976 E2709.31506
G1 X72.551 Y53.836 E2709.33712
G1 X72.109 Y53.315 E2709.38203
G1 X72.108 Y56.7 E2709.60453
G1 X77.888 Y56.7 E2709.98445
G1 X77.888 Y53.314 E2710.20701
G1 X77.449 Y53.831 E2710.25159
G0 F1890 X77.445 Y53.835
G0 X77.14 Y53.976
G0 F11700 X77.04 Y53.976
G1 F2400 E2703.75159
G1 F1200 Z10.67
G0 F11700 X76.488 Y55.376
G0 X78.077 Y52.756
G1 F1200 Z10.07
G1 F2400 E2710.46778
G1 F2751.1 X78.041 Y50.614 E2710.57527
G1 F2400 E2704.07527
G1 F1200 Z10.67
G0 F11700 X71.955 Y50.614
G1 F1200 Z10.07
G1 F2400 E2710.79146
G1 F2745.1 X71.919 Y52.756 E2710.89918
G1 F2400 E2704.39918
G1 F1200 Z10.67
G0 F11700 X75.321 Y54.956
;TYPE:FILL
G1 F1200 Z10.07
G1 F2400 E2711.11537
G1 F3900 X76.085 Y55.72 E2711.19057
G1 X73.915 Y55.72 E2711.3416
G1 X74.679 Y54.956 E2711.41679
G1 X76.908 Y54.956 E2711.57192
G1 X77.058 Y54.956
G0 F11700 X76.488 Y55.376
G1 F2400 E2705.07192
G1 F1200 Z10.67
G0 F11700 X77.14 Y38.264
;TYPE:WALL-INNER
G1 F1200 Z10.07
G1 F2400 E2711.78811
G1 F3480 X77.388 Y38.379 E2711.80714
G1 X77.388 Y36.948 E2711.90673
G1 X72.608 Y36.948 E2712.23941
G1 X72.608 Y38.378 E2712.33893
G1 X72.856 Y38.264 E2712.35793
G1 X76.817 Y38.264 E2712.6336
G0 F3132 X77.14 Y38.264
G0 F11700 X77.14 Y38.764
;TYPE:WALL-OUTER
G1 F2100 X77.445 Y38.905 E2712.65569
G1 X77.888 Y39.426 E2712.70064
G1 X77.888 Y36.448 E2712.89638
G1 X72.108 Y36.448 E2713.2763
G1 X72.109 Y39.423 E2713.47185
G1 X72.552 Y38.904 E2713.5167
G1 X72.856 Y38.764 E2713.5387
G1 X76.798 Y38.764 E2713.79781
G0 F1890 X77.14 Y38.764
G0 F11700 X77.23 Y38.805
G1 F2400 E2707.29781
G1 F1200 Z10.67
G0 F11700 X76.664 Y37.848
G0 X78.078 Y40.027
G1 F1200 Z10.07
G1 F2400 E2714.014
G1 F2757.1 X78.041 Y42.126 E2714.1191
G1 F2400 E2707.6191
G1 F1200 Z10.67
G0 F11700 X71.955 Y42.126
G1 F1200 Z10.07
G1 F2400 E2714.33529
G1 F2751.1 X71.918 Y40.023 E2714.44083
G1 F2400 E2707.94083
G1 F1200 Z10.67
;MESH:NONMESH
G0 F11700 X65.08 Y37.52
;TIME_ELAPSED:1279.459735
;LAYER:33
;MESH:guia de montagem rolamento Y.stl(1)
G0 Z10.98
;TYPE:WALL-INNER
G1 F1200 Z10.38
G1 F2400 E2714.65702
G1 F3838.2 X68.716 Y37.52 E2714.88645
G0 F11700 X69.044 Y38.092
G1 F3480 X69.288 Y38.203 E2714.90511
G1 X69.288 Y36.948 E2714.99245
G1 X64.508 Y36.948 E2715.32513
G1 X64.508 Y38.202 E2715.4124
G1 X64.752 Y38.092 E2715.43103
G1 X68.721 Y38.092 E2715.70726
G0 F3132 X69.044 Y38.092
G0 F11700 X69.044 Y38.592
;TYPE:WALL-OUTER
G1 F2100 X69.346 Y38.729 E2715.72906
G1 X69.788 Y39.237 E2715.77332
G1 X69.788 Y36.448 E2715.95664
G1 X64.008 Y36.448 E2716.33656
G1 X64.008 Y39.235 E2716.51975
G1 X64.451 Y38.728 E2716.56401
G1 X64.752 Y38.592 E2716.58572
G1 X68.702 Y38.592 E2716.84535
G0 F1890 X69.044 Y38.592
G0 F11700 X69.134 Y38.633
G1 F2400 E2710.34535
G1 F1200 Z10.98
G0 F11700 X69.978 Y39.832
G1 F1200 Z10.38
G1 F2400 E2717.06154
G1 F2757.1 X69.941 Y41.823 E2717.16124
G1 F2400 E2710.66124
G1 F1200 Z10.98
G0 F11700 X63.855 Y41.823
G1 F1200 Z10.38
G1 F2400 E2717.37743
G1 F2745.1 X63.818 Y39.828 E2717.47776
G1 F2400 E2710.97776
G1 F1200 Z10.98
G0 F11700 X68.75 Y55.662
;TYPE:WALL-INNER
G1 F1200 Z10.38
G1 F2400 E2717.69395
G1 F4386.6 X68.75 Y55.186 E2717.72023
G1 X65.046 Y55.186 E2717.92474
G1 X65.046 Y55.662 E2717.95103
G1 X68.427 Y55.662 E2718.1377
G0 F3132 X68.75 Y55.662
G0 F11700 X69.044 Y54.648
G1 F3480 X64.756 Y54.648 E2718.43613
G1 X64.508 Y54.536 E2718.45507
G1 X64.508 Y56.2 E2718.57088
G1 X69.288 Y56.2 E2718.90355
G1 X69.288 Y54.592 E2719.01547
G0 F3132 X69.288 Y54.537
G0 X69.044 Y54.648
G0 F11700 X69.044 Y54.148
;TYPE:WALL-OUTER
G1 F2100 X64.756 Y54.148 E2719.29732
G1 X64.454 Y54.012 E2719.31909
G1 X64.008 Y53.501 E2719.36367
G1 X64.008 Y56.7 E2719.57394
G1 X69.788 Y56.7 E2719.95386
G1 X69.788 Y53.503 E2720.164
G1 X69.352 Y54.004 E2720.20766
G0 F1890 X69.346 Y54.011
G0 X69.044 Y54.148
G0 F11700 X68.944 Y54.148
G1 F2400 E2713.70766
G1 F1200 Z10.98
G0 F11700 X69.977 Y52.952
G1 F1200 Z10.38
G1 F2400 E2720.42385
G1 F2751.1 X69.941 Y50.921 E2720.52577
G1 F2400 E2714.02577
G1 F1200 Z10.98
G0 F11700 X63.855 Y50.921
G1 F1200 Z10.38
G1 F2400 E2720.74196
G1 F2745.1 X63.819 Y52.952 E2720.8441
G1 F2400 E2714.3441
G1 F1200 Z10.98
;MESH:guia de montagem rolamento Y.stl
G0 F11700 X76.85 Y55.662
;TYPE:WALL-INNER
G1 F1200 Z10.38
G1 F2400 E2721.06029
G1 F4386.6 X76.85 Y55.186 E2721.08657
G1 X73.146 Y55.186 E2721.29109
G1 X73.146 Y55.662 E2721.31737
G1 X76.527 Y55.662 E2721.50404
G0 F3132 X76.85 Y55.662
G0 F11700 X77.144 Y54.648
G1 F3480 X72.856 Y54.648 E2721.80248
G1 X72.608 Y54.536 E2721.82141
G1 X72.608 Y56.2 E2721.93722
G1 X77.388 Y56.2 E2722.2699
G1 X77.388 Y54.592 E2722.38181
G0 F3132 X77.388 Y54.537
G0 X77.144 Y54.648
G0 F11700 X77.144 Y54.148
;TYPE:WALL-OUTER
G1 F2100 X72.856 Y54.148 E2722.66366
G1 X72.554 Y54.012 E2722.68543
G1 X72.108 Y53.501 E2722.73001
G1 X72.108 Y56.7 E2722.94028
G1 X77.888 Y56.7 E2723.3202
G1 X77.888 Y53.503 E2723.53034
G1 X77.452 Y54.004 E2723.574
G0 F1890 X77.446 Y54.011
G0 X77.144 Y54.148
G0 F11700 X77.044 Y54.148
G1 F2400 E2717.074
G1 F1200 Z10.98
G0 F11700 X78.077 Y52.952
G1 F1200 Z10.38
G1 F2400 E2723.79019
G1 F2751.1 X78.041 Y50.921 E2723.89211
G1 F2400 E2717.39211
G1 F1200 Z10.98
G0 F11700 X71.955 Y50.921
G1 F1200 Z10.38
G1 F2400 E2724.1083
G1 F2745.1 X71.919 Y52.952 E2724.21044
G1 F2400 E2717.71044
G1 F1200 Z10.98
G0 F11700 X73.18 Y37.52
;TYPE:WALL-INNER
G1 F1200 Z10.38
G1 F2400 E2724.42663
G1 F3838.2 X76.816 Y37.52 E2724.65607
G0 F11700 X77.144 Y38.092
G1 F3480 X77.388 Y38.203 E2724.67473
G1 X77.388 Y36.948 E2724.76207
G1 X72.608 Y36.948 E2725.09474
G1 X72.608 Y38.202 E2725.18202
G1 X72.852 Y38.092 E2725.20065
G1 X76.821 Y38.092 E2725.47687
G0 F3132 X77.144 Y38.092
G0 F11700 X77.144 Y38.592
;TYPE:WALL-OUTER
G1 F2100 X77.446 Y38.729 E2725.49867
G1 X77.888 Y39.237 E2725.54293
G1 X77.888 Y36.448 E2725.72626
G1 X72.108 Y36.448 E2726.10618
G1 X72.108 Y39.235 E2726.28937
G1 X72.551 Y38.728 E2726.33362
G1 X72.852 Y38.592 E2726.35533
G1 X76.802 Y38.592 E2726.61497
G0 F1890 X77.144 Y38.592
G0 F11700 X77.234 Y38.633
G1 F2400 E2720.11497
G1 F1200 Z10.98
G0 F11700 X78.078 Y39.832
G1 F1200 Z10.38
G1 F2400 E2726.83116
G1 F2757.1 X78.041 Y41.823 E2726.93085
G1 F2400 E2720.43085
G1 F1200 Z10.98
G0 F11700 X71.955 Y41.823
G1 F1200 Z10.38
G1 F2400 E2727.14704
G1 F2745.1 X71.918 Y39.828 E2727.24738
G1 F2400 E2720.74738
G1 F1200 Z10.98
;MESH:NONMESH
G0 F11700 X69.044 Y37.836
;TIME_ELAPSED:1292.045246
;LAYER:34
;MESH:guia de montagem rolamento Y.stl(1)
G0 Z11.29
;TYPE:WALL-INNER
G1 F1200 Z10.69
G1 F2400 E2727.46357
G1 F2636.4 X69.192 Y37.902 E2727.47846
G1 X69.192 Y37.044 E2727.55728
G1 X64.604 Y37.044 E2727.97877
G1 X64.604 Y37.903 E2728.05768
G1 X64.756 Y37.836 E2728.07294
G1 X68.721 Y37.836 E2728.4372
G0 F3132 X69.044 Y37.836
G0 F11700 X69.044 Y38.432
;TYPE:WALL-OUTER
G1 F2100 X69.343 Y38.565 E2728.45871
G1 X69.788 Y39.064 E2728.50266
G1 X69.788 Y36.448 E2728.67461
G1 X64.008 Y36.448 E2729.05453
G1 X64.008 Y39.067 E2729.22668
G1 X64.458 Y38.565 E2729.27099
G1 X64.756 Y38.432 E2729.29244
G1 X68.702 Y38.432 E2729.55181
G0 F1890 X69.044 Y38.432
G0 F11700 X69.135 Y38.472
G1 F2400 E2723.05181
G1 F1200 Z11.29
G0 F11700 X69.978 Y39.652
G1 F1200 Z10.69
G1 F2400 E2729.768
G1 F2757.1 X69.941 Y41.555 E2729.86329
G1 F2400 E2723.36329
G1 F1200 Z11.29
G0 F11700 X63.857 Y41.555
G1 F1200 Z10.69
G1 F2400 E2730.07948
G1 F2739.1 X63.818 Y39.653 E2730.17535
G1 F2400 E2723.67535
G1 F1200 Z11.29
G0 F11700 X69.044 Y54.808
;TYPE:WALL-INNER
G1 F1200 Z10.69
G1 F2400 E2730.39154
G1 F3480 X64.756 Y54.808 E2730.68997
G1 X64.508 Y54.698 E2730.70886
G1 X64.508 Y56.2 E2730.81339
G1 X69.288 Y56.2 E2731.14606
G1 X69.288 Y54.755 E2731.24663
G0 F3132 X69.288 Y54.699
G0 X69.044 Y54.808
G0 F11700 X69.044 Y54.308
;TYPE:WALL-OUTER
G1 F2100 X64.756 Y54.308 E2731.52848
G1 X64.458 Y54.175 E2731.54993
G1 X64.008 Y53.673 E2731.59425
G1 X64.008 Y56.7 E2731.79321
G1 X69.788 Y56.7 E2732.17313
G1 X69.788 Y53.676 E2732.3719
G1 X69.353 Y54.164 E2732.41487
G0 F1890 X69.343 Y54.175
G0 X69.044 Y54.308
G0 F11700 X68.944 Y54.308
G1 F2400 E2725.91487
G1 F1200 Z11.29
G0 F11700 X68.388 Y55.708
G0 X69.977 Y53.132
G1 F1200 Z10.69
G1 F2400 E2732.63106
G1 F2751.1 X69.941 Y51.185 E2732.72877
G1 F2400 E2726.22877
G1 F1200 Z11.29
G0 F11700 X63.857 Y51.187
G1 F1200 Z10.69
G1 F2400 E2732.94496
G1 F2739.1 X63.819 Y53.132 E2733.04299
G1 F2400 E2726.54299
G1 F1200 Z11.29
G0 F11700 X67.553 Y55.288
;TYPE:FILL
G1 F1200 Z10.69
G1 F2400 E2733.25918
G1 F3900 X67.985 Y55.72 E2733.3017
G1 X65.815 Y55.72 E2733.45273
G1 X66.247 Y55.288 E2733.49525
G1 X68.808 Y55.288 E2733.67348
G1 X68.958 Y55.288
G0 F11700 X68.388 Y55.708
G1 F2400 E2727.17348
G1 F1200 Z11.29
;MESH:guia de montagem rolamento Y.stl
G0 F11700 X77.144 Y54.808
;TYPE:WALL-INNER
G1 F1200 Z10.69
G1 F2400 E2733.88968
G1 F3480 X72.856 Y54.808 E2734.18811
G1 X72.608 Y54.698 E2734.20699
G1 X72.608 Y56.2 E2734.31152
G1 X77.388 Y56.2 E2734.6442
G1 X77.388 Y54.755 E2734.74476
G0 F3132 X77.388 Y54.699
G0 X77.144 Y54.808
G0 F11700 X77.144 Y54.308
;TYPE:WALL-OUTER
G1 F2100 X72.856 Y54.308 E2735.02662
G1 X72.558 Y54.175 E2735.04807
G1 X72.108 Y53.673 E2735.09238
G1 X72.108 Y56.7 E2735.29134
G1 X77.888 Y56.7 E2735.67127
G1 X77.888 Y53.676 E2735.87003
G1 X77.453 Y54.164 E2735.913
G0 F1890 X77.443 Y54.175
G0 X77.144 Y54.308
G0 F11700 X77.044 Y54.308
G1 F2400 E2729.413
G1 F1200 Z11.29
G0 F11700 X76.488 Y55.708
G0 X78.077 Y53.132
G1 F1200 Z10.69
G1 F2400 E2736.1292
G1 F2751.1 X78.041 Y51.185 E2736.2269
G1 F2400 E2729.7269
G1 F1200 Z11.29
G0 F11700 X71.957 Y51.187
G1 F1200 Z10.69
G1 F2400 E2736.44309
G1 F2739.1 X71.919 Y53.132 E2736.54113
G1 F2400 E2730.04113
G1 F1200 Z11.29
G0 F11700 X75.653 Y55.288
;TYPE:FILL
G1 F1200 Z10.69
G1 F2400 E2736.75732
G1 F3900 X76.085 Y55.72 E2736.79984
G1 X73.915 Y55.72 E2736.95086
G1 X74.347 Y55.288 E2736.99338
G1 X76.908 Y55.288 E2737.17162
G1 X77.058 Y55.288
G0 F11700 X76.488 Y55.708
G1 F2400 E2730.67162
G1 F1200 Z11.29
G0 F11700 X77.144 Y37.836
;TYPE:WALL-INNER
G1 F1200 Z10.69
G1 F2400 E2737.38781
G1 F2636.4 X77.292 Y37.902 E2737.4027
G1 X77.292 Y37.044 E2737.48152
G1 X72.704 Y37.044 E2737.90301
G1 X72.704 Y37.903 E2737.98192
G1 X72.856 Y37.836 E2737.99718
G1 X76.821 Y37.836 E2738.36144
G0 F3132 X77.144 Y37.836
G0 F11700 X77.144 Y38.432
;TYPE:WALL-OUTER
G1 F2100 X77.443 Y38.565 E2738.38295
G1 X77.888 Y39.064 E2738.4269
G1 X77.888 Y36.448 E2738.59885
G1 X72.108 Y36.448 E2738.97877
G1 X72.108 Y39.067 E2739.15092
G1 X72.558 Y38.565 E2739.19523
G1 X72.856 Y38.432 E2739.21668
G1 X76.802 Y38.432 E2739.47605
G0 F1890 X77.144 Y38.432
G0 F11700 X77.235 Y38.472
G1 F2400 E2732.97605
G1 F1200 Z11.29
G0 F11700 X78.078 Y39.652
G1 F1200 Z10.69
G1 F2400 E2739.69224
G1 F2757.1 X78.041 Y41.555 E2739.78753
G1 F2400 E2733.28753
G1 F1200 Z11.29
G0 F11700 X71.957 Y41.555
G1 F1200 Z10.69
G1 F2400 E2740.00372
G1 F2739.1 X71.918 Y39.653 E2740.09959
G1 F2400 E2733.59959
G1 F1200 Z11.29
;MESH:NONMESH
G0 F11700 X64.93 Y37.37
;TIME_ELAPSED:1305.850389
;LAYER:35
;MESH:guia de montagem rolamento Y.stl(1)
G0 Z11.6
;TYPE:WALL-INNER
G1 F1200 Z11
G1 F2400 E2740.31578
G1 F8557.4 X68.866 Y37.37 E2740.42718
G0 F11700 X69.044 Y37.792
G1 F3480 X69.288 Y37.899 E2740.44572
G1 X69.288 Y36.948 E2740.51191
G1 X64.508 Y36.948 E2740.84458
G1 X64.508 Y37.899 E2740.91077
G1 X64.752 Y37.792 E2740.92931
G1 X68.721 Y37.792 E2741.20554
G0 F3132 X69.044 Y37.792
G0 F11700 X69.044 Y38.292
;TYPE:WALL-OUTER
G1 F2100 X69.34 Y38.422 E2741.22679
G1 X69.788 Y38.913 E2741.27048
G1 X69.788 Y36.448 E2741.43251
G1 X64.008 Y36.448 E2741.81243
G1 X64.009 Y38.911 E2741.97432
G1 X64.456 Y38.422 E2742.01787
G1 X64.752 Y38.292 E2742.03912
G1 X68.702 Y38.292 E2742.29876
G0 F1890 X69.044 Y38.292
G0 F11700 X69.135 Y38.332
G1 F2400 E2735.79876
G1 F1200 Z11.6
G0 F11700 X69.978 Y39.492
G1 F1200 Z11
G1 F2400 E2742.51495
G1 F2757.1 X69.941 Y41.327 E2742.60683
G1 F2400 E2736.10683
G1 F1200 Z11.6
G0 F11700 X63.857 Y41.325
G1 F1200 Z11
G1 F2400 E2742.82302
G1 F2739.1 X63.818 Y39.493 E2742.91537
G1 F2400 E2736.41537
G1 F1200 Z11.6
G0 F11700 X68.825 Y55.737
;TYPE:WALL-INNER
G1 F1200 Z11
G1 F2400 E2743.13156
G1 F6404.9 X68.825 Y55.411 E2743.14388
G1 X64.971 Y55.411 E2743.28962
G1 X64.971 Y55.737 E2743.30195
G1 X68.502 Y55.737 E2743.43547
G0 F3132 X68.825 Y55.737
G0 F11700 X69.044 Y54.948
G1 F3480 X64.752 Y54.948 E2743.73418
G1 X64.508 Y54.841 E2743.75272
G1 X64.508 Y56.2 E2743.8473
G1 X69.288 Y56.2 E2744.17998
G1 X69.288 Y54.898 E2744.27059
G0 F3132 X69.288 Y54.841
G0 X69.044 Y54.948
G0 F11700 X69.044 Y54.448
;TYPE:WALL-OUTER
G1 F2100 X64.752 Y54.448 E2744.55271
G1 X64.456 Y54.318 E2744.57396
G1 X64.009 Y53.829 E2744.6175
G1 X64.008 Y56.7 E2744.80622
G1 X69.788 Y56.7 E2745.18614
G1 X69.788 Y53.827 E2745.37498
G1 X69.353 Y54.304 E2745.41741
G0 F1890 X69.34 Y54.318
G0 X69.044 Y54.448
G0 F11700 X68.944 Y54.448
G1 F2400 E2738.91741
G1 F1200 Z11.6
G0 F11700 X69.977 Y53.292
G1 F1200 Z11
G1 F2400 E2745.6336
G1 F2751.1 X69.941 Y51.417 E2745.7277
G1 F2400 E2739.2277
G1 F1200 Z11.6
G0 F11700 X63.857 Y51.417
G1 F1200 Z11
G1 F2400 E2745.94389
G1 F2745.1 X63.819 Y53.292 E2746.03819
G1 F2400 E2739.53819
G1 F1200 Z11.6
;MESH:guia de montagem rolamento Y.stl
G0 F11700 X76.925 Y55.737
;TYPE:WALL-INNER
G1 F1200 Z11
G1 F2400 E2746.25438
G1 F6404.9 X76.925 Y55.411 E2746.26671
G1 X73.071 Y55.411 E2746.41245
G1 X73.071 Y55.737 E2746.42477
G1 X76.602 Y55.737 E2746.5583
G0 F3132 X76.925 Y55.737
G0 F11700 X77.144 Y54.948
G1 F3480 X72.852 Y54.948 E2746.857
G1 X72.608 Y54.841 E2746.87555
G1 X72.608 Y56.2 E2746.97013
G1 X77.388 Y56.2 E2747.3028
G1 X77.388 Y54.898 E2747.39342
G0 F3132 X77.388 Y54.841
G0 X77.144 Y54.948
G0 F11700 X77.144 Y54.448
;TYPE:WALL-OUTER
G1 F2100 X72.852 Y54.448 E2747.67553
G1 X72.556 Y54.318 E2747.69678
G1 X72.109 Y53.829 E2747.74033
G1 X72.108 Y56.7 E2747.92904
G1 X77.888 Y56.7 E2748.30896
G1 X77.888 Y53.827 E2748.49781
G1 X77.453 Y54.304 E2748.54024
G0 F1890 X77.44 Y54.318
G0 X77.144 Y54.448
G0 F11700 X77.044 Y54.448
G1 F2400 E2742.04024
G1 F1200 Z11.6
G0 F11700 X78.077 Y53.292
G1 F1200 Z11
G1 F2400 E2748.75643
G1 F2751.1 X78.041 Y51.417 E2748.85052
G1 F2400 E2742.35052
G1 F1200 Z11.6
G0 F11700 X71.957 Y51.417
G1 F1200 Z11
G1 F2400 E2749.06671
G1 F2745.1 X71.919 Y53.292 E2749.16102
G1 F2400 E2742.66102
G1 F1200 Z11.6
G0 F11700 X73.03 Y37.37
;TYPE:WALL-INNER
G1 F1200 Z11
G1 F2400 E2749.37721
G1 F8557.4 X76.966 Y37.37 E2749.48861
G0 F11700 X77.144 Y37.792
G1 F3480 X77.388 Y37.899 E2749.50715
G1 X77.388 Y36.948 E2749.57334
G1 X72.608 Y36.948 E2749.90601
G1 X72.608 Y37.899 E2749.9722
G1 X72.852 Y37.792 E2749.99074
G1 X76.821 Y37.792 E2750.26697
G0 F3132 X77.144 Y37.792
G0 F11700 X77.144 Y38.292
;TYPE:WALL-OUTER
G1 F2100 X77.44 Y38.422 E2750.28822
G1 X77.888 Y38.913 E2750.33191
G1 X77.888 Y36.448 E2750.49393
G1 X72.108 Y36.448 E2750.87385
G1 X72.109 Y38.911 E2751.03575
G1 X72.556 Y38.422 E2751.07929
G1 X72.852 Y38.292 E2751.10054
G1 X76.802 Y38.292 E2751.36018
G0 F1890 X77.144 Y38.292
G0 F11700 X77.235 Y38.332
G1 F2400 E2744.86018
G1 F1200 Z11.6
G0 F11700 X78.078 Y39.492
G1 F1200 Z11
G1 F2400 E2751.57637
G1 F2757.1 X78.041 Y41.327 E2751.66826
G1 F2400 E2745.16826
G1 F1200 Z11.6
G0 F11700 X71.957 Y41.325
G1 F1200 Z11
G1 F2400 E2751.88445
G1 F2739.1 X71.918 Y39.493 E2751.97679
G1 F2400 E2745.47679
G1 F1200 Z11.6
;MESH:NONMESH
G0 F11700 X69.044 Y37.635
;TIME_ELAPSED:1318.218397
;LAYER:36
;MESH:guia de montagem rolamento Y.stl(1)
G0 Z11.91
;TYPE:WALL-INNER
G1 F1200 Z11.31
G1 F2400 E2752.19298
G1 F3173.3 X69.259 Y37.728 E2752.21086
G1 X69.259 Y36.977 E2752.26818
G1 X64.537 Y36.977 E2752.62858
G1 X64.537 Y37.73 E2752.68606
G1 X64.756 Y37.635 E2752.70428
G1 X68.721 Y37.635 E2753.0069
G0 F3132 X69.044 Y37.635
G0 F11700 X69.044 Y38.164
;TYPE:WALL-OUTER
G1 F2100 X69.339 Y38.292 E2753.02804
G1 X69.788 Y38.779 E2753.07158
G1 X69.788 Y36.448 E2753.2248
G1 X64.008 Y36.448 E2753.60472
G1 X64.008 Y38.779 E2753.75794
G1 X64.463 Y38.291 E2753.80179
G1 X64.756 Y38.164 E2753.82278
G1 X68.702 Y38.164 E2754.08215
G0 F1890 X69.044 Y38.164
G0 F11700 X69.135 Y38.203
G1 F2400 E2747.58215
G1 F1200 Z11.91
G0 F11700 X69.978 Y39.357
G1 F1200 Z11.31
G1 F2400 E2754.29834
G1 F2757.1 X69.941 Y41.125 E2754.38688
G1 F2400 E2747.88688
G1 F1200 Z11.91
G0 F11700 X63.856 Y41.125
G1 F1200 Z11.31
G1 F2400 E2754.60307
G1 F2739.1 X63.818 Y39.353 E2754.69239
G1 F2400 E2748.19239
G1 F1200 Z11.91
G0 F11700 X69.157 Y56.069
;TYPE:WALL-INNER
G1 F1200 Z11.31
G1 F2400 E2754.90858
G1 F2422.3 X69.157 Y55.158 E2754.99967
G1 X69.044 Y55.207 E2755.01198
G1 X64.752 Y55.207 E2755.44113
G1 X64.639 Y55.158 E2755.45344
G1 X64.639 Y56.069 E2755.54453
G1 X68.834 Y56.069 E2755.96398
G0 F3132 X69.157 Y56.069
G1 F2400 E2749.46398
G1 F1200 Z11.91
G0 F11700 X69.044 Y54.576
;TYPE:WALL-OUTER
G1 F1200 Z11.31
G1 F2400 E2756.18017
G1 F2100 X64.752 Y54.576 E2756.46228
G1 X64.458 Y54.449 E2756.48333
G1 X64.008 Y53.962 E2756.52692
G1 X64.008 Y56.7 E2756.70689
G1 X69.788 Y56.7 E2757.08681
G1 X69.788 Y53.964 E2757.26665
G1 X69.353 Y54.433 E2757.30869
G0 F1890 X69.338 Y54.449
G0 X69.044 Y54.576
G0 F11700 X68.944 Y54.576
G1 F2400 E2750.80869
G1 F1200 Z11.91
G0 F11700 X69.977 Y53.432
G1 F1200 Z11.31
G1 F2400 E2757.52489
G1 F2751.1 X69.941 Y51.617 E2757.61597
G1 F2400 E2751.11597
G1 F1200 Z11.91
G0 F11700 X63.856 Y51.618
G1 F1200 Z11.31
G1 F2400 E2757.83216
G1 F2739.1 X63.819 Y53.432 E2757.92359
G1 F2400 E2751.42359
G1 F1200 Z11.91
;MESH:guia de montagem rolamento Y.stl
G0 F11700 X77.257 Y56.069
;TYPE:WALL-INNER
G1 F1200 Z11.31
G1 F2400 E2758.13978
G1 F2422.3 X77.257 Y55.158 E2758.23087
G1 X77.144 Y55.207 E2758.24319
G1 X72.852 Y55.207 E2758.67233
G1 X72.739 Y55.158 E2758.68465
G1 X72.739 Y56.069 E2758.77574
G1 X76.934 Y56.069 E2759.19518
G0 F3132 X77.257 Y56.069
G1 F2400 E2752.69518
G1 F1200 Z11.91
G0 F11700 X77.144 Y54.576
;TYPE:WALL-OUTER
G1 F1200 Z11.31
G1 F2400 E2759.41138
G1 F2100 X72.852 Y54.576 E2759.69349
G1 X72.558 Y54.449 E2759.71454
G1 X72.108 Y53.962 E2759.75812
G1 X72.108 Y56.7 E2759.93809
G1 X77.888 Y56.7 E2760.31802
G1 X77.888 Y53.964 E2760.49785
G1 X77.453 Y54.433 E2760.5399
G0 F1890 X77.438 Y54.449
G0 X77.144 Y54.576
G0 F11700 X77.044 Y54.576
G1 F2400 E2754.0399
G1 F1200 Z11.91
G0 F11700 X78.077 Y53.432
G1 F1200 Z11.31
G1 F2400 E2760.75609
G1 F2751.1 X78.041 Y51.617 E2760.84717
G1 F2400 E2754.34717
G1 F1200 Z11.91
G0 F11700 X71.956 Y51.618
G1 F1200 Z11.31
G1 F2400 E2761.06337
G1 F2739.1 X71.919 Y53.432 E2761.1548
G1 F2400 E2754.6548
G1 F1200 Z11.91
G0 F11700 X77.144 Y37.635
;TYPE:WALL-INNER
G1 F1200 Z11.31
G1 F2400 E2761.37099
G1 F3173.3 X77.359 Y37.728 E2761.38887
G1 X77.359 Y36.977 E2761.44619
G1 X72.637 Y36.977 E2761.80659
G1 X72.637 Y37.73 E2761.86406
G1 X72.856 Y37.635 E2761.88228
G1 X76.821 Y37.635 E2762.18491
G0 F3132 X77.144 Y37.635
G0 F11700 X77.144 Y38.164
;TYPE:WALL-OUTER
G1 F2100 X77.439 Y38.292 E2762.20605
G1 X77.888 Y38.779 E2762.24959
G1 X77.888 Y36.448 E2762.40281
G1 X72.108 Y36.448 E2762.78273
G1 X72.108 Y38.779 E2762.93594
G1 X72.563 Y38.291 E2762.9798
G1 X72.856 Y38.164 E2763.00079
G1 X76.802 Y38.164 E2763.26016
G0 F1890 X77.144 Y38.164
G0 F11700 X77.235 Y38.203
G1 F2400 E2756.76016
G1 F1200 Z11.91
G0 F11700 X78.078 Y39.357
G1 F1200 Z11.31
G1 F2400 E2763.47635
G1 F2757.1 X78.041 Y41.125 E2763.56489
G1 F2400 E2757.06489
G1 F1200 Z11.91
G0 F11700 X71.956 Y41.125
G1 F1200 Z11.31
G1 F2400 E2763.78108
G1 F2739.1 X71.918 Y39.353 E2763.8704
G1 F2400 E2757.3704
G1 F1200 Z11.91
;MESH:NONMESH
G0 F11700 X69.044 Y37.551
;TIME_ELAPSED:1331.433596
;LAYER:37
;MESH:guia de montagem rolamento Y.stl(1)
G0 Z12.22
;TYPE:WALL-INNER
G1 F1200 Z11.62
G1 F2400 E2764.08659
G1 F3468.4 X69.287 Y37.655 E2764.10504
G1 X69.287 Y36.949 E2764.15434
G1 X64.509 Y36.949 E2764.48798
G1 X64.509 Y37.657 E2764.53742
G1 X64.756 Y37.551 E2764.55619
G1 X68.721 Y37.551 E2764.83306
G0 F3132 X69.044 Y37.551
G0 F11700 X69.044 Y38.052
;TYPE:WALL-OUTER
G1 F2100 X69.336 Y38.177 E2764.85394
G1 X69.788 Y38.657 E2764.89728
G1 X69.788 Y36.448 E2765.04248
G1 X64.008 Y36.448 E2765.4224
G1 X64.008 Y38.662 E2765.56793
G1 X64.464 Y38.177 E2765.61168
G1 X64.756 Y38.052 E2765.63256
G1 X68.702 Y38.052 E2765.89193
G0 F1890 X69.044 Y38.052
G0 F11700 X69.135 Y38.091
G1 F2400 E2759.39193
G1 F1200 Z12.22
G0 F11700 X69.978 Y39.229
G1 F1200 Z11.62
G1 F2400 E2766.10812
G1 F2757.1 X69.941 Y40.951 E2766.19435
G1 F2400 E2759.69435
G1 F1200 Z12.22
G0 F11700 X63.857 Y40.949
G1 F1200 Z11.62
G1 F2400 E2766.41055
G1 F2733.2 X63.82 Y39.229 E2766.49743
G1 F2400 E2759.99743
G1 F1200 Z12.22
G0 F11700 X65.014 Y55.694
;TYPE:WALL-INNER
G1 F1200 Z11.62
G1 F2400 E2766.71362
G1 F5068 X68.782 Y55.694 E2766.89369
G0 F11700 X69.044 Y55.188
G1 F3480 X64.756 Y55.188 E2767.19212
G1 X64.508 Y55.081 E2767.21092
G1 X64.508 Y56.2 E2767.2888
G1 X69.288 Y56.2 E2767.62147
G1 X69.288 Y55.14 E2767.69525
G0 F3132 X69.288 Y55.083
G0 X69.044 Y55.188
G0 F11700 X69.044 Y54.688
;TYPE:WALL-OUTER
G1 F2100 X64.756 Y54.688 E2767.9771
G1 X64.464 Y54.563 E2767.99798
G1 X64.008 Y54.078 E2768.04173
G1 X64.008 Y56.7 E2768.21408
G1 X69.788 Y56.7 E2768.594
G1 X69.788 Y54.083 E2768.76602
G1 X69.352 Y54.546 E2768.80782
G0 F1890 X69.336 Y54.563
G0 X69.044 Y54.688
G0 F11700 X68.944 Y54.688
G1 F2400 E2762.30782
G1 F1200 Z12.22
G0 F11700 X69.977 Y53.556
G1 F1200 Z11.62
G1 F2400 E2769.02401
G1 F2751.1 X69.941 Y51.791 E2769.11259
G1 F2400 E2762.61259
G1 F1200 Z12.22
G0 F11700 X63.857 Y51.791
G1 F1200 Z11.62
G1 F2400 E2769.32878
G1 F2733.2 X63.821 Y53.556 E2769.41793
G1 F2400 E2762.91793
G1 F1200 Z12.22
;MESH:guia de montagem rolamento Y.stl
G0 F11700 X73.114 Y55.694
;TYPE:WALL-INNER
G1 F1200 Z11.62
G1 F2400 E2769.63412
G1 F5068 X76.882 Y55.694 E2769.8142
G0 F11700 X77.144 Y55.188
G1 F3480 X72.856 Y55.188 E2770.11263
G1 X72.608 Y55.081 E2770.13142
G1 X72.608 Y56.2 E2770.2093
G1 X77.388 Y56.2 E2770.54198
G1 X77.388 Y55.14 E2770.61575
G0 F3132 X77.388 Y55.083
G0 X77.144 Y55.188
G0 F11700 X77.144 Y54.688
;TYPE:WALL-OUTER
G1 F2100 X72.856 Y54.688 E2770.8976
G1 X72.564 Y54.563 E2770.91848
G1 X72.108 Y54.078 E2770.96224
G1 X72.108 Y56.7 E2771.13458
G1 X77.888 Y56.7 E2771.5145
G1 X77.888 Y54.083 E2771.68652
G1 X77.452 Y54.546 E2771.72832
G0 F1890 X77.436 Y54.563
G0 X77.144 Y54.688
G0 F11700 X77.044 Y54.688
G1 F2400 E2765.22832
G1 F1200 Z12.22
G0 F11700 X78.077 Y53.556
G1 F1200 Z11.62
G1 F2400 E2771.94451
G1 F2751.1 X78.041 Y51.791 E2772.03309
G1 F2400 E2765.53309
G1 F1200 Z12.22
G0 F11700 X71.957 Y51.791
G1 F1200 Z11.62
G1 F2400 E2772.24928
G1 F2733.2 X71.921 Y53.556 E2772.33843
G1 F2400 E2765.83843
G1 F1200 Z12.22
G0 F11700 X77.144 Y37.551
;TYPE:WALL-INNER
G1 F1200 Z11.62
G1 F2400 E2772.55463
G1 F3468.4 X77.387 Y37.655 E2772.57308
G1 X77.387 Y36.949 E2772.62238
G1 X72.609 Y36.949 E2772.95602
G1 X72.609 Y37.657 E2773.00546
G1 X72.856 Y37.551 E2773.02423
G1 X76.821 Y37.551 E2773.3011
G0 F3132 X77.144 Y37.551
G0 F11700 X77.144 Y38.052
;TYPE:WALL-OUTER
G1 F2100 X77.436 Y38.177 E2773.32198
G1 X77.888 Y38.657 E2773.36532
G1 X77.888 Y36.448 E2773.51052
G1 X72.108 Y36.448 E2773.89044
G1 X72.108 Y38.662 E2774.03596
G1 X72.564 Y38.177 E2774.07972
G1 X72.856 Y38.052 E2774.1006
G1 X76.802 Y38.052 E2774.35997
G0 F1890 X77.144 Y38.052
G0 F11700 X77.235 Y38.091
G1 F2400 E2767.85997
G1 F1200 Z12.22
G0 F11700 X78.078 Y39.229
G1 F1200 Z11.62
G1 F2400 E2774.57616
G1 F2757.1 X78.041 Y40.951 E2774.66239
G1 F2400 E2768.16239
G1 F1200 Z12.22
G0 F11700 X71.957 Y40.949
G1 F1200 Z11.62
G1 F2400 E2774.87858
G1 F2733.2 X71.92 Y39.229 E2774.96547
G1 F2400 E2768.46547
G1 F1200 Z12.22
;MESH:NONMESH
G0 F11700 X69.044 Y37.476
;TIME_ELAPSED:1343.356752
;LAYER:38
;MESH:guia de montagem rolamento Y.stl(1)
G0 Z12.53
;TYPE:WALL-INNER
G1 F1200 Z11.93
G1 F2400 E2775.18166
G1 F3782.6 X69.312 Y37.59 E2775.20031
G1 X69.312 Y36.924 E2775.24295
G1 X64.484 Y36.924 E2775.55208
G1 X64.485 Y37.591 E2775.59479
G1 X64.756 Y37.476 E2775.61364
G1 X68.721 Y37.476 E2775.86752
G0 F3132 X69.044 Y37.476
G0 F11700 X69.044 Y37.952
;TYPE:WALL-OUTER
G1 F2100 X69.334 Y38.075 E2775.88822
G1 X69.788 Y38.55 E2775.93141
G1 X69.788 Y36.448 E2776.06958
G1 X64.008 Y36.448 E2776.4495
G1 X64.009 Y38.554 E2776.58793
G1 X64.467 Y38.075 E2776.63149
G1 X64.756 Y37.952 E2776.65213
G1 X68.702 Y37.952 E2776.9115
G0 F1890 X69.044 Y37.952
G0 F11700 X69.136 Y37.991
G1 F2400 E2770.4115
G1 F1200 Z12.53
G0 F11700 X69.978 Y39.117
G1 F1200 Z11.93
G1 F2400 E2777.12769
G1 F2757.1 X69.941 Y40.799 E2777.21192
G1 F2400 E2770.71192
G1 F1200 Z12.53
G0 F11700 X63.856 Y40.797
G1 F1200 Z11.93
G1 F2400 E2777.42811
G1 F2727.3 X63.82 Y39.117 E2777.51316
G1 F2400 E2771.01316
G1 F1200 Z12.53
G0 F11700 X69.044 Y55.366
;TYPE:WALL-INNER
G1 F1200 Z11.93
G1 F2400 E2777.72935
G1 F2761.9 X64.756 Y55.366 E2778.10538
G1 X64.587 Y55.294 E2778.12149
G1 X64.586 Y56.122 E2778.19409
G1 X69.21 Y56.122 E2778.59958
G1 X69.21 Y55.439 E2778.65948
G0 F3132 X69.21 Y55.296
G0 X69.044 Y55.366
G0 F11700 X69.044 Y54.788
;TYPE:WALL-OUTER
G1 F2100 X64.756 Y54.788 E2778.94133
G1 X64.467 Y54.665 E2778.96197
G1 X64.009 Y54.186 E2779.00553
G1 X64.008 Y56.7 E2779.17078
G1 X69.788 Y56.7 E2779.5507
G1 X69.788 Y54.19 E2779.71568
G1 X69.352 Y54.646 E2779.75715
G0 F1890 X69.334 Y54.665
G0 X69.044 Y54.788
G0 F11700 X68.944 Y54.788
G1 F2400 E2773.25715
G1 F1200 Z12.53
G0 F11700 X69.977 Y53.668
G1 F1200 Z11.93
G1 F2400 E2779.97334
G1 F2751.1 X69.941 Y51.941 E2780.06001
G1 F2400 E2773.56001
G1 F1200 Z12.53
G0 F11700 X63.856 Y51.943
G1 F1200 Z11.93
G1 F2400 E2780.27621
G1 F2727.3 X63.821 Y53.668 E2780.36353
G1 F2400 E2773.86353
G1 F1200 Z12.53
;MESH:guia de montagem rolamento Y.stl
G0 F11700 X77.144 Y55.366
;TYPE:WALL-INNER
G1 F1200 Z11.93
G1 F2400 E2780.57972
G1 F2761.9 X72.856 Y55.366 E2780.95574
G1 X72.687 Y55.294 E2780.97185
G1 X72.686 Y56.122 E2781.04446
G1 X77.31 Y56.122 E2781.44995
G1 X77.31 Y55.439 E2781.50984
G0 F3132 X77.31 Y55.296
G0 X77.144 Y55.366
G0 F11700 X77.144 Y54.788
;TYPE:WALL-OUTER
G1 F2100 X72.856 Y54.788 E2781.7917
G1 X72.567 Y54.665 E2781.81234
G1 X72.109 Y54.186 E2781.8559
G1 X72.108 Y56.7 E2782.02115
G1 X77.888 Y56.7 E2782.40107
G1 X77.888 Y54.19 E2782.56605
G1 X77.452 Y54.646 E2782.60752
G0 F1890 X77.434 Y54.665
G0 X77.144 Y54.788
G0 F11700 X77.044 Y54.788
G1 F2400 E2776.10752
G1 F1200 Z12.53
G0 F11700 X78.077 Y53.668
G1 F1200 Z11.93
G1 F2400 E2782.82371
G1 F2751.1 X78.041 Y51.941 E2782.91038
G1 F2400 E2776.41038
G1 F1200 Z12.53
G0 F11700 X71.956 Y51.943
G1 F1200 Z11.93
G1 F2400 E2783.12657
G1 F2727.3 X71.921 Y53.668 E2783.2139
G1 F2400 E2776.7139
G1 F1200 Z12.53
G0 F11700 X77.144 Y37.476
;TYPE:WALL-INNER
G1 F1200 Z11.93
G1 F2400 E2783.43009
G1 F3782.6 X77.412 Y37.59 E2783.44874
G1 X77.412 Y36.924 E2783.49138
G1 X72.584 Y36.924 E2783.80051
G1 X72.585 Y37.591 E2783.84322
G1 X72.856 Y37.476 E2783.86207
G1 X76.821 Y37.476 E2784.11594
G0 F3132 X77.144 Y37.476
G0 F11700 X77.144 Y37.952
;TYPE:WALL-OUTER
G1 F2100 X77.434 Y38.075 E2784.13665
G1 X77.888 Y38.55 E2784.17984
G1 X77.888 Y36.448 E2784.318
G1 X72.108 Y36.448 E2784.69792
G1 X72.109 Y38.554 E2784.83635
G1 X72.567 Y38.075 E2784.87991
G1 X72.856 Y37.952 E2784.90056
G1 X76.802 Y37.952 E2785.15993
G0 F1890 X77.144 Y37.952
G0 F11700 X77.236 Y37.991
G1 F2400 E2778.65993
G1 F1200 Z12.53
G0 F11700 X78.078 Y39.117
G1 F1200 Z11.93
G1 F2400 E2785.37612
G1 F2757.1 X78.041 Y40.799 E2785.46035
G1 F2400 E2778.96035
G1 F1200 Z12.53
G0 F11700 X71.956 Y40.797
G1 F1200 Z11.93
G1 F2400 E2785.67654
G1 F2727.3 X71.92 Y39.117 E2785.76159
G1 F2400 E2779.26159
G1 F1200 Z12.53
;MESH:NONMESH
G0 F11700 X69.072 Y37.41
;TIME_ELAPSED:1355.139827
;LAYER:39
;MESH:guia de montagem rolamento Y.stl(1)
G0 Z12.84
;TYPE:WALL-INNER
G1 F1200 Z12.24
G1 F2400 E2785.97778
G1 F4110.2 X69.334 Y37.526 E2785.99466
G1 X69.334 Y36.902 E2786.03143
G1 X64.462 Y36.902 E2786.31852
G1 F4102.2 X64.462 Y37.527 E2786.35542
G1 X64.724 Y37.41 E2786.37236
G1 F4110.2 X68.749 Y37.41 E2786.60953
G0 F3132 X69.072 Y37.41
G0 F11700 X69.057 Y37.864
;TYPE:WALL-OUTER
G1 F2100 X69.333 Y37.986 E2786.62937
G1 X69.788 Y38.46 E2786.67256
G1 X69.788 Y36.448 E2786.80481
G1 X64.008 Y36.448 E2787.18473
G1 X64.008 Y38.462 E2787.31711
G1 X64.462 Y37.987 E2787.3603
G1 X64.739 Y37.864 E2787.38022
G1 X68.715 Y37.864 E2787.64156
G0 F1890 X69.057 Y37.864
G0 F11700 X69.148 Y37.904
G1 F2400 E2781.14156
G1 F1200 Z12.84
G0 F11700 X69.978 Y39.025
G1 F1200 Z12.24
G1 F2400 E2787.85775
G1 F2763.2 X69.942 Y40.672 E2787.94005
G1 F2400 E2781.44005
G1 F1200 Z12.84
G0 F11700 X63.856 Y40.67
G1 F1200 Z12.24
G1 F2400 E2788.15624
G1 F2733.2 X63.82 Y39.025 E2788.23934
G1 F2400 E2781.73934
G1 F1200 Z12.84
G0 F11700 X64.92 Y55.788
;TYPE:WALL-INNER
G1 F1200 Z12.24
G1 F2400 E2788.45553
G1 F9321.4 X68.876 Y55.788 E2788.55832
G0 F11700 X69.044 Y55.376
G1 F3480 X64.752 Y55.376 E2788.85703
G1 X64.508 Y55.272 E2788.87549
G1 X64.508 Y56.2 E2788.94007
G1 X69.288 Y56.2 E2789.27275
G1 X69.288 Y55.331 E2789.33322
G0 F3132 X69.288 Y55.273
G0 X69.044 Y55.376
G0 F11700 X69.044 Y54.876
;TYPE:WALL-OUTER
G1 F2100 X64.752 Y54.876 E2789.61534
G1 X64.462 Y54.753 E2789.63605
G1 X64.008 Y54.278 E2789.67923
G1 X64.008 Y56.7 E2789.83843
G1 X69.788 Y56.7 E2790.21835
G1 X69.788 Y54.28 E2790.37742
G1 X69.352 Y54.734 E2790.4188
G0 F1890 X69.333 Y54.754
G0 X69.044 Y54.876
G0 F11700 X68.944 Y54.876
G1 F2400 E2783.9188
G1 F1200 Z12.84
G0 F11700 X69.977 Y53.76
G1 F1200 Z12.24
G1 F2400 E2790.63499
G1 F2757.1 X69.942 Y52.07 E2790.71961
G1 F2400 E2784.21961
G1 F1200 Z12.84
G0 F11700 X63.856 Y52.07
G1 F1200 Z12.24
G1 F2400 E2790.93581
G1 F2727.3 X63.821 Y53.76 E2791.02136
G1 F2400 E2784.52136
G1 F1200 Z12.84
;MESH:guia de montagem rolamento Y.stl
G0 F11700 X73.02 Y55.788
;TYPE:WALL-INNER
G1 F1200 Z12.24
G1 F2400 E2791.23755
G1 F9321.4 X76.976 Y55.788 E2791.34034
G0 F11700 X77.144 Y55.376
G1 F3480 X72.852 Y55.376 E2791.63905
G1 X72.608 Y55.272 E2791.65751
G1 X72.608 Y56.2 E2791.72209
G1 X77.388 Y56.2 E2792.05477
G1 X77.388 Y55.331 E2792.11525
G0 F3132 X77.388 Y55.273
G0 X77.144 Y55.376
G0 F11700 X77.144 Y54.876
;TYPE:WALL-OUTER
G1 F2100 X72.852 Y54.876 E2792.39736
G1 X72.562 Y54.753 E2792.41807
G1 X72.108 Y54.278 E2792.46125
G1 X72.108 Y56.7 E2792.62045
G1 X77.888 Y56.7 E2793.00038
G1 X77.888 Y54.28 E2793.15944
G1 X77.452 Y54.734 E2793.20082
G0 F1890 X77.433 Y54.754
G0 X77.144 Y54.876
G0 F11700 X77.044 Y54.876
G1 F2400 E2786.70082
G1 F1200 Z12.84
G0 F11700 X78.077 Y53.76
G1 F1200 Z12.24
G1 F2400 E2793.41701
G1 F2757.1 X78.042 Y52.07 E2793.50164
G1 F2400 E2787.00164
G1 F1200 Z12.84
G0 F11700 X71.956 Y52.07
G1 F1200 Z12.24
G1 F2400 E2793.71783
G1 F2727.3 X71.921 Y53.76 E2793.80338
G1 F2400 E2787.30338
G1 F1200 Z12.84
G0 F11700 X77.172 Y37.41
;TYPE:WALL-INNER
G1 F1200 Z12.24
G1 F2400 E2794.01957
G1 F4110.2 X77.434 Y37.526 E2794.03645
G1 X77.434 Y36.902 E2794.07322
G1 X72.562 Y36.902 E2794.36031
G1 F4102.2 X72.562 Y37.527 E2794.39721
G1 X72.824 Y37.41 E2794.41415
G1 F4110.2 X76.849 Y37.41 E2794.65132
G0 F3132 X77.172 Y37.41
G0 F11700 X77.157 Y37.864
;TYPE:WALL-OUTER
G1 F2100 X77.433 Y37.986 E2794.67116
G1 X77.888 Y38.46 E2794.71435
G1 X77.888 Y36.448 E2794.8466
G1 X72.108 Y36.448 E2795.22652
G1 X72.108 Y38.462 E2795.3589
G1 X72.562 Y37.987 E2795.40209
G1 X72.839 Y37.864 E2795.42201
G1 X76.815 Y37.864 E2795.68335
G0 F1890 X77.157 Y37.864
G0 F11700 X77.248 Y37.904
G1 F2400 E2789.18335
G1 F1200 Z12.84
G0 F11700 X78.078 Y39.025
G1 F1200 Z12.24
G1 F2400 E2795.89954
G1 F2763.2 X78.042 Y40.672 E2795.98184
G1 F2400 E2789.48184
G1 F1200 Z12.84
G0 F11700 X71.956 Y40.67
G1 F1200 Z12.24
G1 F2400 E2796.19803
G1 F2733.2 X71.92 Y39.025 E2796.28113
G1 F2400 E2789.78113
G1 F1200 Z12.84
;MESH:NONMESH
G0 F11700 X69.1 Y37.357
;TIME_ELAPSED:1366.932048
;LAYER:40
;MESH:guia de montagem rolamento Y.stl(1)
G0 Z13.15
;TYPE:WALL-INNER
G1 F1200 Z12.55
G1 F2400 E2796.49732
G1 F4414.4 X69.352 Y37.473 E2796.51254
G1 X69.352 Y36.884 E2796.54485
G1 F4405.1 X64.445 Y36.885 E2796.81465
G1 X64.444 Y37.474 E2796.84703
G1 X64.697 Y37.357 E2796.86236
G1 X68.777 Y37.357 E2797.08668
G0 F3132 X69.1 Y37.357
G0 F11700 X69.071 Y37.792
;TYPE:WALL-OUTER
G1 F2100 X69.332 Y37.912 E2797.10557
G1 X69.788 Y38.382 E2797.14861
G1 X69.788 Y36.448 E2797.27573
G1 X64.008 Y36.448 E2797.65565
G1 X64.007 Y38.386 E2797.78304
G1 X64.47 Y37.912 E2797.82659
G1 X64.728 Y37.793 E2797.84527
G1 X68.729 Y37.792 E2798.10825
G0 F1890 X69.071 Y37.792
G0 F11700 X69.161 Y37.833
G1 F2400 E2791.60825
G1 F1200 Z13.15
G0 F11700 X69.978 Y38.946
G1 F1200 Z12.55
G1 F2400 E2798.32444
G1 F2751.1 X69.94 Y40.562 E2798.40555
G1 F2400 E2791.90555
G1 F1200 Z13.15
G0 F11700 X63.856 Y40.562
G1 F1200 Z12.55
G1 F2400 E2798.62174
G1 F2733.2 X63.82 Y38.941 E2798.70362
G1 F2400 E2792.20362
G1 F1200 Z13.15
G0 F11700 X69.04 Y55.486
;TYPE:WALL-INNER
G1 F1200 Z12.55
G1 F2400 E2798.91982
G1 F3088.8 X64.756 Y55.486 E2799.25573
G1 X64.546 Y55.398 E2799.27359
G1 X64.546 Y56.162 E2799.3335
G1 X69.25 Y56.162 E2799.70235
G1 X69.25 Y55.495 E2799.75465
G0 F3132 X69.25 Y55.399
G0 X69.04 Y55.486
G0 F11700 X69.04 Y54.948
;TYPE:WALL-OUTER
G1 F2100 X64.756 Y54.948 E2800.03624
G1 X64.47 Y54.828 E2800.05662
G1 X64.007 Y54.354 E2800.10018
G1 X64.008 Y56.7 E2800.25438
G1 X69.788 Y56.7 E2800.6343
G1 X69.788 Y54.359 E2800.78818
G1 X69.348 Y54.806 E2800.8294
G0 F1890 X69.326 Y54.829
G0 X69.04 Y54.948
G0 F11700 X68.94 Y54.948
G1 F2400 E2794.3294
G1 F1200 Z13.15
G0 F11700 X69.977 Y53.844
G1 F1200 Z12.55
G1 F2400 E2801.0456
G1 F2745.1 X69.94 Y52.182 E2801.12919
G1 F2400 E2794.62919
G1 F1200 Z13.15
G0 F11700 X63.856 Y52.182
G1 F1200 Z12.55
G1 F2400 E2801.34538
G1 F2727.3 X63.821 Y53.844 E2801.42951
G1 F2400 E2794.92951
G1 F1200 Z13.15
;MESH:guia de montagem rolamento Y.stl
G0 F11700 X77.14 Y55.486
;TYPE:WALL-INNER
G1 F1200 Z12.55
G1 F2400 E2801.64571
G1 F3088.8 X72.856 Y55.486 E2801.98162
G1 X72.646 Y55.398 E2801.99948
G1 X72.646 Y56.162 E2802.05939
G1 X77.35 Y56.162 E2802.42824
G1 X77.35 Y55.495 E2802.48054
G0 F3132 X77.35 Y55.399
G0 X77.14 Y55.486
G0 F11700 X77.14 Y54.948
;TYPE:WALL-OUTER
G1 F2100 X72.856 Y54.948 E2802.76213
G1 X72.57 Y54.828 E2802.78251
G1 X72.107 Y54.354 E2802.82607
G1 X72.108 Y56.7 E2802.98027
G1 X77.888 Y56.7 E2803.36019
G1 X77.888 Y54.359 E2803.51407
G1 X77.448 Y54.806 E2803.55529
G0 F1890 X77.426 Y54.829
G0 X77.14 Y54.948
G0 F11700 X77.04 Y54.948
G1 F2400 E2797.05529
G1 F1200 Z13.15
G0 F11700 X78.077 Y53.844
G1 F1200 Z12.55
G1 F2400 E2803.77149
G1 F2745.1 X78.04 Y52.182 E2803.85508
G1 F2400 E2797.35508
G1 F1200 Z13.15
G0 F11700 X71.956 Y52.182
G1 F1200 Z12.55
G1 F2400 E2804.07127
G1 F2727.3 X71.921 Y53.844 E2804.1554
G1 F2400 E2797.6554
G1 F1200 Z13.15
G0 F11700 X77.2 Y37.357
;TYPE:WALL-INNER
G1 F1200 Z12.55
G1 F2400 E2804.3716
G1 F4414.4 X77.452 Y37.473 E2804.38682
G1 X77.452 Y36.884 E2804.41913
G1 F4405.1 X72.545 Y36.885 E2804.68893
G1 X72.544 Y37.474 E2804.72131
G1 X72.797 Y37.357 E2804.73664
G1 X76.877 Y37.357 E2804.96096
G0 F3132 X77.2 Y37.357
G0 F11700 X77.171 Y37.792
;TYPE:WALL-OUTER
G1 F2100 X77.432 Y37.912 E2804.97984
G1 X77.888 Y38.382 E2805.02289
G1 X77.888 Y36.448 E2805.15001
G1 X72.108 Y36.448 E2805.52993
G1 X72.107 Y38.386 E2805.65732
G1 X72.57 Y37.912 E2805.70087
G1 X72.828 Y37.793 E2805.71954
G1 X76.829 Y37.792 E2805.98253
G0 F1890 X77.171 Y37.792
G0 F11700 X77.261 Y37.833
G1 F2400 E2799.48253
G1 F1200 Z13.15
G0 F11700 X78.078 Y38.946
G1 F1200 Z12.55
G1 F2400 E2806.19872
G1 F2751.1 X78.04 Y40.562 E2806.27983
G1 F2400 E2799.77983
G1 F1200 Z13.15
G0 F11700 X71.956 Y40.562
G1 F1200 Z12.55
G1 F2400 E2806.49602
G1 F2733.2 X71.92 Y38.941 E2806.5779
G1 F2400 E2800.0779
G1 F1200 Z13.15
;MESH:NONMESH
G0 F11700 X69.122 Y37.314
;TIME_ELAPSED:1378.591260
;LAYER:41
;MESH:guia de montagem rolamento Y.stl(1)
G0 Z13.46
;TYPE:WALL-INNER
G1 F1200 Z12.86
G1 F2400 E2806.79409
G1 F4692.1 X69.366 Y37.431 E2806.80806
G1 X69.366 Y36.87 E2806.83702
G1 F4702.7 X64.431 Y36.871 E2807.09118
G1 X64.431 Y37.43 E2807.11997
G1 X64.674 Y37.313 E2807.13386
G1 X68.799 Y37.314 E2807.3463
G0 F3132 X69.122 Y37.314
G0 F11700 X69.08 Y37.734
;TYPE:WALL-OUTER
G1 F2100 X69.325 Y37.85 E2807.36412
G1 X69.788 Y38.318 E2807.40739
G1 X69.788 Y36.448 E2807.53031
G1 X64.009 Y36.449 E2807.91016
G1 X64.009 Y38.32 E2808.03315
G1 X64.47 Y37.851 E2808.07637
G1 X64.716 Y37.733 E2808.09431
G1 X68.738 Y37.734 E2808.35867
G0 F1890 X69.08 Y37.734
G0 F11700 X69.17 Y37.776
G1 F2400 E2801.85867
G1 F1200 Z13.46
G0 F11700 X69.978 Y38.878
G1 F1200 Z12.86
G1 F2400 E2808.57486
G1 F2751.1 X69.94 Y40.47 E2808.65476
G1 F2400 E2802.15476
G1 F1200 Z13.46
G0 F11700 X63.856 Y40.47
G1 F1200 Z12.86
G1 F2400 E2808.87096
G1 F2727.3 X63.82 Y38.878 E2808.95155
G1 F2400 E2802.45155
G1 F1200 Z13.46
G0 F11700 X69.04 Y55.531
;TYPE:WALL-INNER
G1 F1200 Z12.86
G1 F2400 E2809.16774
G1 F3232.2 X64.756 Y55.531 E2809.48875
G1 X64.531 Y55.437 E2809.50702
G1 X64.531 Y56.177 E2809.56247
G1 X69.265 Y56.177 E2809.91721
G1 X69.265 Y55.518 E2809.96659
G0 F3132 X69.265 Y55.438
G0 X69.04 Y55.531
G0 F11700 X69.04 Y55.008
;TYPE:WALL-OUTER
G1 F2100 X64.756 Y55.008 E2810.24818
G1 X64.47 Y54.889 E2810.26854
G1 X64.009 Y54.42 E2810.31176
G1 X64.008 Y56.7 E2810.46163
G1 X69.788 Y56.7 E2810.84155
G1 X69.788 Y54.422 E2810.99128
G1 X69.349 Y54.866 E2811.03232
G0 F1890 X69.325 Y54.89
G0 X69.04 Y55.008
G0 F11700 X68.94 Y55.008
G1 F2400 E2804.53232
G1 F1200 Z13.46
G0 F11700 X69.977 Y53.908
G1 F1200 Z12.86
G1 F2400 E2811.24852
G1 F2745.1 X69.94 Y52.27 E2811.3309
G1 F2400 E2804.8309
G1 F1200 Z13.46
G0 F11700 X63.856 Y52.27
G1 F1200 Z12.86
G1 F2400 E2811.54709
G1 F2727.3 X63.821 Y53.908 E2811.63001
G1 F2400 E2805.13001
G1 F1200 Z13.46
;MESH:guia de montagem rolamento Y.stl
G0 F11700 X77.14 Y55.531
;TYPE:WALL-INNER
G1 F1200 Z12.86
G1 F2400 E2811.8462
G1 F3232.2 X72.856 Y55.531 E2812.16722
G1 X72.631 Y55.437 E2812.18549
G1 X72.631 Y56.177 E2812.24094
G1 X77.365 Y56.177 E2812.59567
G1 X77.365 Y55.518 E2812.64505
G0 F3132 X77.365 Y55.438
G0 X77.14 Y55.531
G0 F11700 X77.14 Y55.008
;TYPE:WALL-OUTER
G1 F2100 X72.856 Y55.008 E2812.92664
G1 X72.57 Y54.889 E2812.947
G1 X72.109 Y54.42 E2812.99023
G1 X72.108 Y56.7 E2813.14009
G1 X77.888 Y56.7 E2813.52001
G1 X77.888 Y54.422 E2813.66975
G1 X77.449 Y54.866 E2813.71079
G0 F1890 X77.425 Y54.89
G0 X77.14 Y55.008
G0 F11700 X77.04 Y55.008
G1 F2400 E2807.21079
G1 F1200 Z13.46
G0 F11700 X78.077 Y53.908
G1 F1200 Z12.86
G1 F2400 E2813.92698
G1 F2745.1 X78.04 Y52.27 E2814.00936
G1 F2400 E2807.50936
G1 F1200 Z13.46
G0 F11700 X71.956 Y52.27
G1 F1200 Z12.86
G1 F2400 E2814.22555
G1 F2727.3 X71.921 Y53.908 E2814.30848
G1 F2400 E2807.80848
G1 F1200 Z13.46
G0 F11700 X77.222 Y37.314
;TYPE:WALL-INNER
G1 F1200 Z12.86
G1 F2400 E2814.52467
G1 F4692.1 X77.466 Y37.431 E2814.53864
G1 X77.466 Y36.87 E2814.56759
G1 F4702.7 X72.531 Y36.871 E2814.82175
G1 X72.531 Y37.43 E2814.85054
G1 X72.774 Y37.313 E2814.86443
G1 X76.899 Y37.314 E2815.07688
G0 F3132 X77.222 Y37.314
G0 F11700 X77.18 Y37.734
;TYPE:WALL-OUTER
G1 F2100 X77.425 Y37.85 E2815.0947
G1 X77.888 Y38.318 E2815.13797
G1 X77.888 Y36.448 E2815.26088
G1 X72.109 Y36.449 E2815.64074
G1 X72.109 Y38.32 E2815.76372
G1 X72.57 Y37.851 E2815.80695
G1 X72.816 Y37.733 E2815.82488
G1 X76.838 Y37.734 E2816.08925
G0 F1890 X77.18 Y37.734
G0 F11700 X77.27 Y37.776
G1 F2400 E2809.58925
G1 F1200 Z13.46
G0 F11700 X78.078 Y38.878
G1 F1200 Z12.86
G1 F2400 E2816.30544
G1 F2751.1 X78.04 Y40.47 E2816.38534
G1 F2400 E2809.88534
G1 F1200 Z13.46
G0 F11700 X71.956 Y40.47
G1 F1200 Z12.86
G1 F2400 E2816.60153
G1 F2727.3 X71.92 Y38.878 E2816.68212
G1 F2400 E2810.18212
G1 F1200 Z13.46
;MESH:NONMESH
G0 F11700 X69.143 Y37.276
;TIME_ELAPSED:1390.205746
;LAYER:42
;MESH:guia de montagem rolamento Y.stl(1)
G0 Z13.77
;TYPE:WALL-INNER
G1 F1200 Z13.17
G1 F2400 E2816.89832
G1 F4971.4 X69.378 Y37.392 E2816.91108
G1 X69.378 Y36.858 E2816.9371
G1 X64.418 Y36.858 E2817.17874
G1 X64.418 Y37.392 E2817.20475
G1 X64.654 Y37.276 E2817.21757
G1 X68.82 Y37.276 E2817.42052
G0 F3132 X69.143 Y37.276
G0 F11700 X69.093 Y37.683
;TYPE:WALL-OUTER
G1 F2100 X69.33 Y37.799 E2817.43787
G1 X69.788 Y38.265 E2817.48082
G1 X69.788 Y36.448 E2817.60025
G1 X64.008 Y36.448 E2817.98017
G1 X64.009 Y38.266 E2818.09967
G1 X64.471 Y37.798 E2818.14289
G1 X64.705 Y37.683 E2818.16003
G1 X68.751 Y37.683 E2818.42597
G0 F1890 X69.093 Y37.683
G0 F11700 X69.182 Y37.726
G1 F2400 E2811.92597
G1 F1200 Z13.77
G0 F11700 X69.978 Y38.826
G1 F1200 Z13.17
G1 F2400 E2818.64217
G1 F2751.1 X69.94 Y40.398 E2818.72106
G1 F2400 E2812.22106
G1 F1200 Z13.77
G0 F11700 X63.856 Y40.398
G1 F1200 Z13.17
G1 F2400 E2818.93725
G1 F2727.3 X63.82 Y38.822 E2819.01704
G1 F2400 E2812.51704
G1 F1200 Z13.77
G0 F11700 X69.044 Y55.57
;TYPE:WALL-INNER
G1 F1200 Z13.17
G1 F2400 E2819.23323
G1 F3367.7 X64.756 Y55.57 E2819.54161
G1 X64.518 Y55.471 E2819.56015
G1 X64.518 Y56.19 E2819.61186
G1 X69.278 Y56.19 E2819.95418
G1 X69.278 Y55.541 E2820.00085
G0 F3132 X69.278 Y55.472
G0 X69.044 Y55.57
G0 F11700 X69.044 Y55.06
;TYPE:WALL-OUTER
G1 F2100 X64.756 Y55.06 E2820.2827
G1 X64.471 Y54.942 E2820.30298
G1 X64.008 Y54.473 E2820.3463
G1 X64.008 Y56.7 E2820.49268
G1 X69.788 Y56.7 E2820.8726
G1 X69.788 Y54.478 E2821.01865
G1 X69.353 Y54.918 E2821.05932
G0 F1890 X69.329 Y54.942
G0 X69.044 Y55.06
G0 F11700 X68.944 Y55.06
G1 F2400 E2814.55932
G1 F1200 Z13.77
G0 F11700 X69.977 Y53.964
G1 F1200 Z13.17
G1 F2400 E2821.27551
G1 F2745.1 X69.94 Y52.342 E2821.3571
G1 F2400 E2814.8571
G1 F1200 Z13.77
G0 F11700 X63.856 Y52.342
G1 F1200 Z13.17
G1 F2400 E2821.57329
G1 F2727.3 X63.821 Y53.964 E2821.6554
G1 F2400 E2815.1554
G1 F1200 Z13.77
;MESH:guia de montagem rolamento Y.stl
G0 F11700 X77.144 Y55.57
;TYPE:WALL-INNER
G1 F1200 Z13.17
G1 F2400 E2821.87159
G1 F3367.7 X72.856 Y55.57 E2822.17997
G1 X72.618 Y55.471 E2822.19851
G1 X72.618 Y56.19 E2822.25021
G1 X77.378 Y56.19 E2822.59254
G1 X77.378 Y55.541 E2822.63921
G0 F3132 X77.378 Y55.472
G0 X77.144 Y55.57
G0 F11700 X77.144 Y55.06
;TYPE:WALL-OUTER
G1 F2100 X72.856 Y55.06 E2822.92106
G1 X72.571 Y54.942 E2822.94134
G1 X72.108 Y54.473 E2822.98466
G1 X72.108 Y56.7 E2823.13104
G1 X77.888 Y56.7 E2823.51096
G1 X77.888 Y54.478 E2823.65701
G1 X77.453 Y54.918 E2823.69768
G0 F1890 X77.429 Y54.942
G0 X77.144 Y55.06
G0 F11700 X77.044 Y55.06
G1 F2400 E2817.19768
G1 F1200 Z13.77
G0 F11700 X78.077 Y53.964
G1 F1200 Z13.17
G1 F2400 E2823.91387
G1 F2745.1 X78.04 Y52.342 E2823.99546
G1 F2400 E2817.49546
G1 F1200 Z13.77
G0 F11700 X71.956 Y52.342
G1 F1200 Z13.17
G1 F2400 E2824.21165
G1 F2727.3 X71.921 Y53.964 E2824.29376
G1 F2400 E2817.79376
G1 F1200 Z13.77
G0 F11700 X77.243 Y37.276
;TYPE:WALL-INNER
G1 F1200 Z13.17
G1 F2400 E2824.50995
G1 F4971.4 X77.478 Y37.392 E2824.52272
G1 X77.478 Y36.858 E2824.54873
G1 X72.518 Y36.858 E2824.79037
G1 X72.518 Y37.392 E2824.81639
G1 X72.754 Y37.276 E2824.8292
G1 X76.92 Y37.276 E2825.03216
G0 F3132 X77.243 Y37.276
G0 F11700 X77.193 Y37.683
;TYPE:WALL-OUTER
G1 F2100 X77.43 Y37.799 E2825.0495
G1 X77.888 Y38.265 E2825.09245
G1 X77.888 Y36.448 E2825.21188
G1 X72.108 Y36.448 E2825.5918
G1 X72.109 Y38.266 E2825.7113
G1 X72.571 Y37.798 E2825.75453
G1 X72.805 Y37.683 E2825.77166
G1 X76.851 Y37.683 E2826.03761
G0 F1890 X77.193 Y37.683
G0 F11700 X77.282 Y37.726
G1 F2400 E2819.53761
G1 F1200 Z13.77
G0 F11700 X78.078 Y38.826
G1 F1200 Z13.17
G1 F2400 E2826.2538
G1 F2751.1 X78.04 Y40.398 E2826.3327
G1 F2400 E2819.8327
G1 F1200 Z13.77
G0 F11700 X71.956 Y40.398
G1 F1200 Z13.17
G1 F2400 E2826.54889
G1 F2727.3 X71.92 Y38.822 E2826.62867
G1 F2400 E2820.12867
G1 F1200 Z13.77
;MESH:NONMESH
G0 F11700 X69.157 Y37.25
;TIME_ELAPSED:1401.784780
;LAYER:43
;MESH:guia de montagem rolamento Y.stl(1)
G0 Z14.08
;TYPE:WALL-INNER
G1 F1200 Z13.48
G1 F2400 E2826.84486
G1 F5181.1 X69.387 Y37.366 E2826.85691
G1 X69.387 Y36.849 E2826.88107
G1 F5168.3 X64.41 Y36.85 E2827.1143
G1 X64.41 Y37.366 E2827.13849
G1 X64.64 Y37.25 E2827.15056
G1 X68.834 Y37.25 E2827.3471
G0 F3132 X69.157 Y37.25
G0 F11700 X69.101 Y37.647
;TYPE:WALL-OUTER
G1 F2100 X69.329 Y37.761 E2827.36385
G1 X69.788 Y38.225 E2827.40675
G1 X69.788 Y36.448 E2827.52355
G1 X64.008 Y36.448 E2827.90348
G1 X64.008 Y38.228 E2828.02048
G1 X64.472 Y37.761 E2828.06375
G1 X64.698 Y37.648 E2828.08036
G1 X68.759 Y37.647 E2828.34729
G0 F1890 X69.101 Y37.647
G0 F11700 X69.19 Y37.691
G1 F2400 E2821.84729
G1 F1200 Z14.08
G0 F11700 X69.978 Y38.782
G1 F1200 Z13.48
G1 F2400 E2828.56348
G1 F2751.1 X69.94 Y40.346 E2828.64197
G1 F2400 E2822.14197
G1 F1200 Z14.08
G0 F11700 X63.856 Y40.346
G1 F1200 Z13.48
G1 F2400 E2828.85816
G1 F2733.2 X63.82 Y38.782 E2828.93717
G1 F2400 E2822.43717
G1 F1200 Z14.08
G0 F11700 X69.044 Y55.597
;TYPE:WALL-INNER
G1 F1200 Z13.48
G1 F2400 E2829.15336
G1 F3468.4 X64.756 Y55.597 E2829.45279
G1 X64.509 Y55.495 E2829.47145
G1 X64.509 Y56.199 E2829.52061
G1 X69.287 Y56.199 E2829.85425
G1 X69.287 Y55.557 E2829.89908
G0 F3132 X69.287 Y55.497
G0 X69.044 Y55.597
G0 F11700 X69.044 Y55.096
;TYPE:WALL-OUTER
G1 F2100 X64.756 Y55.096 E2830.18093
G1 X64.473 Y54.979 E2830.20106
G1 X64.007 Y54.513 E2830.24438
G1 X64.008 Y56.7 E2830.38813
G1 X69.788 Y56.7 E2830.76805
G1 X69.788 Y54.518 E2830.91148
G1 X69.352 Y54.954 E2830.952
G0 F1890 X69.327 Y54.979
G0 X69.044 Y55.096
G0 F11700 X68.944 Y55.096
G1 F2400 E2824.452
G1 F1200 Z14.08
G0 F11700 X69.977 Y54.008
G1 F1200 Z13.48
G1 F2400 E2831.1682
G1 F2745.1 X69.94 Y52.396 E2831.24927
G1 F2400 E2824.74927
G1 F1200 Z14.08
G0 F11700 X63.856 Y52.394
G1 F1200 Z13.48
G1 F2400 E2831.46547
G1 F2733.2 X63.821 Y54.008 E2831.547
G1 F2400 E2825.047
G1 F1200 Z14.08
;MESH:guia de montagem rolamento Y.stl
G0 F11700 X77.144 Y55.597
;TYPE:WALL-INNER
G1 F1200 Z13.48
G1 F2400 E2831.76319
G1 F3468.4 X72.856 Y55.597 E2832.06261
G1 X72.609 Y55.495 E2832.08127
G1 X72.609 Y56.199 E2832.13043
G1 X77.387 Y56.199 E2832.46408
G1 X77.387 Y55.557 E2832.50891
G0 F3132 X77.387 Y55.497
G0 X77.144 Y55.597
G0 F11700 X77.144 Y55.096
;TYPE:WALL-OUTER
G1 F2100 X72.856 Y55.096 E2832.79076
G1 X72.573 Y54.979 E2832.81089
G1 X72.107 Y54.513 E2832.8542
G1 X72.108 Y56.7 E2832.99796
G1 X77.888 Y56.7 E2833.37788
G1 X77.888 Y54.518 E2833.5213
G1 X77.452 Y54.954 E2833.56183
G0 F1890 X77.427 Y54.979
G0 X77.144 Y55.096
G0 F11700 X77.044 Y55.096
G1 F2400 E2827.06183
G1 F1200 Z14.08
G0 F11700 X78.077 Y54.008
G1 F1200 Z13.48
G1 F2400 E2833.77802
G1 F2745.1 X78.04 Y52.396 E2833.8591
G1 F2400 E2827.3591
G1 F1200 Z14.08
G0 F11700 X71.956 Y52.394
G1 F1200 Z13.48
G1 F2400 E2834.07529
G1 F2733.2 X71.921 Y54.008 E2834.15682
G1 F2400 E2827.65682
G1 F1200 Z14.08
G0 F11700 X77.257 Y37.25
;TYPE:WALL-INNER
G1 F1200 Z13.48
G1 F2400 E2834.37301
G1 F5181.1 X77.487 Y37.366 E2834.38505
G1 X77.487 Y36.849 E2834.40922
G1 F5168.3 X72.51 Y36.85 E2834.64245
G1 X72.51 Y37.366 E2834.66663
G1 X72.74 Y37.25 E2834.6787
G1 X76.934 Y37.25 E2834.87524
G0 F3132 X77.257 Y37.25
G0 F11700 X77.201 Y37.647
;TYPE:WALL-OUTER
G1 F2100 X77.429 Y37.761 E2834.892
G1 X77.888 Y38.225 E2834.9349
G1 X77.888 Y36.448 E2835.0517
G1 X72.108 Y36.448 E2835.43162
G1 X72.108 Y38.228 E2835.54862
G1 X72.572 Y37.761 E2835.59189
G1 X72.798 Y37.648 E2835.6085
G1 X76.859 Y37.647 E2835.87543
G0 F1890 X77.201 Y37.647
G0 F11700 X77.29 Y37.691
G1 F2400 E2829.37543
G1 F1200 Z14.08
G0 F11700 X78.078 Y38.782
G1 F1200 Z13.48
G1 F2400 E2836.09163
G1 F2751.1 X78.04 Y40.346 E2836.17012
G1 F2400 E2829.67012
G1 F1200 Z14.08
G0 F11700 X71.956 Y40.346
G1 F1200 Z13.48
G1 F2400 E2836.38631
G1 F2733.2 X71.92 Y38.782 E2836.46532
G1 F2400 E2829.96532
G1 F1200 Z14.08
;MESH:NONMESH
G0 F11700 X69.154 Y37.227
;TIME_ELAPSED:1413.338973
;LAYER:44
;MESH:guia de montagem rolamento Y.stl(1)
G0 Z14.39
;TYPE:WALL-INNER
G1 F1200 Z13.79
G1 F2400 E2836.68151
G1 F5326.5 X69.392 Y37.348 E2836.69365
G1 X69.392 Y36.844 E2836.71657
G1 X64.404 Y36.844 E2836.94337
G1 X64.404 Y37.349 E2836.96633
G1 X64.63 Y37.233 E2836.97788
G1 X68.831 Y37.227 E2837.1689
G0 F3132 X69.154 Y37.227
G0 F11700 X69.106 Y37.624
;TYPE:WALL-OUTER
G1 F2100 X69.327 Y37.737 E2837.18522
G1 X69.788 Y38.198 E2837.22807
G1 X69.788 Y36.448 E2837.3431
G1 X64.008 Y36.448 E2837.72302
G1 X64.007 Y38.203 E2837.83838
G1 X64.473 Y37.737 E2837.8817
G1 X64.693 Y37.624 E2837.89795
G1 X68.764 Y37.624 E2838.16554
G0 F1890 X69.106 Y37.624
G0 F11700 X69.195 Y37.669
G1 F2400 E2831.66554
G1 F1200 Z14.39
G0 F11700 X69.978 Y38.754
G1 F1200 Z13.79
G1 F2400 E2838.38173
G1 F2751.1 X69.94 Y40.31 E2838.45983
G1 F2400 E2831.95983
G1 F1200 Z14.39
G0 F11700 X63.856 Y40.31
G1 F1200 Z13.79
G1 F2400 E2838.67602
G1 F2733.2 X63.82 Y38.754 E2838.75462
G1 F2400 E2832.25462
G1 F1200 Z14.39
G0 F11700 X69.044 Y55.615
;TYPE:WALL-INNER
G1 F1200 Z13.79
G1 F2400 E2838.97081
G1 F3539 X64.756 Y55.615 E2839.26427
G1 X64.503 Y55.511 E2839.28299
G1 X64.503 Y56.205 E2839.33048
G1 X69.293 Y56.205 E2839.6583
G1 X69.293 Y55.567 E2839.70196
G0 F3132 X69.293 Y55.513
G0 X69.044 Y55.615
G0 F11700 X69.044 Y55.12
;TYPE:WALL-OUTER
G1 F2100 X64.756 Y55.12 E2839.98381
G1 X64.473 Y55.004 E2840.00391
G1 X64.009 Y54.542 E2840.04695
G1 X64.008 Y56.7 E2840.1888
G1 X69.788 Y56.7 E2840.56872
G1 X69.788 Y54.545 E2840.71037
G1 X69.352 Y54.978 E2840.75076
G0 F1890 X69.326 Y55.004
G0 X69.044 Y55.12
G0 F11700 X68.944 Y55.12
G1 F2400 E2834.25076
G1 F1200 Z14.39
G0 F11700 X69.977 Y54.036
G1 F1200 Z13.79
G1 F2400 E2840.96695
G1 F2745.1 X69.94 Y52.434 E2841.04753
G1 F2400 E2834.54753
G1 F1200 Z14.39
G0 F11700 X63.856 Y52.434
G1 F1200 Z13.79
G1 F2400 E2841.26372
G1 F2733.2 X63.821 Y54.036 E2841.34464
G1 F2400 E2834.84464
G1 F1200 Z14.39
;MESH:guia de montagem rolamento Y.stl
G0 F11700 X77.144 Y55.615
;TYPE:WALL-INNER
G1 F1200 Z13.79
G1 F2400 E2841.56083
G1 F3539 X72.856 Y55.615 E2841.85429
G1 X72.603 Y55.511 E2841.87301
G1 X72.603 Y56.205 E2841.92051
G1 X77.393 Y56.205 E2842.24832
G1 X77.393 Y55.567 E2842.29198
G0 F3132 X77.393 Y55.513
G0 X77.144 Y55.615
G0 F11700 X77.144 Y55.12
;TYPE:WALL-OUTER
G1 F2100 X72.856 Y55.12 E2842.57383
G1 X72.573 Y55.004 E2842.59394
G1 X72.109 Y54.542 E2842.63698
G1 X72.108 Y56.7 E2842.77882
G1 X77.888 Y56.7 E2843.15874
G1 X77.888 Y54.545 E2843.30039
G1 X77.452 Y54.978 E2843.34078
G0 F1890 X77.426 Y55.004
G0 X77.144 Y55.12
G0 F11700 X77.044 Y55.12
G1 F2400 E2836.84078
G1 F1200 Z14.39
G0 F11700 X78.077 Y54.036
G1 F1200 Z13.79
G1 F2400 E2843.55697
G1 F2745.1 X78.04 Y52.434 E2843.63755
G1 F2400 E2837.13755
G1 F1200 Z14.39
G0 F11700 X71.956 Y52.434
G1 F1200 Z13.79
G1 F2400 E2843.85374
G1 F2733.2 X71.921 Y54.036 E2843.93466
G1 F2400 E2837.43466
G1 F1200 Z14.39
G0 F11700 X77.254 Y37.227
;TYPE:WALL-INNER
G1 F1200 Z13.79
G1 F2400 E2844.15086
G1 F5326.5 X77.492 Y37.348 E2844.163
G1 X77.492 Y36.844 E2844.18591
G1 X72.504 Y36.844 E2844.41272
G1 X72.504 Y37.349 E2844.43568
G1 X72.73 Y37.233 E2844.44723
G1 X76.931 Y37.227 E2844.63825
G0 F3132 X77.254 Y37.227
G0 F11700 X77.206 Y37.624
;TYPE:WALL-OUTER
G1 F2100 X77.427 Y37.737 E2844.65456
G1 X77.888 Y38.198 E2844.69742
G1 X77.888 Y36.448 E2844.81245
G1 X72.108 Y36.448 E2845.19237
G1 X72.107 Y38.203 E2845.30772
G1 X72.573 Y37.737 E2845.35104
G1 X72.793 Y37.624 E2845.3673
G1 X76.864 Y37.624 E2845.63489
G0 F1890 X77.206 Y37.624
G0 F11700 X77.295 Y37.669
G1 F2400 E2839.13489
G1 F1200 Z14.39
G0 F11700 X78.078 Y38.754
G1 F1200 Z13.79
G1 F2400 E2845.85108
G1 F2751.1 X78.04 Y40.31 E2845.92917
G1 F2400 E2839.42917
G1 F1200 Z14.39
G0 F11700 X71.956 Y40.31
G1 F1200 Z13.79
G1 F2400 E2846.14536
G1 F2733.2 X71.92 Y38.754 E2846.22397
G1 F2400 E2839.72397
G1 F1200 Z14.39
;MESH:NONMESH
G0 F11700 X69.156 Y37.215
;TIME_ELAPSED:1424.876172
;LAYER:45
;MESH:guia de montagem rolamento Y.stl(1)
G0 Z14.7
;TYPE:WALL-INNER
G1 F1200 Z14.1
G1 F2400 E2846.44016
G1 F5437.5 X69.396 Y37.337 E2846.45215
G1 F5423.4 X69.396 Y36.84 E2846.47434
G1 X64.4 Y36.84 E2846.69745
G1 X64.4 Y37.339 E2846.71974
G1 F5451.7 X64.639 Y37.215 E2846.7317
G1 F5466 X68.833 Y37.215 E2846.91754
G0 F3132 X69.156 Y37.215
G0 F11700 X69.109 Y37.609
;TYPE:WALL-OUTER
G1 F2100 X69.327 Y37.721 E2846.93365
G1 X69.788 Y38.182 E2846.9765
G1 X69.788 Y36.448 E2847.09048
G1 X64.008 Y36.448 E2847.4704
G1 X64.007 Y38.187 E2847.5847
G1 X64.473 Y37.721 E2847.62802
G1 X64.689 Y37.609 E2847.64401
G1 X68.767 Y37.609 E2847.91206
G0 F1890 X69.109 Y37.609
G0 F11700 X69.197 Y37.654
G1 F2400 E2841.41206
G1 F1200 Z14.7
G0 F11700 X69.978 Y38.738
G1 F1200 Z14.1
G1 F2400 E2848.12825
G1 F2751.1 X69.94 Y40.288 E2848.20605
G1 F2400 E2841.70605
G1 F1200 Z14.7
G0 F11700 X63.856 Y40.29
G1 F1200 Z14.1
G1 F2400 E2848.42224
G1 F2733.2 X63.82 Y38.738 E2848.50064
G1 F2400 E2842.00064
G1 F1200 Z14.7
G0 F11700 X69.044 Y55.627
;TYPE:WALL-INNER
G1 F1200 Z14.1
G1 F2400 E2848.71683
G1 F3587.6 X64.756 Y55.627 E2849.00631
G1 X64.499 Y55.521 E2849.02508
G1 X64.499 Y56.209 E2849.07152
G1 X69.297 Y56.209 E2849.39543
G1 X69.297 Y55.572 E2849.43843
G0 F3132 X69.297 Y55.523
G0 X69.044 Y55.627
G0 F11700 X69.044 Y55.136
;TYPE:WALL-OUTER
G1 F2100 X64.756 Y55.136 E2849.72028
G1 X64.473 Y55.019 E2849.74041
G1 X64.007 Y54.553 E2849.78373
G1 X64.008 Y56.7 E2849.92485
G1 X69.788 Y56.7 E2850.30477
G1 X69.788 Y54.558 E2850.44557
G1 X69.352 Y54.994 E2850.4861
G0 F1890 X69.327 Y55.019
G0 X69.044 Y55.136
G0 F11700 X68.944 Y55.136
G1 F2400 E2843.9861
G1 F1200 Z14.7
G0 F11700 X69.977 Y54.048
G1 F1200 Z14.1
G1 F2400 E2850.70229
G1 F2745.1 X69.94 Y52.454 E2850.78246
G1 F2400 E2844.28246
G1 F1200 Z14.7
G0 F11700 X63.856 Y52.454
G1 F1200 Z14.1
G1 F2400 E2850.99865
G1 F2733.2 X63.821 Y54.048 E2851.07917
G1 F2400 E2844.57917
G1 F1200 Z14.7
;MESH:guia de montagem rolamento Y.stl
G0 F11700 X77.144 Y55.627
;TYPE:WALL-INNER
G1 F1200 Z14.1
G1 F2400 E2851.29537
G1 F3587.6 X72.856 Y55.627 E2851.58484
G1 X72.599 Y55.521 E2851.60361
G1 X72.599 Y56.209 E2851.65006
G1 X77.397 Y56.209 E2851.97397
G1 X77.397 Y55.572 E2852.01697
G0 F3132 X77.397 Y55.523
G0 X77.144 Y55.627
G0 F11700 X77.144 Y55.136
;TYPE:WALL-OUTER
G1 F2100 X72.856 Y55.136 E2852.29882
G1 X72.573 Y55.019 E2852.31895
G1 X72.107 Y54.553 E2852.36227
G1 X72.108 Y56.7 E2852.50339
G1 X77.888 Y56.7 E2852.88331
G1 X77.888 Y54.558 E2853.02411
G1 X77.452 Y54.994 E2853.06464
G0 F1890 X77.427 Y55.019
G0 X77.144 Y55.136
G0 F11700 X77.044 Y55.136
G1 F2400 E2846.56464
G1 F1200 Z14.7
G0 F11700 X78.077 Y54.048
G1 F1200 Z14.1
G1 F2400 E2853.28083
G1 F2745.1 X78.04 Y52.454 E2853.361
G1 F2400 E2846.861
G1 F1200 Z14.7
G0 F11700 X71.956 Y52.454
G1 F1200 Z14.1
G1 F2400 E2853.57719
G1 F2733.2 X71.921 Y54.048 E2853.65771
G1 F2400 E2847.15771
G1 F1200 Z14.7
G0 F11700 X77.256 Y37.215
;TYPE:WALL-INNER
G1 F1200 Z14.1
G1 F2400 E2853.8739
G1 F5437.5 X77.496 Y37.337 E2853.88589
G1 F5423.4 X77.496 Y36.84 E2853.90809
G1 X72.5 Y36.84 E2854.1312
G1 X72.5 Y37.339 E2854.15348
G1 F5451.7 X72.739 Y37.215 E2854.16545
G1 F5466 X76.933 Y37.215 E2854.35128
G0 F3132 X77.256 Y37.215
G0 F11700 X77.209 Y37.609
;TYPE:WALL-OUTER
G1 F2100 X77.427 Y37.721 E2854.36739
G1 X77.888 Y38.182 E2854.41025
G1 X77.888 Y36.448 E2854.52422
G1 X72.108 Y36.448 E2854.90414
G1 X72.107 Y38.187 E2855.01845
G1 X72.573 Y37.721 E2855.06177
G1 X72.789 Y37.609 E2855.07776
G1 X76.867 Y37.609 E2855.34581
G0 F1890 X77.209 Y37.609
G0 F11700 X77.297 Y37.654
G1 F2400 E2848.84581
G1 F1200 Z14.7
G0 F11700 X78.078 Y38.738
G1 F1200 Z14.1
G1 F2400 E2855.562
G1 F2751.1 X78.04 Y40.288 E2855.63979
G1 F2400 E2849.13979
G1 F1200 Z14.7
G0 F11700 X71.956 Y40.29
G1 F1200 Z14.1
G1 F2400 E2855.85598
G1 F2733.2 X71.92 Y38.738 E2855.93438
G1 F2400 E2849.43438
G1 F1200 Z14.7
;MESH:NONMESH
G0 F11700 X69.158 Y37.212
;TIME_ELAPSED:1436.404306
;LAYER:46
;MESH:guia de montagem rolamento Y.stl(1)
G0 Z15.01
;TYPE:WALL-INNER
G1 F1200 Z14.41
G1 F2400 E2856.15057
G1 F5466 X69.397 Y37.334 E2856.16246
G1 F5451.7 X69.397 Y36.839 E2856.18446
G1 X64.399 Y36.839 E2856.4065
G1 X64.399 Y37.336 E2856.42858
G1 F5480.3 X64.638 Y37.212 E2856.44048
G1 F5494.7 X68.835 Y37.212 E2856.62547
G0 F3132 X69.158 Y37.212
G0 F11700 X69.11 Y37.605
;TYPE:WALL-OUTER
G1 F2100 X69.327 Y37.717 E2856.64152
G1 X69.788 Y38.178 E2856.68438
G1 X69.788 Y36.448 E2856.79809
G1 X64.008 Y36.448 E2857.17801
G1 X64.007 Y38.183 E2857.29205
G1 X64.473 Y37.717 E2857.33537
G1 X64.688 Y37.605 E2857.35131
G1 X68.768 Y37.605 E2857.61948
G0 F1890 X69.11 Y37.605
G0 F11700 X69.198 Y37.65
G1 F2400 E2851.11948
G1 F1200 Z15.01
G0 F11700 X69.978 Y38.734
G1 F1200 Z14.41
G1 F2400 E2857.83568
G1 F2751.1 X69.94 Y40.286 E2857.91357
G1 F2400 E2851.41357
G1 F1200 Z15.01
G0 F11700 X63.856 Y40.286
G1 F1200 Z14.41
G1 F2400 E2858.12976
G1 F2733.2 X63.82 Y38.734 E2858.20816
G1 F2400 E2851.70816
G1 F1200 Z15.01
G0 F11700 X69.044 Y55.63
;TYPE:WALL-INNER
G1 F1200 Z14.41
G1 F2400 E2858.42435
G1 F3600 X64.756 Y55.63 E2858.71284
G1 X64.498 Y55.523 E2858.73163
G1 X64.498 Y56.21 E2858.77785
G1 X69.298 Y56.21 E2859.10078
G1 X69.298 Y55.573 E2859.14363
G0 F3132 X69.298 Y55.525
G0 X69.044 Y55.63
G0 F11700 X69.044 Y55.14
;TYPE:WALL-OUTER
G1 F2100 X64.756 Y55.14 E2859.42548
G1 X64.473 Y55.023 E2859.44561
G1 X64.007 Y54.557 E2859.48893
G1 X64.008 Y56.7 E2859.62979
G1 X69.788 Y56.7 E2860.00971
G1 X69.788 Y54.562 E2860.15024
G1 X69.352 Y54.998 E2860.19077
G0 F1890 X69.327 Y55.023
G0 X69.044 Y55.14
G0 F11700 X68.944 Y55.14
G1 F2400 E2853.69077
G1 F1200 Z15.01
G0 F11700 X69.977 Y54.052
G1 F1200 Z14.41
G1 F2400 E2860.40696
G1 F2745.1 X69.94 Y52.456 E2860.48724
G1 F2400 E2853.98724
G1 F1200 Z15.01
G0 F11700 X63.856 Y52.458
G1 F1200 Z14.41
G1 F2400 E2860.70343
G1 F2733.2 X63.821 Y54.052 E2860.78395
G1 F2400 E2854.28395
G1 F1200 Z15.01
;MESH:guia de montagem rolamento Y.stl
G0 F11700 X77.144 Y55.63
;TYPE:WALL-INNER
G1 F1200 Z14.41
G1 F2400 E2861.00014
G1 F3600 X72.856 Y55.63 E2861.28862
G1 X72.598 Y55.523 E2861.30741
G1 X72.598 Y56.21 E2861.35363
G1 X77.398 Y56.21 E2861.67656
G1 X77.398 Y55.573 E2861.71942
G0 F3132 X77.398 Y55.525
G0 X77.144 Y55.63
G0 F11700 X77.144 Y55.14
;TYPE:WALL-OUTER
G1 F2100 X72.856 Y55.14 E2862.00127
G1 X72.573 Y55.023 E2862.0214
G1 X72.107 Y54.557 E2862.06472
G1 X72.108 Y56.7 E2862.20558
G1 X77.888 Y56.7 E2862.5855
G1 X77.888 Y54.562 E2862.72603
G1 X77.452 Y54.998 E2862.76656
G0 F1890 X77.427 Y55.023
G0 X77.144 Y55.14
G0 F11700 X77.044 Y55.14
G1 F2400 E2856.26656
G1 F1200 Z15.01
G0 F11700 X78.077 Y54.052
G1 F1200 Z14.41
G1 F2400 E2862.98275
G1 F2745.1 X78.04 Y52.456 E2863.06302
G1 F2400 E2856.56302
G1 F1200 Z15.01
G0 F11700 X71.956 Y52.458
G1 F1200 Z14.41
G1 F2400 E2863.27921
G1 F2733.2 X71.921 Y54.052 E2863.35974
G1 F2400 E2856.85974
G1 F1200 Z15.01
G0 F11700 X77.258 Y37.212
;TYPE:WALL-INNER
G1 F1200 Z14.41
G1 F2400 E2863.57593
G1 F5466 X77.497 Y37.334 E2863.58782
G1 F5451.7 X77.497 Y36.839 E2863.60981
G1 X72.499 Y36.839 E2863.83185
G1 X72.499 Y37.336 E2863.85393
G1 F5480.3 X72.738 Y37.212 E2863.86583
G1 F5494.7 X76.935 Y37.212 E2864.05082
G0 F3132 X77.258 Y37.212
G0 F11700 X77.21 Y37.605
;TYPE:WALL-OUTER
G1 F2100 X77.427 Y37.717 E2864.06687
G1 X77.888 Y38.178 E2864.10973
G1 X77.888 Y36.448 E2864.22344
G1 X72.108 Y36.448 E2864.60336
G1 X72.107 Y38.183 E2864.7174
G1 X72.573 Y37.717 E2864.76072
G1 X72.788 Y37.605 E2864.77666
G1 X76.868 Y37.605 E2865.04484
G0 F1890 X77.21 Y37.605
G0 F11700 X77.298 Y37.65
G1 F2400 E2858.54484
G1 F1200 Z15.01
G0 F11700 X78.078 Y38.734
G1 F1200 Z14.41
G1 F2400 E2865.26103
G1 F2751.1 X78.04 Y40.286 E2865.33892
G1 F2400 E2858.83892
G1 F1200 Z15.01
G0 F11700 X71.956 Y40.286
G1 F1200 Z14.41
G1 F2400 E2865.55511
G1 F2733.2 X71.92 Y38.734 E2865.63351
G1 F2400 E2859.13351
G1 F1200 Z15.01
;MESH:NONMESH
G0 F11700 X69.17 Y37.227
;TIME_ELAPSED:1447.930137
;LAYER:47
;MESH:guia de montagem rolamento Y.stl(1)
G0 Z15.32
;TYPE:WALL-INNER
G1 F1200 Z14.72
G1 F2400 E2865.8497
G1 F5381.4 X69.394 Y37.342 E2865.86104
G1 X69.394 Y36.842 E2865.88354
G1 X64.402 Y36.842 E2866.10821
G1 F5367.6 X64.402 Y37.343 E2866.13081
G1 F5381.4 X64.641 Y37.221 E2866.14289
G1 X68.847 Y37.227 E2866.33219
G0 F3132 X69.17 Y37.227
G0 F11700 X69.108 Y37.616
;TYPE:WALL-OUTER
G1 F2100 X69.327 Y37.729 E2866.34838
G1 X69.788 Y38.19 E2866.39124
G1 X69.788 Y36.448 E2866.50574
G1 X64.008 Y36.448 E2866.88566
G1 X64.009 Y38.19 E2867.00016
G1 X64.473 Y37.728 E2867.0432
G1 X64.691 Y37.617 E2867.05928
G1 X68.766 Y37.616 E2867.32713
G0 F1890 X69.108 Y37.616
G0 F11700 X69.197 Y37.661
G1 F2400 E2860.82713
G1 F1200 Z15.32
G0 F11700 X69.978 Y38.746
G1 F1200 Z14.72
G1 F2400 E2867.54332
G1 F2751.1 X69.94 Y40.298 E2867.62122
G1 F2400 E2861.12122
G1 F1200 Z15.32
G0 F11700 X63.856 Y40.298
G1 F1200 Z14.72
G1 F2400 E2867.83741
G1 F2733.2 X63.82 Y38.742 E2867.91601
G1 F2400 E2861.41601
G1 F1200 Z15.32
G0 F11700 X69.044 Y55.621
;TYPE:WALL-INNER
G1 F1200 Z14.72
G1 F2400 E2868.1322
G1 F3563.1 X64.756 Y55.621 E2868.42367
G1 X64.501 Y55.516 E2868.44242
G1 X64.501 Y56.207 E2868.48939
G1 X69.295 Y56.207 E2868.81525
G1 X69.295 Y55.57 E2868.85855
G0 F3132 X69.295 Y55.518
G0 X69.044 Y55.621
G0 F11700 X69.044 Y55.128
;TYPE:WALL-OUTER
G1 F2100 X64.756 Y55.128 E2869.1404
G1 X64.473 Y55.011 E2869.16053
G1 X64.007 Y54.545 E2869.20384
G1 X64.008 Y56.7 E2869.34549
G1 X69.788 Y56.7 E2869.72542
G1 X69.788 Y54.553 E2869.86654
G1 X69.352 Y54.986 E2869.90693
G0 F1890 X69.326 Y55.012
G0 X69.044 Y55.128
G0 F11700 X68.944 Y55.128
G1 F2400 E2863.40693
G1 F1200 Z15.32
G0 F11700 X69.977 Y54.044
G1 F1200 Z14.72
G1 F2400 E2870.12312
G1 F2745.1 X69.94 Y52.444 E2870.20359
G1 F2400 E2863.70359
G1 F1200 Z15.32
G0 F11700 X63.856 Y52.444
G1 F1200 Z14.72
G1 F2400 E2870.41979
G1 F2733.2 X63.821 Y54.04 E2870.50041
G1 F2400 E2864.00041
G1 F1200 Z15.32
;MESH:guia de montagem rolamento Y.stl
G0 F11700 X77.144 Y55.621
;TYPE:WALL-INNER
G1 F1200 Z14.72
G1 F2400 E2870.7166
G1 F3563.1 X72.856 Y55.621 E2871.00807
G1 X72.601 Y55.516 E2871.02681
G1 X72.601 Y56.207 E2871.07378
G1 X77.395 Y56.207 E2871.39964
G1 X77.395 Y55.57 E2871.44294
G0 F3132 X77.395 Y55.518
G0 X77.144 Y55.621
G0 F11700 X77.144 Y55.128
;TYPE:WALL-OUTER
G1 F2100 X72.856 Y55.128 E2871.72479
G1 X72.573 Y55.011 E2871.74492
G1 X72.107 Y54.545 E2871.78824
G1 X72.108 Y56.7 E2871.92989
G1 X77.888 Y56.7 E2872.30981
G1 X77.888 Y54.553 E2872.45093
G1 X77.452 Y54.986 E2872.49132
G0 F1890 X77.426 Y55.012
G0 X77.144 Y55.128
G0 F11700 X77.044 Y55.128
G1 F2400 E2865.99132
G1 F1200 Z15.32
G0 F11700 X78.077 Y54.044
G1 F1200 Z14.72
G1 F2400 E2872.70751
G1 F2745.1 X78.04 Y52.444 E2872.78799
G1 F2400 E2866.28799
G1 F1200 Z15.32
G0 F11700 X71.956 Y52.444
G1 F1200 Z14.72
G1 F2400 E2873.00418
G1 F2733.2 X71.921 Y54.04 E2873.0848
G1 F2400 E2866.5848
G1 F1200 Z15.32
G0 F11700 X77.27 Y37.227
;TYPE:WALL-INNER
G1 F1200 Z14.72
G1 F2400 E2873.30099
G1 F5381.4 X77.494 Y37.342 E2873.31232
G1 X77.494 Y36.842 E2873.33483
G1 X72.502 Y36.842 E2873.5595
G1 F5367.6 X72.502 Y37.343 E2873.5821
G1 F5381.4 X72.741 Y37.221 E2873.59418
G1 X76.947 Y37.227 E2873.78348
G0 F3132 X77.27 Y37.227
G0 F11700 X77.208 Y37.616
;TYPE:WALL-OUTER
G1 F2100 X77.427 Y37.729 E2873.79967
G1 X77.888 Y38.19 E2873.84253
G1 X77.888 Y36.448 E2873.95703
G1 X72.108 Y36.448 E2874.33695
G1 X72.109 Y38.19 E2874.45145
G1 X72.573 Y37.728 E2874.49449
G1 X72.791 Y37.617 E2874.51057
G1 X76.866 Y37.616 E2874.77842
G0 F1890 X77.208 Y37.616
G0 F11700 X77.297 Y37.661
G1 F2400 E2868.27842
G1 F1200 Z15.32
G0 F11700 X78.078 Y38.746
G1 F1200 Z14.72
G1 F2400 E2874.99461
G1 F2751.1 X78.04 Y40.298 E2875.07251
G1 F2400 E2868.57251
G1 F1200 Z15.32
G0 F11700 X71.956 Y40.298
G1 F1200 Z14.72
G1 F2400 E2875.2887
G1 F2733.2 X71.92 Y38.742 E2875.3673
G1 F2400 E2868.8673
G1 F1200 Z15.32
;MESH:NONMESH
G0 F11700 X69.15 Y37.236
;TIME_ELAPSED:1459.461656
;LAYER:48
;MESH:guia de montagem rolamento Y.stl(1)
G0 Z15.63
;TYPE:WALL-INNER
G1 F1200 Z15.03
G1 F2400 E2875.58349
G1 F5259.4 X69.39 Y37.357 E2875.59587
G1 X69.39 Y36.846 E2875.6194
G1 X64.407 Y36.847 E2875.84887
G1 X64.406 Y37.359 E2875.87245
G1 X64.635 Y37.242 E2875.88429
G1 X68.827 Y37.236 E2876.07733
G0 F3132 X69.15 Y37.236
G0 F11700 X69.103 Y37.636
;TYPE:WALL-OUTER
G1 F2100 X69.327 Y37.749 E2876.09382
G1 X69.788 Y38.21 E2876.13667
G1 X69.788 Y36.448 E2876.25249
G1 X64.009 Y36.449 E2876.63235
G1 X64.007 Y38.215 E2876.74843
G1 X64.473 Y37.749 E2876.79174
G1 X64.695 Y37.636 E2876.80812
G1 X68.761 Y37.636 E2877.07538
G0 F1890 X69.103 Y37.636
G0 F11700 X69.192 Y37.681
G1 F2400 E2870.57538
G1 F1200 Z15.63
G0 F11700 X69.978 Y38.766
G1 F1200 Z15.03
G1 F2400 E2877.29157
G1 F2751.1 X69.94 Y40.326 E2877.36986
G1 F2400 E2870.86986
G1 F1200 Z15.63
G0 F11700 X63.856 Y40.326
G1 F1200 Z15.03
G1 F2400 E2877.58605
G1 F2733.2 X63.82 Y38.766 E2877.66486
G1 F2400 E2871.16486
G1 F1200 Z15.63
G0 F11700 X69.044 Y55.606
;TYPE:WALL-INNER
G1 F1200 Z15.03
G1 F2400 E2877.88105
G1 F3503.4 X64.756 Y55.606 E2878.17749
G1 X64.506 Y55.503 E2878.19618
G1 X64.506 Y56.202 E2878.24451
G1 X69.29 Y56.202 E2878.57524
G1 X69.29 Y55.562 E2878.61948
G0 F3132 X69.29 Y55.505
G0 X69.044 Y55.606
G0 F11700 X69.044 Y55.108
;TYPE:WALL-OUTER
G1 F2100 X64.756 Y55.108 E2878.90134
G1 X64.473 Y54.991 E2878.92146
G1 X64.007 Y54.525 E2878.96478
G1 X64.008 Y56.7 E2879.10775
G1 X69.788 Y56.7 E2879.48767
G1 X69.788 Y54.53 E2879.6303
G1 X69.352 Y54.966 E2879.67083
G0 F1890 X69.327 Y54.991
G0 X69.044 Y55.108
G0 F11700 X68.944 Y55.108
G1 F2400 E2873.17083
G1 F1200 Z15.63
G0 F11700 X69.977 Y54.02
G1 F1200 Z15.03
G1 F2400 E2879.88702
G1 F2745.1 X69.94 Y52.414 E2879.9678
G1 F2400 E2873.4678
G1 F1200 Z15.63
G0 F11700 X63.856 Y52.414
G1 F1200 Z15.03
G1 F2400 E2880.18399
G1 F2733.2 X63.821 Y54.02 E2880.26512
G1 F2400 E2873.76512
G1 F1200 Z15.63
;MESH:guia de montagem rolamento Y.stl
G0 F11700 X77.144 Y55.606
;TYPE:WALL-INNER
G1 F1200 Z15.03
G1 F2400 E2880.48131
G1 F3503.4 X72.856 Y55.606 E2880.77775
G1 X72.606 Y55.503 E2880.79644
G1 X72.606 Y56.202 E2880.84477
G1 X77.39 Y56.202 E2881.1755
G1 X77.39 Y55.562 E2881.21974
G0 F3132 X77.39 Y55.505
G0 X77.144 Y55.606
G0 F11700 X77.144 Y55.108
;TYPE:WALL-OUTER
G1 F2100 X72.856 Y55.108 E2881.50159
G1 X72.573 Y54.991 E2881.52172
G1 X72.107 Y54.525 E2881.56504
G1 X72.108 Y56.7 E2881.708
G1 X77.888 Y56.7 E2882.08793
G1 X77.888 Y54.53 E2882.23056
G1 X77.452 Y54.966 E2882.27109
G0 F1890 X77.427 Y54.991
G0 X77.144 Y55.108
G0 F11700 X77.044 Y55.108
G1 F2400 E2875.77109
G1 F1200 Z15.63
G0 F11700 X78.077 Y54.02
G1 F1200 Z15.03
G1 F2400 E2882.48728
G1 F2745.1 X78.04 Y52.414 E2882.56806
G1 F2400 E2876.06806
G1 F1200 Z15.63
G0 F11700 X71.956 Y52.414
G1 F1200 Z15.03
G1 F2400 E2882.78425
G1 F2733.2 X71.921 Y54.02 E2882.86538
G1 F2400 E2876.36538
G1 F1200 Z15.63
G0 F11700 X77.25 Y37.236
;TYPE:WALL-INNER
G1 F1200 Z15.03
G1 F2400 E2883.08157
G1 F5259.4 X77.49 Y37.357 E2883.09394
G1 X77.49 Y36.846 E2883.11747
G1 X72.507 Y36.847 E2883.34694
G1 X72.506 Y37.359 E2883.37052
G1 X72.735 Y37.242 E2883.38236
G1 X76.927 Y37.236 E2883.5754
G0 F3132 X77.25 Y37.236
G0 F11700 X77.203 Y37.636
;TYPE:WALL-OUTER
G1 F2100 X77.427 Y37.749 E2883.59189
G1 X77.888 Y38.21 E2883.63475
G1 X77.888 Y36.448 E2883.75056
G1 X72.109 Y36.449 E2884.13042
G1 X72.107 Y38.215 E2884.2465
G1 X72.573 Y37.749 E2884.28982
G1 X72.795 Y37.636 E2884.30619
G1 X76.861 Y37.636 E2884.57345
G0 F1890 X77.203 Y37.636
G0 F11700 X77.292 Y37.681
G1 F2400 E2878.07345
G1 F1200 Z15.63
G0 F11700 X78.078 Y38.766
G1 F1200 Z15.03
G1 F2400 E2884.78964
G1 F2751.1 X78.04 Y40.326 E2884.86794
G1 F2400 E2878.36794
G1 F1200 Z15.63
G0 F11700 X71.956 Y40.326
G1 F1200 Z15.03
G1 F2400 E2885.08413
G1 F2733.2 X71.92 Y38.766 E2885.16293
G1 F2400 E2878.66293
G1 F1200 Z15.63
;MESH:NONMESH
G0 F11700 X69.15 Y37.264
;TIME_ELAPSED:1471.007386
;LAYER:49
;MESH:guia de montagem rolamento Y.stl(1)
G0 Z15.94
;TYPE:WALL-INNER
G1 F1200 Z15.34
G1 F2400 E2885.37912
G1 F5068 X69.382 Y37.38 E2885.39152
G1 X69.382 Y36.854 E2885.41666
G1 X64.415 Y36.855 E2885.65403
G1 X64.415 Y37.381 E2885.67917
G1 X64.648 Y37.265 E2885.6916
G1 X68.827 Y37.264 E2885.89132
G0 F3132 X69.15 Y37.264
G0 F11700 X69.097 Y37.667
;TYPE:WALL-OUTER
G1 F2100 X69.329 Y37.782 E2885.90834
G1 X69.788 Y38.246 E2885.95124
G1 X69.788 Y36.448 E2886.06942
G1 X64.009 Y36.449 E2886.44928
G1 X64.008 Y38.248 E2886.56753
G1 X64.472 Y37.781 E2886.6108
G1 X64.702 Y37.667 E2886.62767
G1 X68.755 Y37.667 E2886.89408
G0 F1890 X69.097 Y37.667
G0 F11700 X69.186 Y37.711
G1 F2400 E2880.39408
G1 F1200 Z15.94
G0 F11700 X69.978 Y38.806
G1 F1200 Z15.34
G1 F2400 E2887.11027
G1 F2751.1 X69.94 Y40.374 E2887.18896
G1 F2400 E2880.68896
G1 F1200 Z15.94
G0 F11700 X63.856 Y40.374
G1 F1200 Z15.34
G1 F2400 E2887.40515
G1 F2727.3 X63.82 Y38.802 E2887.48474
G1 F2400 E2880.98474
G1 F1200 Z15.94
G0 F11700 X69.044 Y55.582
;TYPE:WALL-INNER
G1 F1200 Z15.34
G1 F2400 E2887.70093
G1 F3411.8 X64.756 Y55.582 E2888.00533
G1 X64.514 Y55.482 E2888.02392
G1 X64.514 Y56.194 E2888.07446
G1 X69.282 Y56.194 E2888.41293
G1 X69.282 Y55.55 E2888.45865
G0 F3132 X69.282 Y55.484
G0 X69.044 Y55.582
G0 F11700 X69.044 Y55.076
;TYPE:WALL-OUTER
G1 F2100 X64.756 Y55.076 E2888.7405
G1 X64.472 Y54.959 E2888.76069
G1 X64.008 Y54.492 E2888.80396
G1 X64.008 Y56.7 E2888.9491
G1 X69.788 Y56.7 E2889.32902
G1 X69.788 Y54.498 E2889.47376
G1 X69.352 Y54.934 E2889.51429
G0 F1890 X69.327 Y54.959
G0 X69.044 Y55.076
G0 F11700 X68.944 Y55.076
G1 F2400 E2883.01429
G1 F1200 Z15.94
G0 F11700 X69.977 Y53.988
G1 F1200 Z15.34
G1 F2400 E2889.73048
G1 F2745.1 X69.94 Y52.37 E2889.81186
G1 F2400 E2883.31186
G1 F1200 Z15.94
G0 F11700 X63.856 Y52.37
G1 F1200 Z15.34
G1 F2400 E2890.02805
G1 F2733.2 X63.821 Y53.984 E2890.10958
G1 F2400 E2883.60958
G1 F1200 Z15.94
;MESH:guia de montagem rolamento Y.stl
G0 F11700 X77.144 Y55.582
;TYPE:WALL-INNER
G1 F1200 Z15.34
G1 F2400 E2890.32577
G1 F3411.8 X72.856 Y55.582 E2890.63017
G1 X72.614 Y55.482 E2890.64876
G1 X72.614 Y56.194 E2890.6993
G1 X77.382 Y56.194 E2891.03778
G1 X77.382 Y55.55 E2891.08349
G0 F3132 X77.382 Y55.484
G0 X77.144 Y55.582
G0 F11700 X77.144 Y55.076
;TYPE:WALL-OUTER
G1 F2100 X72.856 Y55.076 E2891.36534
G1 X72.572 Y54.959 E2891.38553
G1 X72.108 Y54.492 E2891.42881
G1 X72.108 Y56.7 E2891.57394
G1 X77.888 Y56.7 E2891.95386
G1 X77.888 Y54.498 E2892.0986
G1 X77.452 Y54.934 E2892.13913
G0 F1890 X77.427 Y54.959
G0 X77.144 Y55.076
G0 F11700 X77.044 Y55.076
G1 F2400 E2885.63913
G1 F1200 Z15.94
G0 F11700 X78.077 Y53.988
G1 F1200 Z15.34
G1 F2400 E2892.35532
G1 F2745.1 X78.04 Y52.37 E2892.4367
G1 F2400 E2885.9367
G1 F1200 Z15.94
G0 F11700 X71.956 Y52.37
G1 F1200 Z15.34
G1 F2400 E2892.65289
G1 F2733.2 X71.921 Y53.984 E2892.73442
G1 F2400 E2886.23442
G1 F1200 Z15.94
G0 F11700 X77.25 Y37.264
;TYPE:WALL-INNER
G1 F1200 Z15.34
G1 F2400 E2892.95061
G1 F5068 X77.482 Y37.38 E2892.96301
G1 X77.482 Y36.854 E2892.98814
G1 X72.515 Y36.855 E2893.22552
G1 X72.515 Y37.381 E2893.25065
G1 X72.748 Y37.265 E2893.26309
G1 X76.927 Y37.264 E2893.46281
G0 F3132 X77.25 Y37.264
G0 F11700 X77.197 Y37.667
;TYPE:WALL-OUTER
G1 F2100 X77.429 Y37.782 E2893.47983
G1 X77.888 Y38.246 E2893.52273
G1 X77.888 Y36.448 E2893.64091
G1 X72.109 Y36.449 E2894.02076
G1 X72.108 Y38.248 E2894.13901
G1 X72.572 Y37.781 E2894.18229
G1 X72.802 Y37.667 E2894.19916
G1 X76.855 Y37.667 E2894.46556
G0 F1890 X77.197 Y37.667
G0 F11700 X77.286 Y37.711
G1 F2400 E2887.96556
G1 F1200 Z15.94
G0 F11700 X78.078 Y38.806
G1 F1200 Z15.34
G1 F2400 E2894.68175
G1 F2751.1 X78.04 Y40.374 E2894.76045
G1 F2400 E2888.26045
G1 F1200 Z15.94
G0 F11700 X71.956 Y40.374
G1 F1200 Z15.34
G1 F2400 E2894.97664
G1 F2727.3 X71.92 Y38.802 E2895.05622
G1 F2400 E2888.55622
G1 F1200 Z15.94
;MESH:NONMESH
G0 F11700 X69.131 Y37.296
;TIME_ELAPSED:1482.574034
;LAYER:50
;MESH:guia de montagem rolamento Y.stl(1)
G0 Z16.25
;TYPE:WALL-INNER
G1 F1200 Z15.65
G1 F2400 E2895.27242
G1 F4822.2 X69.372 Y37.413 E2895.28587
G1 X69.372 Y36.864 E2895.31344
G1 F4833.3 X64.424 Y36.864 E2895.56139
G1 X64.424 Y37.41 E2895.58875
G1 X64.663 Y37.293 E2895.60208
G1 X68.808 Y37.296 E2895.80979
G0 F3132 X69.131 Y37.296
G0 F11700 X69.085 Y37.71
;TYPE:WALL-OUTER
G1 F2100 X69.325 Y37.826 E2895.82731
G1 X69.788 Y38.294 E2895.87058
G1 X69.788 Y36.448 E2895.99192
G1 X64.008 Y36.448 E2896.37184
G1 X64.009 Y38.292 E2896.49305
G1 X64.47 Y37.823 E2896.53627
G1 X64.71 Y37.706 E2896.55382
G1 X68.743 Y37.71 E2896.81891
G0 F1890 X69.085 Y37.71
G0 F11700 X69.174 Y37.753
G1 F2400 E2890.31891
G1 F1200 Z16.25
G0 F11700 X69.978 Y38.854
G1 F1200 Z15.65
G1 F2400 E2897.0351
G1 F2751.1 X69.94 Y40.438 E2897.1146
G1 F2400 E2890.6146
G1 F1200 Z16.25
G0 F11700 X63.856 Y40.436
G1 F1200 Z15.65
G1 F2400 E2897.33079
G1 F2727.3 X63.82 Y38.85 E2897.41109
G1 F2400 E2890.91109
G1 F1200 Z16.25
G0 F11700 X69.039 Y55.552
;TYPE:WALL-INNER
G1 F1200 Z15.65
G1 F2400 E2897.62728
G1 F3303.8 X64.755 Y55.549 E2897.94133
G1 F3298.6 X64.525 Y55.453 E2897.95963
G1 X64.525 Y56.183 E2898.01323
G1 F3303.8 X69.272 Y56.184 E2898.36123
G1 X69.272 Y55.526 E2898.40946
G0 F3132 X69.272 Y55.455
G0 X69.039 Y55.552
G0 F11700 X69.039 Y55.036
;TYPE:WALL-OUTER
G1 F2100 X64.755 Y55.033 E2898.69105
G1 X64.471 Y54.914 E2898.71129
G1 X64.008 Y54.445 E2898.75461
G1 X64.009 Y56.699 E2898.90277
G1 X69.788 Y56.7 E2899.28262
G1 X69.788 Y54.45 E2899.43052
G1 X69.348 Y54.895 E2899.47165
G0 F1890 X69.325 Y54.918
G0 X69.039 Y55.036
G0 F11700 X68.939 Y55.036
G1 F2400 E2892.97165
G1 F1200 Z16.25
G0 F11700 X69.977 Y53.936
G1 F1200 Z15.65
G1 F2400 E2899.68784
G1 F2745.1 X69.94 Y52.306 E2899.76983
G1 F2400 E2893.26983
G1 F1200 Z16.25
G0 F11700 X63.856 Y52.306
G1 F1200 Z15.65
G1 F2400 E2899.98602
G1 F2727.3 X63.821 Y53.936 E2900.06853
G1 F2400 E2893.56853
G1 F1200 Z16.25
;MESH:guia de montagem rolamento Y.stl
G0 F11700 X77.139 Y55.552
;TYPE:WALL-INNER
G1 F1200 Z15.65
G1 F2400 E2900.28472
G1 F3303.8 X72.855 Y55.549 E2900.59878
G1 F3298.6 X72.625 Y55.453 E2900.61708
G1 X72.625 Y56.183 E2900.67068
G1 F3303.8 X77.372 Y56.184 E2901.01867
G1 X77.372 Y55.526 E2901.06691
G0 F3132 X77.372 Y55.455
G0 X77.139 Y55.552
G0 F11700 X77.139 Y55.036
;TYPE:WALL-OUTER
G1 F2100 X72.855 Y55.033 E2901.3485
G1 X72.571 Y54.914 E2901.36874
G1 X72.108 Y54.445 E2901.41206
G1 X72.109 Y56.699 E2901.56022
G1 X77.888 Y56.7 E2901.94007
G1 X77.888 Y54.45 E2902.08796
G1 X77.448 Y54.895 E2902.1291
G0 F1890 X77.425 Y54.918
G0 X77.139 Y55.036
G0 F11700 X77.039 Y55.036
G1 F2400 E2895.6291
G1 F1200 Z16.25
G0 F11700 X78.077 Y53.936
G1 F1200 Z15.65
G1 F2400 E2902.34529
G1 F2745.1 X78.04 Y52.306 E2902.42727
G1 F2400 E2895.92727
G1 F1200 Z16.25
G0 F11700 X71.956 Y52.306
G1 F1200 Z15.65
G1 F2400 E2902.64346
G1 F2727.3 X71.921 Y53.936 E2902.72598
G1 F2400 E2896.22598
G1 F1200 Z16.25
G0 F11700 X77.231 Y37.296
;TYPE:WALL-INNER
G1 F1200 Z15.65
G1 F2400 E2902.94217
G1 F4822.2 X77.472 Y37.413 E2902.95563
G1 X77.472 Y36.864 E2902.9832
G1 F4833.3 X72.524 Y36.864 E2903.23114
G1 X72.524 Y37.41 E2903.2585
G1 X72.763 Y37.293 E2903.27184
G1 X76.908 Y37.296 E2903.47954
G0 F3132 X77.231 Y37.296
G0 F11700 X77.185 Y37.71
;TYPE:WALL-OUTER
G1 F2100 X77.425 Y37.826 E2903.49706
G1 X77.888 Y38.294 E2903.54034
G1 X77.888 Y36.448 E2903.66167
G1 X72.108 Y36.448 E2904.0416
G1 X72.109 Y38.292 E2904.1628
G1 X72.57 Y37.823 E2904.20603
G1 X72.81 Y37.706 E2904.22358
G1 X76.843 Y37.71 E2904.48867
G0 F1890 X77.185 Y37.71
G0 F11700 X77.274 Y37.753
G1 F2400 E2897.98867
G1 F1200 Z16.25
G0 F11700 X78.078 Y38.854
G1 F1200 Z15.65
G1 F2400 E2904.70486
G1 F2751.1 X78.04 Y40.438 E2904.78436
G1 F2400 E2898.28436
G1 F1200 Z16.25
G0 F11700 X71.956 Y40.436
G1 F1200 Z15.65
G1 F2400 E2905.00055
G1 F2727.3 X71.92 Y38.85 E2905.08084
G1 F2400 E2898.58084
G1 F1200 Z16.25
;MESH:NONMESH
G0 F11700 X64.683 Y37.325
;TIME_ELAPSED:1494.200545
;LAYER:51
;MESH:guia de montagem rolamento Y.stl(1)
G0 Z16.56
;TYPE:WALL-INNER
G1 F1200 Z15.96
G1 F2400 E2905.29703
G1 F4578.9 X69.146 Y37.34 E2905.5331
G1 F4539.1 X69.248 Y37.364 E2905.53869
G1 X69.358 Y37.263 E2905.54666
G1 X69.358 Y36.878 E2905.5672
G1 F4578.9 X64.435 Y36.875 E2905.8276
G1 F4619.5 X64.435 Y37.35 E2905.8525
G0 F3132 X64.435 Y37.411
G0 X64.683 Y37.325
G1 F2400 E2899.3525
G1 F1200 Z16.56
G0 F11700 X63.75 Y38.214
;TYPE:WALL-OUTER
G1 F1200 Z15.96
G1 F2400 E2906.06869
G1 F3738.9 X63.802 Y39.28 E2906.10809
G1 F3414.6 X63.784 Y39.947 E2906.13507
G1 F3579.5 X63.784 Y40.588 E2906.15978
G1 F2400 E2899.65978
G1 F1200 Z16.56
G0 F11700 X66.613 Y37.764
G1 F1200 Z15.96
G1 F2400 E2906.37597
G1 F2100 X69.148 Y37.767 E2906.5426
G1 X69.4 Y37.951 E2906.56311
G1 X69.632 Y37.563 E2906.59282
G1 X69.788 Y37.516 E2906.60353
G1 X69.788 Y36.448 E2906.67373
G1 X64.009 Y36.449 E2907.05359
G1 X64.008 Y37.792 E2907.14187
G1 X64.201 Y37.821 E2907.15469
G1 X64.354 Y37.987 E2907.16953
G1 X64.556 Y37.808 E2907.18727
G1 X64.727 Y37.749 E2907.19916
G1 X66.271 Y37.761 E2907.30065
G0 F1890 X66.613 Y37.764
G0 F11700 X66.713 Y37.764
G1 F2400 E2900.80065
G1 F1200 Z16.56
G0 F11700 X70.113 Y37.998
G1 F1200 Z15.96
G1 F2400 E2907.51685
G1 F6237.6 X70.079 Y38.637 E2907.53101
G1 F4754.7 X70.044 Y39.276 E2907.54958
G1 F3829.8 X70.01 Y39.915 E2907.57265
G1 F3214.3 X69.976 Y40.554 E2907.60013
G1 F2400 E2901.10013
G1 F1200 Z16.56
G0 F11700 X70.098 Y53.029
G1 F1200 Z15.96
G1 F2400 E2907.81632
G1 F5294.1 X70.055 Y53.054 E2907.81762
G1 X70.054 Y53.004 E2907.81892
G1 X70.098 Y53.029 E2907.82024
G1 F2400 E2901.32024
G1 F1200 Z16.56
G0 F11700 X68.947 Y55.416
;TYPE:WALL-INNER
G1 F1200 Z15.96
G1 F2400 E2908.03643
G1 F4433.1 X67.519 Y55.416 E2908.11445
G1 F5130.2 X66.14 Y55.352 E2908.17962
G1 F6141.2 X64.977 Y55.349 E2908.22549
G1 F2400 E2901.72549
G1 F1200 Z16.56
G0 F11700 X67.499 Y55.852
;TYPE:WALL-OUTER
G1 F1200 Z15.96
G1 F2400 E2908.44168
G1 F2100 X69.36 Y55.851 E2908.564
G1 X69.386 Y55.351 E2908.59691
G1 X69.325 Y54.864 E2908.62917
G1 X69.044 Y54.98 E2908.64915
G1 X64.756 Y54.98 E2908.931
G1 X64.657 Y54.94 E2908.93802
G1 X64.558 Y55.716 E2908.98944
G1 X66.106 Y55.721 E2909.09119
G1 X67.159 Y55.82 E2909.16071
G0 F1890 X67.499 Y55.852
G0 F11700 X67.599 Y55.852
G1 F2400 E2902.66071
G1 F1200 Z16.56
;MESH:guia de montagem rolamento Y.stl
G0 F11700 X78.198 Y53.029
G1 F1200 Z15.96
G1 F2400 E2909.3769
G1 F5294.1 X78.155 Y53.054 E2909.3782
G1 X78.154 Y53.004 E2909.37951
G1 X78.198 Y53.029 E2909.38082
G1 F2400 E2902.88082
G1 F1200 Z16.56
G0 F11700 X77.047 Y55.416
;TYPE:WALL-INNER
G1 F1200 Z15.96
G1 F2400 E2909.59702
G1 F4433.1 X75.619 Y55.416 E2909.67503
G1 F5130.2 X74.24 Y55.352 E2909.7402
G1 F6141.2 X73.077 Y55.349 E2909.78607
G1 F2400 E2903.28607
G1 F1200 Z16.56
G0 F11700 X75.599 Y55.852
;TYPE:WALL-OUTER
G1 F1200 Z15.96
G1 F2400 E2910.00226
G1 F2100 X77.46 Y55.851 E2910.12459
G1 X77.486 Y55.351 E2910.1575
G1 X77.425 Y54.864 E2910.18976
G1 X77.144 Y54.98 E2910.20974
G1 X72.856 Y54.98 E2910.49159
G1 X72.757 Y54.94 E2910.49861
G1 X72.658 Y55.716 E2910.55003
G1 X74.206 Y55.721 E2910.65178
G1 X75.259 Y55.82 E2910.7213
G0 F1890 X75.599 Y55.852
G0 F11700 X75.699 Y55.852
G1 F2400 E2904.2213
G1 F1200 Z16.56
G0 F11700 X72.783 Y37.325
;TYPE:WALL-INNER
G1 F1200 Z15.96
G1 F2400 E2910.93749
G1 F4578.9 X77.246 Y37.34 E2911.17356
G1 F4539.1 X77.348 Y37.364 E2911.17915
G1 X77.458 Y37.263 E2911.18712
G1 X77.458 Y36.878 E2911.20766
G1 F4578.9 X72.535 Y36.875 E2911.46805
G1 F4619.5 X72.535 Y37.35 E2911.49296
G0 F3132 X72.535 Y37.411
G0 X72.783 Y37.325
G1 F2400 E2904.99296
G1 F1200 Z16.56
G0 F11700 X71.85 Y38.214
;TYPE:WALL-OUTER
G1 F1200 Z15.96
G1 F2400 E2911.70915
G1 F3738.9 X71.902 Y39.28 E2911.74855
G1 F3414.6 X71.884 Y39.947 E2911.77552
G1 F3579.5 X71.884 Y40.588 E2911.80024
G1 F2400 E2905.30024
G1 F1200 Z16.56
G0 F11700 X74.713 Y37.764
G1 F1200 Z15.96
G1 F2400 E2912.01643
G1 F2100 X77.248 Y37.767 E2912.18306
G1 X77.5 Y37.951 E2912.20357
G1 X77.732 Y37.563 E2912.23328
G1 X77.888 Y37.516 E2912.24399
G1 X77.888 Y36.448 E2912.31419
G1 X72.109 Y36.449 E2912.69405
G1 X72.108 Y37.792 E2912.78232
G1 X72.301 Y37.821 E2912.79515
G1 X72.454 Y37.987 E2912.80999
G1 X72.656 Y37.808 E2912.82773
G1 X72.827 Y37.749 E2912.83962
G1 X74.371 Y37.761 E2912.94111
G0 F1890 X74.713 Y37.764
G0 F11700 X74.813 Y37.764
G1 F2400 E2906.44111
G1 F1200 Z16.56
G0 F11700 X78.213 Y37.998
G1 F1200 Z15.96
G1 F2400 E2913.1573
G1 F6237.6 X78.179 Y38.637 E2913.17146
G1 F4754.7 X78.144 Y39.276 E2913.19004
G1 F3829.8 X78.11 Y39.915 E2913.21311
G1 F3214.3 X78.076 Y40.554 E2913.24059
;TIME_ELAPSED:1505.785824
G1 F2400 E2906.74059
M140 S0
M107
M104 S0                     ;extruder heater off
M140 S0                     ;heated bed heater off (if you have it)
G91                                    ;relative positioning
G1 E-1 F300                            ;retract the filament a bit before lifting the nozzle, to release some of the pressure
G1 Z+0.5 E-5 X-20 Y-20 F195 ;move Z up a bit and retract filament even more
G28 X0 Y0                              ;move X/Y to min endstops, so the head is out of the way
M84                         ;steppers off
G90                         ;absolute positioning
M82 ;absolute extrusion mode
M104 S0
;End of Gcode
;SETTING_3 {"global_quality": "[general]\\nversion = 4\\nname = IMPRESSORA petg 
;SETTING_3 B04 L03 W06_014\\ndefinition = printrbot_simple\\n\\n[metadata]\\ntyp
;SETTING_3 e = quality_changes\\nquality_type = fast\\nsetting_version = 26\\n\\
;SETTING_3 n[values]\\nacceleration_enabled = False\\nadaptive_layer_height_enab
;SETTING_3 led = True\\nadaptive_layer_height_variation = 0.01\\nadaptive_layer_
;SETTING_3 height_variation_step = 0.05\\nadhesion_type = brim\\nalternate_carve
;SETTING_3 _order = False\\nbridge_settings_enabled = False\\ncarve_multiple_vol
;SETTING_3 umes = False\\ndefault_material_bed_temperature = 0\\nlayer_height = 
;SETTING_3 0.3\\nlayer_height_0 = 0.15\\nmaterial_bed_temperature = 60\\nmateria
;SETTING_3 l_bed_temperature_layer_0 = 60\\nremove_empty_first_layers = False\\n
;SETTING_3 retraction_combing = infill\\nspeed_slowdown_layers = 2\\nsupport_ena
;SETTING_3 ble = True\\ntravel_retract_before_outer_wall = True\\n\\n", "extrude
;SETTING_3 r_quality": ["[general]\\nversion = 4\\nname = IMPRESSORA petg B04 L0
;SETTING_3 3 W06_014\\ndefinition = printrbot_simple\\n\\n[metadata]\\ntype = qu
;SETTING_3 ality_changes\\nquality_type = fast\\nintent_category = default\\npos
;SETTING_3 ition = 0\\nsetting_version = 26\\n\\n[values]\\nacceleration_infill 
;SETTING_3 = 1500\\nacceleration_layer_0 = 1000\\nacceleration_wall = 800\\nalte
;SETTING_3 rnate_extra_perimeter = True\\nbottom_layers = 4\\nbrim_line_count = 
;SETTING_3 10\\nbrim_replaces_support = False\\ncoasting_enable = True\\ncoastin
;SETTING_3 g_volume = 0.054\\ncool_fan_full_layer = 10\\ncool_fan_speed_0 = 0\\n
;SETTING_3 default_material_print_temperature = 230\\ngradual_infill_step_height
;SETTING_3  = 10\\ngradual_infill_steps = 0\\ngradual_support_infill_step_height
;SETTING_3  = 10\\ngradual_support_infill_steps = 1\\ninfill_before_walls = Fals
;SETTING_3 e\\ninfill_line_width = 0.6\\ninfill_material_flow = 90\\ninfill_over
;SETTING_3 lap = 20\\ninfill_pattern = grid\\ninfill_sparse_density = 25\\ninfil
;SETTING_3 l_wall_line_count = 0\\ninitial_layer_line_width_factor = 100\\nironi
;SETTING_3 ng_enabled = False\\nironing_flow = 3\\nironing_inset = =(0.6) + iron
;SETTING_3 ing_line_spacing - skin_line_width * (1.0 + ironing_flow / 100) / 2\\
;SETTING_3 nironing_only_highest_layer = True\\nironing_pattern = concentric\\nl
;SETTING_3 ine_width = 0.6\\nmaterial_diameter = 1.75\\nmaterial_final_print_tem
;SETTING_3 perature = 245.0\\nmaterial_flow = 88\\nmaterial_flow_layer_0 = 110\\
;SETTING_3 nmaterial_initial_print_temperature = 245.0\\nmaterial_print_temperat
;SETTING_3 ure = 245.0\\nmaterial_print_temperature_layer_0 = 245.0\\nmeshfix_un
;SETTING_3 ion_all_remove_holes = False\\nmultiple_mesh_overlap = 1\\nraft_margi
;SETTING_3 n = 4\\nretract_at_layer_change = True\\nretraction_amount = 6.5\\nre
;SETTING_3 traction_extra_prime_amount = 0.52\\nretraction_hop = 0.6\\nretractio
;SETTING_3 n_hop_enabled = True\\nretraction_min_travel = =line_width * 2\\nretr
;SETTING_3 action_prime_speed = 40\\nretraction_speed = 40\\nroofing_layer_count
;SETTING_3  = 1\\nroofing_material_flow = 100\\nskin_line_width = 0.6\\nskin_mat
;SETTING_3 erial_flow = 90\\nskin_no_small_gaps_heuristic = False\\nskin_outline
;SETTING_3 _count = 0\\nskin_overlap = 15\\nskirt_brim_line_width = 0.6\\nskirt_
;SETTING_3 brim_material_flow = 100\\nskirt_brim_speed = 50\\nspeed_infill = 65\
;SETTING_3 \nspeed_ironing = 25\\nspeed_layer_0 = 20\\nspeed_print = 45\\nspeed_
;SETTING_3 print_layer_0 = 20\\nspeed_roofing = 40\\nspeed_support = 45\\nspeed_
;SETTING_3 topbottom = 39\\nspeed_travel = 195\\nspeed_travel_layer_0 = 85\\nspe
;SETTING_3 ed_wall_0 = 35\\nspeed_wall_x = 58\\nspeed_z_hop = 20\\nsub_div_rad_a
;SETTING_3 dd = =wall_line_width_x\\nsupport_angle = 60\\nsupport_bottom_density
;SETTING_3  = 15\\nsupport_brim_enable = True\\nsupport_infill_rate = 20\\nsuppo
;SETTING_3 rt_initial_layer_line_distance = 1\\nsupport_interface_enable = False
;SETTING_3 \\nsupport_interface_pattern = zigzag\\nsupport_line_width = 0.4\\nsu
;SETTING_3 pport_roof_density = 15\\nsupport_tower_roof_angle = 75\\nsupport_xy_
;SETTING_3 distance = 0.8\\nsupport_xy_distance_overhang = 0.4\\nsupport_z_dista
;SETTING_3 nce = 0.18\\nswitch_extruder_retraction_speeds = 40\\ntop_bottom_patt
;SETTING_3 ern = lines\\ntop_bottom_pattern_0 = zigzag\\ntop_bottom_thickness = 
;SETTING_3 1.2\\ntop_layers = 4\\nwall_0_inset = 0.1\\nwall_0_material_flow = 85
;SETTING_3 \\nwall_line_count = 2\\nwall_line_width = 0.8\\nwall_line_width_0 = 
;SETTING_3 0.6\\nwall_line_width_x = 0.6\\nwall_material_flow = 101.5\\nwall_x_m
;SETTING_3 aterial_flow = 90\\nz_seam_corner = z_seam_corner_none\\nzig_zaggify_
;SETTING_3 infill = True\\n\\n"]}
